date,ci,weather_dummy,wind,aqi,life_impact,is_holiday_near,is_holiday_mid,is_nonwork_weekend,is_holiday_day_or_window,is_bad_weather,is_aqi_high,test_fold_1,test_fold_2,test_fold_3,test_fold_4,test_fold_5,test_fold_6,test_fold_7,test_fold_8,test_fold_9,test_fold_10
2017-04-06,66.07644702112383,1,1,49,0,0,0,0,0,0,0,0,0,0,0,0,0,0,0,0,0
2017-04-07,61.27240536365781,1,1,43,0,0,0,0,0,0,0,0,0,0,0,0,0,0,0,0,0
2017-04-08,57.70568003694775,1,1,39,0,0,0,1,0,0,0,0,0,0,0,0,0,0,0,0,0
2017-04-09,61.21543917379915,2,4,30,1,0,0,1,0,1,0,0,0,0,0,0,0,0,0,0,0
2017-04-10,59.20493385929517,2,5,29,1,0,0,0,0,1,0,0,0,0,0,0,0,0,0,0,0
2017-04-11,68.70823147975268,2,1,30,0,0,0,0,0,1,0,0,0,0,0,0,0,0,0,0,0
2017-04-12,56.57796344464179,2,1,35,0,0,0,0,0,1,0,0,0,0,0,0,0,0,0,0,0
2017-04-13,55.08833771024529,1,1,52,0,0,0,0,0,0,0,0,0,0,0,0,0,0,0,0,0
2017-04-14,63.128326370601975,1,1,41,0,0,0,0,0,0,0,0,0,0,0,0,0,0,0,0,0
2017-04-15,54.33408396726038,1,1,41,0,0,0,1,0,0,0,0,0,0,0,0,0,0,0,0,0
2017-04-16,52.17354094322312,1,1,42,0,0,0,1,0,0,0,0,0,0,0,0,0,0,0,0,0
2017-04-17,64.61565206139032,1,1,58,0,0,0,0,0,0,0,0,0,0,0,0,0,0,0,0,0
2017-04-18,68.7153455673363,2,1,43,0,0,0,0,0,1,0,0,0,0,0,0,0,0,0,0,0
2017-04-19,74.25711275053469,2,1,27,0,0,0,0,0,1,0,0,0,0,0,0,0,0,0,0,0
2017-04-20,83.0347734459111,2,1,34,0,0,0,0,0,1,0,0,0,0,0,0,0,0,0,0,0
2017-04-21,74.69727685452209,1,1,38,0,0,0,0,0,0,0,0,0,0,0,0,0,0,0,0,0
2017-04-22,80.5268703900893,2,1,53,0,0,0,1,0,1,0,0,0,0,0,0,0,0,0,0,0
2017-04-23,73.19090894459104,2,4,61,1,0,0,1,0,1,0,0,0,0,0,0,0,0,0,0,0
2017-04-24,63.94211379300264,2,1,56,0,0,0,0,0,1,0,0,0,0,0,0,0,0,0,0,0
2017-04-25,64.36799623415587,2,1,55,0,0,0,0,0,1,0,0,0,0,0,0,0,0,0,0,0
2017-04-26,63.93494621622924,1,1,42,0,0,0,0,0,0,0,0,0,0,0,0,0,0,0,0,0
2017-04-27,65.43414654938687,1,1,42,0,0,0,0,0,0,0,0,0,0,0,0,0,0,0,0,0
2017-04-28,66.58336587201305,1,1,62,0,0,0,0,0,0,0,0,0,0,0,0,0,0,0,0,0
2017-04-29,60.40159826220868,1,1,59,0,0,0,1,0,0,0,0,0,0,0,0,0,0,0,0,0
2017-04-30,61.42474311679926,1,1,39,0,1,0,0,1,0,0,0,0,0,0,0,0,0,0,0,0
2017-05-01,61.24630254612131,1,1,50,0,1,0,0,1,0,0,0,0,0,0,0,0,0,0,0,0
2017-05-02,67.60651072660363,1,1,41,0,0,0,0,0,0,0,0,0,0,0,0,0,0,0,0,0
2017-05-03,75.36354056927964,1,1,32,0,0,0,0,0,0,0,0,0,0,0,0,0,0,0,0,0
2017-05-04,71.59435793968125,2,1,31,0,0,0,0,0,1,0,0,0,0,0,0,0,0,0,0,0
2017-05-05,63.35677951112435,2,1,72,0,0,0,0,0,1,0,0,0,0,0,0,0,0,0,0,0
2017-05-06,60.76800051313592,2,1,81,0,0,0,1,0,1,0,0,0,0,0,0,0,0,0,0,0
2017-05-07,48.918551721189786,2,1,41,0,0,0,1,0,1,0,0,0,0,0,0,0,0,0,0,0
2017-05-08,44.97825656677907,2,1,42,0,0,0,0,0,1,0,0,0,0,0,0,0,0,0,0,0
2017-05-09,61.6221724174301,2,1,52,0,0,0,0,0,1,0,0,0,0,0,0,0,0,0,0,0
2017-05-10,67.80864709283034,2,1,93,0,0,0,0,0,1,0,0,0,0,0,0,0,0,0,0,0
2017-05-11,68.96990152539519,1,1,49,0,0,0,0,0,0,0,0,0,0,0,0,0,0,0,0,0
2017-05-12,69.26494894372716,2,1,43,0,0,0,0,0,1,0,0,0,0,0,0,0,0,0,0,0
2017-05-13,64.83672366838013,2,1,49,0,0,0,1,0,1,0,0,0,0,0,0,0,0,0,0,0
2017-05-14,76.69114697187112,2,1,46,0,0,0,1,0,1,0,0,0,0,0,0,0,0,0,0,0
2017-05-15,70.87096756901852,2,1,28,0,0,0,0,0,1,0,0,0,0,0,0,0,0,0,0,0
2017-05-16,64.45379319867752,1,1,26,0,0,0,0,0,0,0,0,0,0,0,0,0,0,0,0,0
2017-05-17,65.50539440360255,1,1,51,0,0,0,0,0,0,0,0,0,0,0,0,0,0,0,0,0
2017-05-18,63.37822875225477,2,1,44,0,0,0,0,0,1,0,0,0,0,0,0,0,0,0,0,0
2017-05-19,72.66510834212855,2,1,43,0,0,0,0,0,1,0,0,0,0,0,0,0,0,0,0,0
2017-05-20,66.55710258690716,2,1,36,0,0,0,1,0,1,0,0,0,0,0,0,0,0,0,0,0
2017-05-21,65.5102619367678,2,5,31,1,0,0,1,0,1,0,0,0,0,0,0,0,0,0,0,0
2017-05-22,61.92925494570074,2,1,29,0,0,0,0,0,1,0,0,0,0,0,0,0,0,0,0,0
2017-05-23,59.4950602552721,2,1,30,0,0,0,0,0,1,0,0,0,0,0,0,0,0,0,0,0
2017-05-24,57.53906061944928,2,1,33,0,0,0,0,0,1,0,0,0,0,0,0,0,0,0,0,0
2017-05-25,58.69796151921617,1,1,38,0,0,0,0,0,0,0,0,0,0,0,0,0,0,0,0,0
2017-06-07,61.43201767195225,1,1,54,0,0,0,0,0,0,0,0,0,0,0,0,0,0,0,0,0
2017-06-08,65.87431065489712,1,1,54,0,0,0,0,0,0,0,0,0,0,0,0,0,0,0,0,0
2017-06-09,62.8286253758639,1,1,66,0,0,0,0,0,0,0,0,0,0,0,0,0,0,0,0,0
2017-06-10,63.21412333512362,1,1,50,0,0,0,1,0,0,0,0,0,0,0,0,0,0,0,0,0
2017-06-11,56.20434012775135,1,1,37,0,0,0,1,0,0,0,0,0,0,0,0,0,0,0,0,0
2017-06-12,41.60655351871213,2,1,33,0,0,0,0,0,1,0,0,0,0,0,0,0,0,0,0,0
2017-06-13,59.43317304305838,2,5,26,1,0,0,0,0,1,0,0,0,0,0,0,0,0,0,0,0
2017-06-14,64.08487694738298,2,1,35,0,0,0,0,0,1,0,0,0,0,0,0,0,0,0,0,0
2017-06-15,57.52969997744732,2,1,37,0,0,0,0,0,1,0,0,0,0,0,0,0,0,0,0,0
2017-06-16,52.90645242345718,2,1,33,0,0,0,0,0,1,0,0,0,0,0,0,0,0,0,0,0
2017-06-17,64.52022700891774,2,1,29,0,0,0,1,0,1,0,0,0,0,0,0,0,0,0,0,0
2017-06-18,62.31929950298696,2,4,22,1,0,0,1,0,1,0,0,0,0,0,0,0,0,0,0,0
2017-06-19,60.35153220317444,2,1,24,0,0,0,0,0,1,0,0,0,0,0,0,0,0,0,0,0
2017-06-20,57.81506581863858,2,2,28,1,0,0,0,0,1,0,0,0,0,0,0,0,0,0,0,0
2017-06-21,60.822720148576224,1,1,30,0,0,0,0,0,0,0,0,0,0,0,0,0,0,0,0,0
2017-06-22,57.0704936527944,2,1,19,0,0,0,0,0,1,0,0,0,0,0,0,0,0,0,0,0
2017-06-23,65.10577524755521,2,1,18,0,0,0,0,0,1,0,0,0,0,0,0,0,0,0,0,0
2017-06-24,52.482923515101895,2,1,19,0,0,0,1,0,1,0,0,0,0,0,0,0,0,0,0,0
2017-06-25,41.247318844558286,2,4,22,1,0,0,1,0,1,0,0,0,0,0,0,0,0,0,0,0
2017-06-26,46.25841789060608,1,1,22,0,0,0,0,0,0,0,0,0,0,0,0,0,0,0,0,0
2017-06-27,52.47821644950604,2,1,20,0,0,0,0,0,1,0,0,0,0,0,0,0,0,0,0,0
2017-06-28,50.60560675621713,1,1,20,0,0,0,0,0,0,0,0,0,0,0,0,0,0,0,0,0
2017-06-29,51.78574294035525,2,1,20,0,0,0,0,0,1,0,0,0,0,0,0,0,0,0,0,0
2017-06-30,63.42824132209919,1,1,29,0,0,0,0,0,0,0,0,0,0,0,0,0,0,0,0,0
2017-07-01,51.278931067845626,1,1,17,0,0,0,1,0,0,0,0,0,0,0,0,0,0,0,0,0
2017-07-02,58.883462688287935,2,1,22,0,0,0,1,0,1,0,0,0,0,0,0,0,0,0,0,0
2017-07-03,61.93620856571496,2,1,21,0,0,0,0,0,1,0,0,0,0,0,0,0,0,0,0,0
2017-07-04,63.12591934861423,2,1,19,0,0,0,0,0,1,0,0,0,0,0,0,0,0,0,0,0
2017-07-05,63.028408209292685,2,1,20,0,0,0,0,0,1,0,0,0,0,0,0,0,0,0,0,0
2017-07-06,63.47327938039879,2,1,17,0,0,0,0,0,1,0,0,0,0,0,0,0,0,0,0,0
2017-07-07,66.50243644065664,2,1,18,0,0,0,0,0,1,0,0,0,0,0,0,0,0,0,0,0
2017-07-08,58.91914010458558,2,1,20,0,0,0,1,0,1,0,0,0,0,0,0,0,0,0,0,0
2017-07-09,60.08515509193607,2,2,22,0,0,0,1,0,1,0,0,0,0,0,0,0,0,0,0,0
2017-07-10,59.10250169761857,2,2,21,0,0,0,0,0,1,0,0,0,0,0,0,0,0,0,0,0
2017-07-11,55.00746176807868,2,1,20,0,0,0,0,0,1,0,0,0,0,0,0,0,0,0,0,0
2017-07-12,66.42621407489612,2,1,21,0,0,0,0,0,1,0,0,0,0,0,0,0,0,0,0,0
2017-07-13,67.28996057795145,2,1,21,0,0,0,0,0,1,0,0,0,0,0,0,0,0,0,0,0
2017-07-14,60.98693254408696,2,1,17,0,0,0,0,0,1,0,0,0,0,0,0,0,0,0,0,0
2017-07-15,57.95793595139849,2,1,16,0,0,0,1,0,1,0,0,0,0,0,0,0,0,0,0,0
2017-07-16,69.76930030505926,2,4,16,1,0,0,1,0,1,0,0,0,0,0,0,0,0,0,0,0
2017-08-07,66.98319898481957,2,1,28,0,0,0,0,0,1,0,0,0,0,0,0,0,0,0,0,0
2017-08-08,59.96630168986369,2,1,22,0,0,0,0,0,1,0,0,0,0,0,0,0,0,0,0,0
2017-08-09,62.50036105241181,2,1,24,0,0,0,0,0,1,0,0,0,0,0,0,0,0,0,0,0
2017-08-10,58.64329537296565,2,1,28,0,0,0,0,0,1,0,0,0,0,0,0,0,0,0,0,0
2017-08-11,66.96891732046255,1,1,31,0,0,0,0,0,0,0,0,0,0,0,0,0,0,0,0,0
2017-08-12,63.661508506597045,1,1,28,0,0,0,1,0,0,0,0,0,0,0,0,0,0,0,0,0
2017-08-13,57.5154718022801,1,1,24,0,0,0,1,0,0,0,0,0,0,0,0,0,0,0,0,0
2017-08-14,51.07198065764344,1,3,24,1,0,0,0,0,0,0,0,0,0,0,0,0,0,0,0,0
2017-08-15,64.0089220275714,2,1,20,0,0,0,0,0,1,0,0,0,0,0,0,0,0,0,0,0
2017-08-16,60.703813257314046,1,1,23,0,0,0,0,0,0,0,0,0,0,0,0,0,0,0,0,0
2017-08-17,62.56214128624594,1,1,26,0,0,0,0,0,0,0,0,0,0,0,0,0,0,0,0,0
2017-08-18,56.30420479987084,1,1,34,0,0,0,0,0,0,0,0,0,0,0,0,0,0,0,0,0
2017-08-19,57.81752632981612,1,1,29,0,0,0,1,0,0,0,0,0,0,0,0,0,0,0,0,0
2017-08-20,51.85945130574846,1,1,37,0,0,0,1,0,0,0,0,0,0,0,0,0,0,0,0,0
2017-08-21,58.31246355995645,2,1,63,0,0,0,0,0,1,0,0,0,0,0,0,0,0,0,0,0
2017-08-22,56.380320187251776,2,1,67,0,0,0,0,0,1,0,0,0,0,0,0,0,0,0,0,0
2017-08-23,68.57744994764407,2,6,36,1,0,0,0,0,1,0,0,0,0,0,0,0,0,0,0,0
2017-08-24,65.5030943599944,2,4,25,1,0,0,0,0,1,0,0,0,0,0,0,0,0,0,0,0
2017-08-25,63.37100768629157,2,1,28,0,0,0,0,0,1,0,0,0,0,0,0,0,0,0,0,0
2017-08-26,70.59266232622107,2,1,29,0,0,0,1,0,1,0,0,0,0,0,0,0,0,0,0,0
2017-08-27,77.72391991593548,2,6,20,1,0,0,1,0,1,0,0,0,0,0,0,0,0,0,0,0
2017-08-28,76.12239439795798,2,1,17,0,0,0,0,0,1,0,0,0,0,0,0,0,0,0,0,0
2017-08-29,63.94687434778832,1,1,39,0,0,0,0,0,0,0,0,0,0,0,0,0,0,0,0,0
2017-08-30,67.88722299138881,2,1,80,0,0,0,0,0,1,0,0,0,0,0,0,0,0,0,0,0
2017-08-31,70.54259626718684,2,1,55,0,0,0,0,0,1,0,0,0,0,0,0,0,0,0,0,0
2017-09-01,61.24630254612131,2,1,56,0,0,0,0,0,1,0,0,0,0,0,0,0,0,0,0,0
2017-09-02,67.60651072660363,2,1,58,0,0,0,1,0,1,0,0,0,0,0,0,0,0,0,0,0
2017-09-03,75.36354056927964,2,5,57,1,0,0,1,0,1,0,0,0,0,0,0,0,0,0,0,0
2017-09-04,72.12497258611923,2,1,28,0,0,0,0,0,1,0,0,0,0,0,0,0,0,0,0,0
2017-09-05,65.2864623726515,2,1,27,0,0,0,0,0,1,0,0,0,0,0,0,0,0,0,0,0
2017-09-06,66.49997592947912,2,1,37,0,0,0,0,0,1,0,0,0,0,0,0,0,0,0,0,0
2017-09-07,56.02573908950402,2,1,31,0,0,0,0,0,1,0,0,0,0,0,0,0,0,0,0,0
2017-09-08,63.63749177590952,2,1,27,0,0,0,0,0,1,0,0,0,0,0,0,0,0,0,0,0
2017-09-09,38.15397452847858,2,1,25,0,0,0,1,0,1,0,0,0,0,0,0,0,0,0,0,0
2017-09-10,61.619711906252576,2,1,25,0,0,0,1,0,1,0,0,0,0,0,0,0,0,0,0,0
2017-09-11,46.12025482344205,1,1,35,0,0,0,0,0,0,0,0,0,0,0,0,0,0,0,0,0
2017-09-12,50.48407888620804,2,1,50,0,0,0,0,0,1,0,0,0,0,0,0,0,0,0,0,0
2017-09-13,52.475648959948906,1,1,42,0,0,0,0,0,0,0,0,0,0,0,0,0,0,0,0,0
2017-09-14,48.55674955747882,2,1,46,0,0,0,0,0,1,0,0,0,0,0,0,0,0,0,0,0
2017-09-15,48.65666771878811,1,1,53,0,0,0,0,0,0,0,0,0,0,0,0,0,0,0,0,0
2017-09-16,48.62575085727615,1,1,73,0,0,0,1,0,0,0,0,0,0,0,0,0,0,0,0,0
2017-09-17,59.17845661743013,1,1,86,0,0,0,1,0,0,0,0,0,0,0,0,0,0,0,0,0
2017-09-18,67.12328767126318,1,1,69,0,0,0,0,0,0,0,0,0,0,0,0,0,0,0,0,0
2017-09-19,54.90502960640207,2,1,47,0,0,0,0,0,1,0,0,0,0,0,0,0,0,0,0,0
2017-09-20,61.73867228670454,2,1,46,0,0,0,0,0,1,0,0,0,0,0,0,0,0,0,0,0
2017-09-21,62.642856760843166,2,1,41,0,0,0,0,0,1,0,0,0,0,0,0,0,0,0,0,0
2017-09-22,56.25654576282434,2,1,33,0,0,0,0,0,1,0,0,0,0,0,0,0,0,0,0,0
2017-09-23,73.19090894459104,2,1,30,0,0,0,1,0,1,0,0,0,0,0,0,0,0,0,0,0
2017-09-24,63.94211379300264,2,4,28,1,0,0,1,0,1,0,0,0,0,0,0,0,0,0,0,0
2017-09-25,64.36799623415587,1,1,18,0,0,0,0,0,0,0,0,0,0,0,0,0,0,0,0,0
2017-09-26,63.93494621622924,1,1,23,0,0,0,0,0,0,0,0,0,0,0,0,0,0,0,0,0
2017-09-27,65.45318876852956,1,1,67,0,0,0,0,0,0,0,0,0,0,0,0,0,0,0,0,0
2017-09-28,66.58336587201305,1,1,45,0,0,0,0,0,0,0,0,0,0,0,0,0,0,0,0,0
2017-09-29,59.30945210782076,2,1,21,0,0,0,0,0,1,0,0,0,0,0,0,0,0,0,0,0
2017-09-30,57.42962134856866,2,1,36,0,1,0,0,1,1,0,0,0,0,0,0,0,0,0,0,0
2017-10-01,48.65196065319224,2,1,29,0,1,0,0,1,1,0,0,0,0,0,0,0,0,0,0,0
2017-10-02,49.34908773874909,2,1,25,0,0,1,0,1,1,0,0,0,0,0,0,0,0,0,0,0
2017-10-03,51.6595080047503,1,1,25,0,0,1,0,1,0,0,0,0,0,0,0,0,0,0,0,0
2017-10-04,52.24960284141426,1,1,34,0,0,1,0,1,0,0,0,0,0,0,0,0,0,0,0,0
2017-10-05,49.689387172139845,2,1,37,0,0,1,0,1,1,0,0,0,0,0,0,0,0,0,0,0
2017-10-06,50.5078816601364,1,1,44,0,0,1,0,1,0,0,0,0,0,0,0,0,0,0,0,0
2017-10-07,51.05277797093139,1,1,46,0,0,1,0,1,0,0,0,0,0,0,0,0,0,0,0,0
2017-10-08,56.87761095019006,1,1,49,0,1,0,0,1,0,0,0,0,0,0,0,0,0,0,0,0
2017-10-09,47.48134557862546,1,1,42,0,0,0,0,0,0,0,0,0,0,0,0,0,0,0,0,0
2017-10-10,62.49549351924656,1,4,41,1,0,0,0,0,0,0,0,0,0,0,0,0,0,0,0,0
2017-10-11,58.94058934571599,1,1,38,0,0,0,0,0,0,0,0,0,0,0,0,0,0,0,0,0
2017-10-12,70.25953046960372,1,1,47,0,0,0,0,0,0,0,0,0,0,0,0,0,0,0,0,0
2017-10-13,52.402154551314894,1,1,45,0,0,0,0,0,0,0,0,0,0,0,0,0,0,0,0,0
2017-10-14,37.79725385469206,2,5,45,1,0,0,1,0,1,0,0,0,0,0,0,0,0,0,0,0
2017-10-15,29.32410819802917,2,6,24,1,0,0,1,0,1,0,0,0,0,0,0,0,0,0,0,0
2017-10-16,47.95959412242106,2,4,25,1,0,0,0,0,1,0,0,0,0,0,0,0,0,0,0,0
2017-10-17,40.92841516310817,1,1,28,0,0,0,0,0,0,0,0,0,0,0,0,0,0,0,0,0
2017-10-18,36.76202040097301,1,1,35,0,0,0,0,0,0,0,0,0,0,0,0,0,0,0,0,0
2017-10-19,25.42655105830991,1,1,32,0,0,0,0,0,0,0,0,0,0,0,0,0,0,0,0,0
2017-10-20,24.034596930804348,1,1,33,0,0,0,0,0,0,0,0,0,0,0,0,0,0,0,0,0
2017-10-21,29.357378592339067,1,1,38,0,0,0,1,0,0,0,0,0,0,0,0,0,0,0,0,0
2017-10-22,36.70965429833064,1,1,33,0,0,0,1,0,0,0,0,0,0,0,0,0,0,0,0,0
2017-10-23,48.14509529149282,1,1,53,0,0,0,0,0,0,0,0,0,0,0,0,0,0,0,0,0
2017-10-24,52.16155932247425,1,1,72,0,0,0,0,0,0,0,0,0,0,0,0,0,0,0,0,0
2017-10-25,53.49167972695589,1,1,84,0,0,0,0,0,0,0,0,0,0,0,0,0,0,0,0,0
2017-10-26,48.030895465826525,1,1,72,0,0,0,0,0,0,0,0,0,0,0,0,0,0,0,0,0
2017-10-27,52.437564521663546,1,1,70,0,0,0,0,0,0,0,0,0,0,0,0,0,0,0,0,0
2017-10-28,48.12605307235013,1,1,72,0,0,0,1,0,0,0,0,0,0,0,0,0,0,0,0,0
2017-10-29,29.983043866921065,1,1,78,0,0,0,1,0,0,0,0,0,0,0,0,0,0,0,0,0
2017-10-30,36.883334314222914,1,5,77,1,0,0,0,0,0,0,0,0,0,0,0,0,0,0,0,0
2017-10-31,46.1297224438236,1,1,64,0,0,0,0,0,0,0,0,0,0,0,0,0,0,0,0,0
2017-11-01,47.52643712611484,1,1,79,0,0,0,0,0,0,0,0,0,0,0,0,0,0,0,0,0
2017-11-02,52.79209213022151,1,1,69,0,0,0,0,0,0,0,0,0,0,0,0,0,0,0,0,0
2017-11-03,44.77344573261566,1,1,72,0,0,0,0,0,0,0,0,0,0,0,0,0,0,0,0,0
2017-11-04,34.73947997653039,2,5,69,1,0,0,1,0,1,0,0,0,0,0,0,0,0,0,0,0
2017-11-05,41.309099078392414,2,4,103,1,0,0,1,0,1,1,0,0,0,0,0,0,0,0,0,0
2017-11-06,53.156194337540605,2,1,77,0,0,0,0,0,1,0,0,0,0,0,0,0,0,0,0,0
2017-11-07,37.96836638102722,2,1,65,0,0,0,0,0,1,0,0,0,0,0,0,0,0,0,0,0
2017-11-08,38.24913213500219,1,1,46,0,0,0,0,0,0,0,0,0,0,0,0,0,0,0,0,0
2017-11-09,50.51499574772001,1,1,56,0,0,0,0,0,0,0,0,0,0,0,0,0,0,0,0,0
2017-11-10,48.6423860544311,1,1,66,0,0,0,0,0,0,0,0,0,0,0,0,0,0,0,0,0
2017-11-11,52.65408953062687,1,1,64,0,0,0,1,0,0,0,0,0,0,0,0,0,0,0,0,0
2017-11-12,51.62142356646493,2,4,68,1,0,0,1,0,1,0,0,0,0,0,0,0,0,0,0,0
2017-11-13,65.73138703294741,2,1,42,0,0,0,0,0,1,0,0,0,0,0,0,0,0,0,0,0
2017-11-14,55.894850577492974,1,1,33,0,0,0,0,0,0,0,0,0,0,0,0,0,0,0,0,0
2017-11-15,54.48385423084473,1,1,37,0,0,0,0,0,0,0,0,0,0,0,0,0,0,0,0,0
2017-11-16,58.66923772293278,1,1,44,0,0,0,0,0,0,0,0,0,0,0,0,0,0,0,0,0
2017-11-17,52.20199729355757,1,1,47,0,0,0,0,0,0,0,0,0,0,0,0,0,0,0,0,0
2017-11-18,42.67960396476757,2,4,51,1,0,0,1,0,1,0,0,0,0,0,0,0,0,0,0,0
2017-11-19,33.8853080722362,2,4,31,1,0,0,1,0,1,0,0,0,0,0,0,0,0,0,0,0
2017-11-20,25.033939011466583,1,1,33,0,0,0,0,0,0,0,0,0,0,0,0,0,0,0,0,0
2017-11-21,40.364530122360286,1,1,37,0,0,0,0,0,0,0,0,0,0,0,0,0,0,0,0,0
2017-11-22,24.37724989699303,1,1,39,0,0,0,0,0,0,0,0,0,0,0,0,0,0,0,0,0
2017-11-23,15.754173509176416,1,1,56,0,0,0,0,0,0,0,0,0,0,0,0,0,0,0,0,0
2017-11-24,19.39466069046947,1,1,57,0,0,0,0,0,0,0,0,0,0,0,0,0,0,0,0,0
2017-11-25,33.41176659403647,2,1,57,0,0,0,1,0,1,0,0,0,0,0,0,0,0,0,0,0
2017-11-26,29.221622547162763,1,1,50,0,0,0,1,0,0,0,0,0,0,0,0,0,0,0,0,0
2017-11-27,46.78881858028488,1,1,46,0,0,0,0,0,0,0,0,0,0,0,0,0,0,0,0,0
2017-11-28,57.60800843005681,1,1,64,0,0,0,0,0,0,0,0,0,0,0,0,0,0,0,0,0
2017-11-29,60.706006322542606,1,1,68,0,0,0,0,0,0,0,0,0,0,0,0,0,0,0,0,0
2017-11-30,53.44166715711146,1,1,57,0,0,0,0,0,0,0,0,0,0,0,0,0,0,0,0,0
2017-12-01,17.38645541957365,1,1,39,0,0,0,0,0,0,0,0,0,0,0,0,0,0,0,0,0
2017-12-02,38.065931009538566,1,1,44,0,0,0,1,0,0,0,0,0,0,0,0,0,0,0,0,0
2017-12-03,51.31926206054934,1,1,55,0,0,0,1,0,0,0,0,0,0,0,0,0,0,0,0,0
2017-12-04,36.3908041060703,1,1,61,0,0,0,0,0,0,0,0,0,0,0,0,0,0,0,0,0
2017-12-05,45.15418313708971,1,1,59,0,0,0,0,0,0,0,0,0,0,0,0,0,0,0,0,0
2017-12-22,56.2802950475629,1,1,70,0,0,0,0,0,0,0,0,0,0,0,0,0,0,0,0,0
2017-12-23,63.43519494211343,1,1,91,0,0,0,1,0,0,0,0,0,0,0,0,0,0,0,0,0
2017-12-24,40.71654373055094,1,4,101,1,0,0,1,0,0,1,0,0,0,0,0,0,0,0,0,0
2017-12-25,44.64972479737803,1,4,78,1,0,0,0,0,0,0,0,0,0,0,0,0,0,0,0,0
2017-12-26,55.24762908340097,1,1,92,0,0,0,0,0,0,0,0,0,0,0,0,0,0,0,0,0
2017-12-27,53.62486828257508,1,1,71,0,0,0,0,0,0,0,0,0,0,0,0,0,0,0,0,0
2017-12-28,57.976817702971786,1,1,70,0,0,0,0,0,0,0,0,0,0,0,0,0,0,0,0,0
2017-12-29,44.62592202344967,1,1,77,0,0,0,0,0,0,0,0,0,0,0,0,0,0,0,0,0
2017-12-30,37.74467379529051,1,1,56,0,0,0,1,0,0,0,0,0,0,0,0,0,0,0,0,0
2017-12-31,26.81839820743589,1,4,70,1,1,0,0,1,0,0,0,0,0,0,0,0,0,0,0,0
2018-01-01,55.8020465037673,1,1,97,0,1,0,0,1,0,0,0,0,0,0,0,0,0,0,0,0
2018-01-02,54.51001053757102,1,1,89,0,0,0,0,0,0,0,0,0,0,0,0,0,0,0,0,0
2018-01-03,53.772391991741074,2,1,58,0,0,0,0,0,1,0,0,0,0,0,0,0,0,0,0,0
2018-01-04,52.44467860924716,2,1,50,0,0,0,0,0,1,0,0,0,0,0,0,0,0,0,0,0
2018-01-05,48.70662679944276,2,1,51,0,0,0,0,0,1,0,0,0,0,0,0,0,0,0,0,0
2018-01-06,54.36248682840502,2,1,38,0,0,0,1,0,1,0,0,0,0,0,0,0,0,0,0,0
2018-01-07,49.86301369884232,2,5,19,1,0,0,1,0,1,0,0,0,0,0,0,0,0,0,0,0
2018-01-08,27.777302317014826,2,1,22,0,0,0,0,0,1,0,0,0,0,0,0,0,0,0,0,0
2018-01-09,16.08249132181829,2,4,52,1,0,0,0,0,1,0,0,0,0,0,0,0,0,0,0,0
2018-01-10,28.63864179808241,1,4,46,1,0,0,0,0,0,0,0,0,0,0,0,0,0,0,0,0
2018-01-11,34.12558236593807,1,1,38,0,0,0,0,0,0,0,0,0,0,0,0,0,0,0,0,0
2018-01-12,41.03539392281128,1,1,37,0,0,0,0,0,0,0,0,0,0,0,0,0,0,0,0,0
2018-01-13,50.864762801492304,1,1,52,0,0,0,1,0,0,0,0,0,0,0,0,0,0,0,0,0
2018-01-14,57.31772156651051,1,1,51,0,0,0,1,0,0,0,0,0,0,0,0,0,0,0,0,0
2018-01-15,55.999529293587926,1,1,62,0,0,0,0,0,0,0,0,0,0,0,0,0,0,0,0,0
2018-01-16,55.39515279256696,1,1,73,0,0,0,0,0,0,0,0,0,0,0,0,0,0,0,0,0
2018-01-17,62.3287671233685,1,1,130,0,0,0,0,0,0,1,0,0,0,0,0,0,0,0,0,0
2018-01-18,57.53424657547382,2,1,86,0,0,0,0,0,1,0,0,0,0,0,0,0,0,0,0,0
2018-01-19,61.929040988941566,1,1,76,0,0,0,0,0,0,0,0,0,0,0,0,0,0,0,0,0
2018-01-20,52.192476183986216,1,1,62,0,0,0,1,0,0,0,0,0,0,0,0,0,0,0,0,0
2018-01-21,48.554342535491095,1,4,73,1,0,0,1,0,0,0,0,0,0,0,0,0,0,0,0,0
2018-01-22,62.84510010544947,1,1,133,0,0,0,0,0,0,1,0,0,0,0,0,0,0,0,0,0
2018-01-23,52.29715490008117,1,1,95,0,0,0,0,0,0,0,0,0,0,0,0,0,0,0,0,0
2018-01-24,31.42019652029561,1,5,58,1,0,0,0,0,0,0,0,0,0,0,0,0,0,0,0,0
2018-01-25,46.27248559820392,1,1,43,0,0,0,0,0,0,0,0,0,0,0,0,0,0,0,0,0
2018-01-26,45.40162500756499,1,1,60,0,0,0,0,0,0,0,0,0,0,0,0,0,0,0,0,0
2018-01-27,45.58247260023067,2,5,56,1,0,0,1,0,1,0,0,0,0,0,0,0,0,0,0,0
2018-01-28,29.09314105713946,2,4,54,1,0,0,1,0,1,0,0,0,0,0,0,0,0,0,0,0
2018-01-29,28.18419602821516,2,1,24,0,0,0,0,0,1,0,0,0,0,0,0,0,0,0,0,0
2018-01-30,31.11803501438002,2,1,43,0,0,0,0,0,1,0,0,0,0,0,0,0,0,0,0,0
2018-01-31,37.283060448649856,2,4,28,1,0,0,0,0,1,0,0,0,0,0,0,0,0,0,0,0
2018-02-01,30.02824239279004,1,1,57,0,0,0,0,0,0,0,0,0,0,0,0,0,0,0,0,0
2018-02-02,22.578295079907534,1,4,63,1,0,0,0,0,0,0,0,0,0,0,0,0,0,0,0,0
2018-02-03,36.742924692640536,1,1,62,0,0,0,1,0,0,0,0,0,0,0,0,0,0,0,0,0
2018-02-04,49.86301369884232,1,4,75,1,0,0,1,0,0,0,0,0,0,0,0,0,0,0,0,0
2018-02-05,40.57378057617061,1,1,64,0,0,0,0,0,0,0,0,0,0,0,0,0,0,0,0,0
2018-02-06,49.37524404547538,1,1,54,0,0,0,0,0,0,0,0,0,0,0,0,0,0,0,0,0
2018-02-07,50.71247853754064,1,1,61,0,0,0,0,0,0,0,0,0,0,0,0,0,0,0,0,0
2018-02-08,51.15504966503861,1,1,56,0,0,0,0,0,0,0,0,0,0,0,0,0,0,0,0,0
2018-02-09,52.370916754664165,1,1,55,0,0,0,0,0,0,0,0,0,0,0,0,0,0,0,0,0
2018-02-10,42.01810080631856,1,1,77,0,0,0,1,0,0,0,0,0,0,0,0,0,0,0,0,0
2018-02-11,28.66249806120057,1,1,77,0,0,0,0,0,0,0,0,0,0,0,0,0,0,0,0,0
2018-02-12,36.6668093052596,1,1,61,0,0,0,0,0,0,0,0,0,0,0,0,0,0,0,0,0
2018-02-13,61.95995785045353,1,1,59,0,0,0,0,0,0,0,0,0,0,0,0,0,0,0,0,0
2018-02-14,60.04214963129565,1,1,55,0,1,0,0,1,0,0,0,0,0,0,0,0,0,0,0,0
2018-02-15,57.68177028463981,1,1,60,0,1,0,0,1,0,0,0,0,0,0,0,0,0,0,0,0
2018-03-03,53.336988441016494,1,1,50,0,0,0,1,0,0,0,0,0,0,0,0,0,0,0,0,0
2018-03-04,48.25694158436118,2,1,43,0,0,0,1,0,1,0,0,0,0,0,0,0,0,0,0,0
2018-03-05,58.22190604064913,2,1,32,0,0,0,0,0,1,0,0,0,0,0,0,0,0,0,0,0
2018-03-06,41.39708910814262,1,4,38,1,0,0,0,0,0,0,0,0,0,0,0,0,0,0,0,0
2018-03-07,44.480805336271416,2,1,35,0,0,0,0,0,1,0,0,0,0,0,0,0,0,0,0,0
2018-03-08,17.80051670754739,2,4,21,1,0,0,0,0,1,0,0,0,0,0,0,0,0,0,0,0
2018-03-09,16.322872593899753,1,1,31,0,0,0,0,0,0,0,0,0,0,0,0,0,0,0,0,0
2018-03-10,56.05900948381392,1,1,50,0,0,0,1,0,0,0,0,0,0,0,0,0,0,0,0,0
2018-03-11,45.24934074361333,1,1,46,0,0,0,1,0,0,0,0,0,0,0,0,0,0,0,0,0
2018-03-12,34.82757698466018,1,1,44,0,0,0,0,0,0,0,0,0,0,0,0,0,0,0,0,0
2018-03-13,50.10098794893605,2,1,45,0,0,0,0,0,1,0,0,0,0,0,0,0,0,0,0,0
2018-03-14,37.86133413213433,2,1,41,0,0,0,0,0,1,0,0,0,0,0,0,0,0,0,0,0
2018-03-15,31.141837788308376,2,1,53,0,0,0,0,0,1,0,0,0,0,0,0,0,0,0,0,0
2018-03-16,44.25957326171222,1,1,66,0,0,0,0,0,0,0,0,0,0,0,0,0,0,0,0,0
2018-03-17,40.76666327877495,1,4,44,1,0,0,1,0,0,0,0,0,0,0,0,0,0,0,0,0
2018-03-18,46.4011810449864,1,4,39,1,0,0,1,0,0,0,0,0,0,0,0,0,0,0,0,0
2018-03-19,37.23796890116047,2,1,49,0,0,0,0,0,1,0,0,0,0,0,0,0,0,0,0,0
2018-03-20,33.24300760049925,1,4,36,1,0,0,0,0,0,0,0,0,0,0,0,0,0,0,0,0
2018-03-21,44.093060822593344,1,1,33,0,0,0,0,0,0,0,0,0,0,0,0,0,0,0,0,0
2018-03-22,53.81288345201417,1,1,47,0,0,0,0,0,0,0,0,0,0,0,0,0,0,0,0,0
2018-03-23,56.2731809599793,1,1,55,0,0,0,0,0,0,0,0,0,0,0,0,0,0,0,0,0
2018-03-24,52.57080656647254,1,1,63,0,0,0,1,0,0,0,0,0,0,0,0,0,0,0,0,0
2018-03-25,57.707980080555885,1,1,56,0,0,0,1,0,0,0,0,0,0,0,0,0,0,0,0,0
2018-03-26,70.79485218163758,1,1,67,0,0,0,0,0,0,0,0,0,0,0,0,0,0,0,0,0
2018-03-27,53.58448380068157,1,1,69,0,0,0,0,0,0,0,0,0,0,0,0,0,0,0,0,0
2018-03-28,57.23454558073576,1,1,64,0,0,0,0,0,0,0,0,0,0,0,0,0,0,0,0,0
2018-03-29,57.707980080555885,1,1,55,0,0,0,0,0,0,0,0,0,0,0,0,0,0,0,0,0
2018-03-30,52.79449915220924,1,1,53,0,0,0,0,0,0,0,0,0,0,0,0,0,0,0,0,0
2018-03-31,53.15378731555288,1,1,38,0,0,0,1,0,0,0,0,0,0,0,0,0,0,0,0,0
2018-04-01,55.11925457175726,1,1,51,0,0,0,1,0,0,0,0,0,0,0,0,0,0,0,0,0
2018-04-02,63.01171952294794,1,1,62,0,0,0,0,0,0,0,0,0,0,0,0,0,0,0,0,0
2018-04-03,58.87864864431248,1,1,57,0,0,0,0,0,0,0,0,0,0,0,0,0,0,0,0,0
2018-04-04,40.04557295172037,1,1,48,0,1,0,0,1,0,0,0,0,0,0,0,0,0,0,0,0
2018-04-05,22.904312848941263,1,1,42,0,1,0,0,1,0,0,0,0,0,0,0,0,0,0,0,0
2018-04-06,31.622439864901917,2,5,44,1,0,1,0,1,1,0,0,0,0,0,0,0,0,0,0,0
2018-04-07,33.63786620176092,2,4,70,1,1,0,0,1,1,0,0,0,0,0,0,0,0,0,0,0
2018-04-08,39.772028263708606,1,1,79,0,0,0,0,0,0,0,0,0,0,0,0,0,0,0,0,0
2018-04-09,43.25065658228884,1,1,78,0,0,0,0,0,0,0,0,0,0,0,0,0,0,0,0,0
2018-04-10,58.01014158647149,1,1,54,0,0,0,0,0,0,0,0,0,0,0,0,0,0,0,0,0
2018-04-11,35.60322647958571,1,1,49,0,0,0,0,0,0,0,0,0,0,0,0,0,0,0,0,0
2018-04-12,29.873551106850652,1,1,42,0,0,0,0,0,0,0,0,0,0,0,0,0,0,0,0,0
2018-04-13,50.08429926259132,1,1,29,0,0,0,0,0,0,0,0,0,0,0,0,0,0,0,0,0
2018-04-14,40.05268703930397,2,1,28,0,0,0,1,0,1,0,0,0,0,0,0,0,0,0,0,0
2018-04-15,25.9570587263683,2,4,31,1,0,0,1,0,1,0,0,0,0,0,0,0,0,0,0,0
2018-04-16,16.73447337069597,2,1,36,0,0,0,0,0,1,0,0,0,0,0,0,0,0,0,0,0
2018-04-17,24.243900873804456,1,1,55,0,0,0,0,0,0,0,0,0,0,0,0,0,0,0,0,0
2018-04-18,23.87509160088948,1,1,60,0,0,0,0,0,0,0,0,0,0,0,0,0,0,0,0,0
2018-04-19,44.69968387803267,1,1,58,0,0,0,0,0,0,0,0,0,0,0,0,0,0,0,0,0
2018-04-20,52.38519841902117,2,5,53,1,0,0,0,0,1,0,0,0,0,0,0,0,0,0,0,0
2018-04-21,45.98695928944328,1,1,49,0,0,0,1,0,0,0,0,0,0,0,0,0,0,0,0,0
2018-04-22,57.091675447975845,2,1,47,0,0,0,1,0,1,0,0,0,0,0,0,0,0,0,0,0
2018-04-23,40.08601092280368,2,1,34,0,0,0,0,0,1,0,0,0,0,0,0,0,0,0,0,0
2018-04-24,36.66445577246167,2,1,39,0,0,0,0,0,1,0,0,0,0,0,0,0,0,0,0,0
2018-04-25,30.40186570968048,1,1,47,0,0,0,0,0,0,0,0,0,0,0,0,0,0,0,0,0
2018-04-26,43.66236433746465,2,1,57,0,0,0,0,0,1,0,0,0,0,0,0,0,0,0,0,0
2018-04-27,68.54407257343175,2,1,66,0,0,0,0,0,1,0,0,0,0,0,0,0,0,0,0,0
2018-04-28,77.57639620676949,1,1,56,0,1,0,0,1,0,0,0,0,0,0,0,0,0,0,0,0
2018-04-29,64.28974127073617,1,1,49,0,1,0,0,1,0,0,0,0,0,0,0,0,0,0,0,0
2018-04-30,58.42206329840647,1,1,45,0,0,1,0,1,0,0,0,0,0,0,0,0,0,0,0,0
2018-05-01,61.15125191797728,1,1,31,0,1,0,0,1,0,0,0,0,0,0,0,0,0,0,0,0
2018-05-02,40.22893454475337,1,1,34,0,0,0,0,0,0,0,0,0,0,0,0,0,0,0,0,0
2018-05-03,61.71759747142552,2,1,50,0,0,0,0,0,1,0,0,0,0,0,0,0,0,0,0,0
2018-05-04,74.10958903984586,2,4,40,1,0,0,0,0,1,0,0,0,0,0,0,0,0,0,0,0
2018-05-05,50.44626189387165,2,4,41,1,0,0,1,0,1,0,0,0,0,0,0,0,0,0,0,0
2018-05-06,58.16510031835984,2,1,32,0,0,0,1,0,1,0,0,0,0,0,0,0,0,0,0,0
2018-05-07,58.92176108333249,2,1,23,0,0,0,0,0,1,0,0,0,0,0,0,0,0,0,0,0
2018-05-08,66.0361695176099,2,1,32,0,0,0,0,0,1,0,0,0,0,0,0,0,0,0,0,0
2018-05-09,65.1106427822433,2,4,36,1,0,0,0,0,1,0,0,0,0,0,0,0,0,0,0,0
2018-05-10,60.38988408740877,2,4,45,1,0,0,0,0,1,0,0,0,0,0,0,0,0,0,0,0
2018-05-11,62.96202788824227,1,1,47,0,0,0,0,0,0,0,0,0,0,0,0,0,0,0,0,0
2018-05-12,67.39726027431614,1,1,41,0,0,0,1,0,0,0,0,0,0,0,0,0,0,0,0,0
2018-05-13,75.48009392622102,1,1,35,0,0,0,1,0,0,0,0,0,0,0,0,0,0,0,0,0
2018-05-14,65.53887875467164,1,1,31,0,0,0,0,0,0,0,0,0,0,0,0,0,0,0,0,0
2018-05-15,64.07321626177286,1,1,24,0,0,0,0,0,0,0,0,0,0,0,0,0,0,0,0,0
2018-05-16,67.9873551109801,1,1,26,0,0,0,0,0,0,0,0,0,0,0,0,0,0,0,0,0
2018-05-17,62.14342642186613,1,1,26,0,0,0,0,0,0,0,0,0,0,0,0,0,0,0,0,0
2018-05-18,38.57520339322571,1,1,30,0,0,0,0,0,0,0,0,0,0,0,0,0,0,0,0,0
2018-05-19,76.67932581869161,1,1,31,0,0,0,1,0,0,0,0,0,0,0,0,0,0,0,0,0
2018-05-20,68.22051531557554,1,1,28,0,0,0,1,0,0,0,0,0,0,0,0,0,0,0,0,0
2018-05-21,66.35978026465591,1,1,29,0,0,0,0,0,0,0,0,0,0,0,0,0,0,0,0,0
2018-05-22,54.222344652771625,1,1,28,0,0,0,0,0,0,0,0,0,0,0,0,0,0,0,0,0
2018-05-23,69.3553994846549,1,1,46,0,0,0,0,0,0,0,0,0,0,0,0,0,0,0,0,0
2018-05-24,26.597219622066493,1,1,35,0,0,0,0,0,0,0,0,0,0,0,0,0,0,0,0,0
2018-05-25,48.18093317535983,1,1,21,0,0,0,0,0,0,0,0,0,0,0,0,0,0,0,0,0
2018-05-26,59.87114408334007,1,1,24,0,0,0,1,0,0,0,0,0,0,0,0,0,0,0,0,0
2018-05-27,58.02233716397953,1,1,29,0,0,0,1,0,0,0,0,0,0,0,0,0,0,0,0,0
2018-05-28,53.96297465073727,1,1,69,0,0,0,0,0,0,0,0,0,0,0,0,0,0,0,0,0
2018-05-29,53.16587591468134,1,1,45,0,0,0,0,0,0,0,0,0,0,0,0,0,0,0,0,0
2018-05-30,60.18523372081474,1,1,32,0,0,0,0,0,0,0,0,0,0,0,0,0,0,0,0,0
2018-05-31,67.32349841973316,2,1,27,0,0,0,0,0,1,0,0,0,0,0,0,0,0,0,0,0
2018-06-01,68.2086406747291,2,1,35,0,0,0,0,0,1,0,0,0,0,0,0,0,0,0,0,0
2018-06-11,62.16016859892351,2,1,37,0,0,0,0,0,1,0,0,0,0,0,0,0,0,0,0,0
2018-06-12,67.39726027431614,1,1,42,0,0,0,0,0,0,0,0,0,0,0,0,0,0,0,0,0
2018-06-13,69.75763962097199,2,5,35,1,0,0,0,0,1,0,0,0,0,0,0,0,0,0,0,0
2018-06-14,63.47836087032322,2,1,24,0,0,0,0,0,1,0,0,0,0,0,0,0,0,0,0,0
2018-06-15,70.34773445763595,2,1,19,0,0,0,0,0,1,0,0,0,0,0,0,0,0,0,0,0
2018-06-16,59.11678336197559,2,1,20,0,0,0,1,0,1,0,0,0,0,0,0,0,0,0,0,0
2018-06-17,54.80762544546012,2,4,21,1,1,0,0,1,1,0,0,0,0,0,0,0,0,0,0,0
2018-06-18,41.74455611830678,2,1,29,0,1,0,0,1,1,0,0,0,0,0,0,0,0,0,0,0
2018-06-19,59.873551106850655,1,1,43,0,0,0,0,0,0,0,0,0,0,0,0,0,0,0,0,0
2018-06-20,60.75869336184658,2,1,70,0,0,0,0,0,1,0,0,0,0,0,0,0,0,0,0,0
2018-06-21,61.79135932600852,2,1,51,0,0,0,0,0,1,0,0,0,0,0,0,0,0,0,0,0
2018-06-22,60.37084186826609,2,1,39,0,0,0,0,0,1,0,0,0,0,0,0,0,0,0,0,0
2018-06-23,59.24285783001116,2,1,43,0,0,0,1,0,1,0,0,0,0,0,0,0,0,0,0,0
2018-06-24,53.8628960218586,2,1,39,0,0,0,1,0,1,0,0,0,0,0,0,0,0,0,0,0
2018-06-25,55.30015565361273,1,1,44,0,0,0,0,0,0,0,0,0,0,0,0,0,0,0,0,0
2018-06-26,47.89305333380125,2,1,49,0,0,0,0,0,1,0,0,0,0,0,0,0,0,0,0,0
2018-06-27,35.4819125663358,1,1,51,0,0,0,0,0,0,0,0,0,0,0,0,0,0,0,0,0
2018-06-28,36.074414424987495,2,1,36,0,0,0,0,0,1,0,0,0,0,0,0,0,0,0,0,0
2018-06-29,57.81281926422023,2,1,42,0,0,0,0,0,1,0,0,0,0,0,0,0,0,0,0,0
2018-06-30,69.82418040806894,2,1,41,0,0,0,1,0,1,0,0,0,0,0,0,0,0,0,0,0
2018-07-01,54.414959909427,2,1,37,0,0,0,1,0,1,0,0,0,0,0,0,0,0,0,0,0
2018-07-02,61.91491979215393,2,1,33,0,0,0,0,0,1,0,0,0,0,0,0,0,0,0,0,0
2018-07-18,1.2182741116132856,2,5,33,1,0,0,0,0,1,0,0,0,0,0,0,0,0,0,0,0
2018-07-19,0.6091370558066427,2,4,33,1,0,0,0,0,1,0,0,0,0,0,0,0,0,0,0,0
2018-07-20,10.743074463128622,1,1,31,0,0,0,0,0,0,0,0,0,0,0,0,0,0,0,0,0
2018-07-21,0.4568527918549821,1,1,42,0,0,0,1,0,0,0,0,0,0,0,0,0,0,0,0,0
2018-07-22,10.547945206105936,2,1,37,0,0,0,1,0,1,0,0,0,0,0,0,0,0,0,0,0
2018-07-23,65.2581664914093,2,1,37,0,0,0,0,0,1,0,0,0,0,0,0,0,0,0,0,0
2018-07-24,54.99574759327879,2,1,40,0,0,0,0,0,1,0,0,0,0,0,0,0,0,0,0,0
2018-07-25,53.36319823693258,1,1,41,0,0,0,0,0,0,0,0,0,0,0,0,0,0,0,0,0
2018-07-26,6.012794660245586,2,1,36,0,0,0,0,0,1,0,0,0,0,0,0,0,0,0,0,0
2018-07-27,1.0659898476616247,2,1,33,0,0,0,0,0,1,0,0,0,0,0,0,0,0,0,0,0
2018-07-28,1.3705583755649464,1,1,32,0,0,0,1,0,0,0,0,0,0,0,0,0,0,0,0,0
2018-07-29,0.7614213197583035,1,1,33,0,0,0,1,0,0,0,0,0,0,0,0,0,0,0,0,0
2018-07-30,62.27196140107922,2,1,35,0,0,0,0,0,1,0,0,0,0,0,0,0,0,0,0,0
2018-07-31,23.68006932224637,1,1,40,0,0,0,0,0,0,0,0,0,0,0,0,0,0,0,0,0
2018-08-01,3.9926612577906986,2,1,34,0,0,0,0,0,1,0,0,0,0,0,0,0,0,0,0,0
2018-08-02,2.13197969532325,2,1,34,0,0,0,0,0,1,0,0,0,0,0,0,0,0,0,0,0
2018-08-03,0.6091370558066427,2,1,37,0,0,0,0,0,1,0,0,0,0,0,0,0,0,0,0,0
2018-08-04,0.0,1,1,39,0,0,0,1,0,0,0,0,0,0,0,0,0,0,0,0,0
2018-08-05,0.7614213197583035,2,1,39,0,0,0,1,0,1,0,0,0,0,0,0,0,0,0,0,0
2018-08-06,1.3705583755649464,2,1,45,0,0,0,0,0,1,0,0,0,0,0,0,0,0,0,0,0
2018-08-07,0.7614213197583035,2,1,45,0,0,0,0,0,1,0,0,0,0,0,0,0,0,0,0,0
2018-08-08,1.2182741116132856,1,1,45,0,0,0,0,0,0,0,0,0,0,0,0,0,0,0,0,0
2018-08-09,0.7614213197583035,2,4,35,1,0,0,0,0,1,0,0,0,0,0,0,0,0,0,0,0
2018-08-10,0.913705583709964,2,1,28,0,0,0,0,0,1,0,0,0,0,0,0,0,0,0,0,0
2018-08-11,0.1522842639516605,2,1,28,0,0,0,1,0,1,0,0,0,0,0,0,0,0,0,0,0
2018-08-12,0.0,2,1,29,0,0,0,1,0,1,0,0,0,0,0,0,0,0,0,0,0
2018-08-13,0.913705583709964,2,6,32,1,0,0,0,0,1,0,0,0,0,0,0,0,0,0,0,0
2018-08-14,0.913705583709964,2,5,32,1,0,0,0,0,1,0,0,0,0,0,0,0,0,0,0,0
2018-08-15,0.0,2,1,35,0,0,0,0,0,1,0,0,0,0,0,0,0,0,0,0,0
2018-08-16,0.7614213197583035,2,1,32,0,0,0,0,0,1,0,0,0,0,0,0,0,0,0,0,0
2018-08-17,0.4568527918549821,2,1,31,0,0,0,0,0,1,0,0,0,0,0,0,0,0,0,0,0
2018-08-18,0.3045685279033213,2,1,47,0,0,0,1,0,1,0,0,0,0,0,0,0,0,0,0,0
2018-08-19,0.4568527918549821,2,1,41,0,0,0,1,0,1,0,0,0,0,0,0,0,0,0,0,0
2018-08-20,0.7614213197583035,2,1,58,0,0,0,0,0,1,0,0,0,0,0,0,0,0,0,0,0
2018-08-21,0.7614213197583035,2,1,56,0,0,0,0,0,1,0,0,0,0,0,0,0,0,0,0,0
2018-08-22,0.4568527918549821,2,1,61,0,0,0,0,0,1,0,0,0,0,0,0,0,0,0,0,0
2018-08-23,0.4568527918549821,2,1,58,0,0,0,0,0,1,0,0,0,0,0,0,0,0,0,0,0
2018-08-24,0.1522842639516605,2,1,76,0,0,0,0,0,1,0,0,0,0,0,0,0,0,0,0,0
2018-08-25,0.0,2,1,98,0,0,0,1,0,1,0,0,0,0,0,0,0,0,0,0,0
2018-08-26,0.0,2,1,69,0,0,0,1,0,1,0,0,0,0,0,0,0,0,0,0,0
2018-08-27,0.3045685279033213,2,1,58,0,0,0,0,0,1,0,0,0,0,0,0,0,0,0,0,0
2018-08-28,0.1522842639516605,2,1,32,0,0,0,0,0,1,0,0,0,0,0,0,0,0,0,0,0
2018-08-29,3.1979695429848745,2,1,31,0,0,0,0,0,1,0,0,0,0,0,0,0,0,0,0,0
2018-08-30,7.568961183261896,2,1,28,0,0,0,0,0,1,0,0,0,0,0,0,0,0,0,0,0
2018-08-31,2.893401015081553,2,1,35,0,0,0,0,0,1,0,0,0,0,0,0,0,0,0,0,0
2018-09-01,0.3045685279033213,2,1,41,0,0,0,1,0,1,0,0,0,0,0,0,0,0,0,0,0
2018-09-02,0.0,2,1,32,0,0,0,1,0,1,0,0,0,0,0,0,0,0,0,0,0
2018-09-03,2.4365482232265707,2,1,31,0,0,0,0,0,1,0,0,0,0,0,0,0,0,0,0,0
2018-09-04,0.913705583709964,2,1,38,0,0,0,0,0,1,0,0,0,0,0,0,0,0,0,0,0
2018-09-05,0.4568527918549821,2,1,45,0,0,0,0,0,1,0,0,0,0,0,0,0,0,0,0,0
2018-09-06,1.0659898476616247,1,1,45,0,0,0,0,0,0,0,0,0,0,0,0,0,0,0,0,0
2018-09-07,0.913705583709964,2,1,45,0,0,0,0,0,1,0,0,0,0,0,0,0,0,0,0,0
2018-09-08,0.913705583709964,2,1,46,0,0,0,1,0,1,0,0,0,0,0,0,0,0,0,0,0
2018-09-09,0.0,1,1,52,0,0,0,1,0,0,0,0,0,0,0,0,0,0,0,0,0
2018-09-10,2.2842639592749103,1,1,39,0,0,0,0,0,0,0,0,0,0,0,0,0,0,0,0,0
2018-09-11,1.0659898476616247,1,1,57,0,0,0,0,0,0,0,0,0,0,0,0,0,0,0,0,0
2018-09-12,0.7614213197583035,2,1,48,0,0,0,0,0,1,0,0,0,0,0,0,0,0,0,0,0
2018-09-13,1.979695431371589,2,1,31,0,0,0,0,0,1,0,0,0,0,0,0,0,0,0,0,0
2018-09-14,0.7614213197583035,1,1,46,0,0,0,0,0,0,0,0,0,0,0,0,0,0,0,0,0
2018-09-17,0.913705583709964,1,10,42,1,0,0,0,0,0,0,0,0,0,0,0,0,0,0,0,0
2018-09-18,2.4365482232265707,2,6,32,1,0,0,0,0,1,0,0,0,0,0,0,0,0,0,0,0
2018-09-19,1.3705583755649464,2,5,37,1,0,0,0,0,1,0,0,0,0,0,0,0,0,0,0,0
2018-09-20,1.6751269034682676,2,1,28,0,0,0,0,0,1,0,0,0,0,0,0,0,0,0,0,0
2018-09-21,2.4365482232265707,1,1,51,0,0,0,0,0,0,0,0,0,0,0,0,0,0,0,0,0
2018-09-22,0.3045685279033213,1,1,55,0,0,0,1,0,0,0,0,0,0,0,0,0,0,0,0,0
2018-09-23,0.0,1,1,37,0,1,0,0,1,0,0,0,0,0,0,0,0,0,0,0,0
2018-09-24,0.0,1,1,40,0,1,0,0,1,0,0,0,0,0,0,0,0,0,0,0,0
2018-09-25,0.913705583709964,1,1,30,0,0,0,0,0,0,0,0,0,0,0,0,0,0,0,0,0
2018-09-26,0.7614213197583035,2,1,37,0,0,0,0,0,1,0,0,0,0,0,0,0,0,0,0,0
2018-09-27,1.2182741116132856,2,1,49,0,0,0,0,0,1,0,0,0,0,0,0,0,0,0,0,0
2018-09-28,1.0659898476616247,1,1,50,0,0,0,0,0,0,0,0,0,0,0,0,0,0,0,0,0
2018-09-29,0.7614213197583035,1,1,48,0,0,0,0,0,0,0,0,0,0,0,0,0,0,0,0,0
2018-09-30,0.7614213197583035,1,1,58,0,1,0,0,1,0,0,0,0,0,0,0,0,0,0,0,0
2018-10-01,0.0,1,1,54,0,1,0,0,1,0,0,0,0,0,0,0,0,0,0,0,0
2018-10-02,0.0,1,1,55,0,0,1,0,1,0,0,0,0,0,0,0,0,0,0,0,0
2018-10-03,1.2182741116132856,1,1,60,0,0,1,0,1,0,0,0,0,0,0,0,0,0,0,0,0
2018-10-04,42.02061480668588,1,1,60,0,0,1,0,1,0,0,0,0,0,0,0,0,0,0,0,0
2018-10-05,45.83959604784668,1,1,61,0,0,1,0,1,0,0,0,0,0,0,0,0,0,0,0,0
2018-10-06,62.38145416267249,1,1,61,0,0,1,0,1,0,0,0,0,0,0,0,0,0,0,0,0
2018-10-07,65.25816648988645,1,1,62,0,1,0,0,1,0,0,0,0,0,0,0,0,0,0,0,0
2018-10-08,47.63352286419752,1,1,65,0,0,0,0,0,0,0,0,0,0,0,0,0,0,0,0,0
2018-10-09,70.98292084026644,1,1,69,0,0,0,0,0,0,0,0,0,0,0,0,0,0,0,0,0
2018-10-10,53.694083539131576,1,1,62,0,0,0,0,0,0,0,0,0,0,0,0,0,0,0,0,0
2018-10-11,25.41462292675084,1,1,56,0,0,0,0,0,0,0,0,0,0,0,0,0,0,0,0,0
2018-10-12,46.96977315133015,2,1,72,0,0,0,0,0,1,0,0,0,0,0,0,0,0,0,0,0
2018-10-13,31.386979615175505,1,1,42,0,0,0,1,0,0,0,0,0,0,0,0,0,0,0,0,0
2018-10-14,41.67801532968698,1,1,47,0,0,0,1,0,0,0,0,0,0,0,0,0,0,0,0,0
2018-10-15,11.014319107532256,1,1,49,0,0,0,0,0,0,0,0,0,0,0,0,0,0,0,0,0
2018-10-16,16.57502152997091,2,1,44,0,0,0,0,0,1,0,0,0,0,0,0,0,0,0,0,0
2018-10-17,0.913705583709964,2,1,42,0,0,0,0,0,1,0,0,0,0,0,0,0,0,0,0,0
2018-10-18,8.504062518912479,2,1,40,0,0,0,0,0,1,0,0,0,0,0,0,0,0,0,0,0
2018-10-19,14.826132771919646,2,1,34,0,0,0,0,0,1,0,0,0,0,0,0,0,0,0,0,0
2018-10-20,35.84826132807326,2,1,33,0,0,0,1,0,1,0,0,0,0,0,0,0,0,0,0,0
2018-10-21,32.1601685989235,1,1,48,0,0,0,1,0,0,0,0,0,0,0,0,0,0,0,0,0
2018-10-22,10.885837617508946,1,1,45,0,0,0,0,0,0,0,0,0,0,0,0,0,0,0,0,0
2018-10-23,1.6751269034682676,1,1,44,0,0,0,0,0,0,0,0,0,0,0,0,0,0,0,0,0
2018-10-24,20.43684776420274,1,1,45,0,0,0,0,0,0,0,0,0,0,0,0,0,0,0,0,0
2018-10-25,39.37946970605506,1,1,50,0,0,0,0,0,0,0,0,0,0,0,0,0,0,0,0,0
2018-10-26,39.26767690237649,1,1,47,0,0,0,0,0,0,0,0,0,0,0,0,0,0,0,0,0
2018-10-27,43.422143532952575,1,1,49,0,0,0,1,0,0,0,0,0,0,0,0,0,0,0,0,0
2018-10-28,35.8721710803812,2,1,67,0,0,0,1,0,1,0,0,0,0,0,0,0,0,0,0,0
2018-10-29,41.47095794110521,1,1,47,0,0,0,0,0,0,0,0,0,0,0,0,0,0,0,0,0
2018-10-30,9.227399400385414,1,1,54,0,0,0,0,0,0,0,0,0,0,0,0,0,0,0,0,0
2018-10-31,12.256395993073893,1,1,59,0,0,0,0,0,0,0,0,0,0,0,0,0,0,0,0,0
2018-11-01,19.216220119791508,1,1,56,0,0,0,0,0,0,0,0,0,0,0,0,0,0,0,0,0
2018-11-02,11.064278188186888,1,4,55,1,0,0,0,0,0,0,0,0,0,0,0,0,0,0,0,0
2018-11-03,8.703898841531055,2,6,55,1,0,0,1,0,1,0,0,0,0,0,0,0,0,0,0,0
2018-11-04,25.6882745931422,2,1,58,0,0,0,1,0,1,0,0,0,0,0,0,0,0,0,0,0
2018-11-05,58.78611201653576,1,1,43,0,0,0,0,0,0,0,0,0,0,0,0,0,0,0,0,0
2018-11-06,8.028167507914809,1,1,44,0,0,0,0,0,0,0,0,0,0,0,0,0,0,0,0,0
2018-11-07,6.057993186114572,1,1,41,0,0,0,0,0,0,0,0,0,0,0,0,0,0,0,0,0
2018-11-08,9.367755532778004,1,1,38,0,0,0,0,0,0,0,0,0,0,0,0,0,0,0,0,0
2018-11-09,9.515279241944,1,1,46,0,0,0,0,0,0,0,0,0,0,0,0,0,0,0,0,0
2018-11-10,5.679662803628248,1,1,63,0,0,0,1,0,0,0,0,0,0,0,0,0,0,0,0,0
2018-11-11,21.479034837936013,1,1,48,0,0,0,1,0,0,0,0,0,0,0,0,0,0,0,0,0
2018-11-12,7.856841024820467,1,1,52,0,0,0,0,0,0,0,0,0,0,0,0,0,0,0,0,0
2018-11-13,7.468989532762816,1,1,51,0,0,0,0,0,0,0,0,0,0,0,0,0,0,0,0,0
2018-11-14,9.567645344586367,1,1,65,0,0,0,0,0,0,0,0,0,0,0,0,0,0,0,0,0
2018-11-15,10.842992624437905,1,1,50,0,0,0,0,0,0,0,0,0,0,0,0,0,0,0,0,0
2018-11-16,8.703898841531055,1,1,42,0,0,0,0,0,0,0,0,0,0,0,0,0,0,0,0,0
2018-12-02,9.37492310955141,1,2,53,0,0,0,1,0,0,0,0,0,0,0,0,0,0,0,0,0
2018-12-03,5.691590935187318,1,2,59,0,0,0,0,0,0,0,0,0,0,0,0,0,0,0,0,0
2018-12-04,9.910298310775058,1,2,52,0,0,0,0,0,0,0,0,0,0,0,0,0,0,0,0,0
2018-12-05,1.3705583755649464,1,2,49,0,0,0,0,0,0,0,0,0,0,0,0,0,0,0,0,0
2018-12-06,3.502538070888196,1,1,47,0,0,0,0,0,0,0,0,0,0,0,0,0,0,0,0,0
2018-12-07,31.71299738420923,1,2,52,0,0,0,0,0,0,0,0,0,0,0,0,0,0,0,0,0
2018-12-08,44.87839189465959,1,2,45,0,0,0,1,0,0,0,0,0,0,0,0,0,0,0,0,0
2018-12-09,54.5721651957337,1,3,59,0,0,0,1,0,0,0,0,0,0,0,0,0,0,0,0,0
2018-12-10,61.772317105343,1,3,34,0,0,0,0,0,0,0,0,0,0,0,0,0,0,0,0,0
2018-12-11,61.64383561684252,2,3,34,0,0,0,0,0,1,0,0,0,0,0,0,0,0,0,0,0
2018-12-12,63.78292939974939,2,3,37,0,0,0,0,0,1,0,0,0,0,0,0,0,0,0,0,0
2018-12-13,64.29926238183036,2,3,40,0,0,0,0,0,1,0,0,0,0,0,0,0,0,0,0,0
2018-12-14,66.95468914681817,1,3,37,0,0,0,0,0,0,0,0,0,0,0,0,0,0,0,0,0
2018-12-15,70.86406743971692,1,2,57,0,0,0,1,0,0,0,0,0,0,0,0,0,0,0,0,0
2018-12-16,67.17597471056716,1,2,61,0,0,0,1,0,0,0,0,0,0,0,0,0,0,0,0,0
2018-12-17,62.6479382507676,1,3,42,0,0,0,0,0,0,0,0,0,0,0,0,0,0,0,0,0
2018-12-18,65.92202318265625,1,2,56,0,0,0,0,0,0,0,0,0,0,0,0,0,0,0,0,0
2018-12-19,65.2581664914093,1,2,59,0,0,0,0,0,0,0,0,0,0,0,0,0,0,0,0,0
2018-12-20,42.177713114613,1,2,58,0,0,0,0,0,0,0,0,0,0,0,0,0,0,0,0,0
2018-12-21,13.305750643580565,1,2,51,0,0,0,0,0,0,0,0,0,0,0,0,0,0,0,0,0
2018-12-22,5.491701123378953,1,2,42,0,0,0,1,0,0,0,0,0,0,0,0,0,0,0,0,0
2018-12-23,1.3705583755649464,2,2,42,0,0,0,1,0,1,0,0,0,0,0,0,0,0,0,0,0
2018-12-24,6.108005755958995,2,2,42,0,0,0,0,0,1,0,0,0,0,0,0,0,0,0,0,0
2018-12-25,71.97049525693902,1,2,44,0,0,0,0,0,0,0,0,0,0,0,0,0,0,0,0,0
2018-12-26,49.732392632780254,1,2,58,0,0,0,0,0,0,0,0,0,0,0,0,0,0,0,0,0
2018-12-27,10.105374078607952,1,3,46,0,0,0,0,0,0,0,0,0,0,0,0,0,0,0,0,0
2018-12-28,18.542842318973214,1,3,38,0,0,0,0,0,0,0,0,0,0,0,0,0,0,0,0,0
2018-12-29,40.735585949693615,1,3,31,0,1,0,0,1,0,0,0,0,0,0,0,0,0,0,0,0
2019-01-14,8.634897541733725,1,2,49,0,0,0,0,0,0,0,0,0,0,0,0,0,0,0,0,0
2019-01-15,5.900948367377231,2,2,49,0,0,0,0,0,1,0,0,0,0,0,0,0,0,0,0,0
2019-01-16,7.302423604454139,1,3,39,0,0,0,0,0,0,0,0,0,0,0,0,0,0,0,0,0
2019-01-17,9.01322792422004,1,3,44,0,0,0,0,0,0,0,0,0,0,0,0,0,0,0,0,0
2019-01-18,2.4817467498331705,1,2,52,0,0,0,0,0,0,0,0,0,0,0,0,0,0,0,0,0
2019-01-19,37.95654522784774,1,2,64,0,0,0,1,0,0,0,0,0,0,0,0,0,0,0,0,0
2019-02-04,9.010874391422105,1,2,44,0,1,0,0,1,0,0,0,0,0,0,0,0,0,0,0,0
2019-02-05,22.064315630624503,1,1,46,0,0,1,0,1,0,0,0,0,0,0,0,0,0,0,0,0
2019-02-06,23.71328622736648,2,2,51,0,0,1,0,1,1,0,0,0,0,0,0,0,0,0,0,0
2019-02-07,34.6799997863044,1,2,28,0,0,1,0,1,0,0,0,0,0,0,0,0,0,0,0,0
2019-02-08,31.01817034226053,1,3,29,0,0,1,0,1,0,0,0,0,0,0,0,0,0,0,0,0
2019-02-09,20.98174407499773,1,3,31,0,0,1,0,1,0,0,0,0,0,0,0,0,0,0,0,0
2019-02-10,37.41405593904048,1,3,23,0,1,0,0,1,0,0,0,0,0,0,0,0,0,0,0,0
2019-02-11,60.99185356644201,1,2,23,0,0,0,0,0,0,0,0,0,0,0,0,0,0,0,0,0
2019-02-12,56.37101303443961,1,2,26,0,0,0,0,0,0,0,0,0,0,0,0,0,0,0,0,0
2019-02-13,40.17897546409873,1,2,34,0,0,0,0,0,0,0,0,0,0,0,0,0,0,0,0,0
2019-02-14,23.89172679804443,2,2,26,0,0,0,0,0,1,0,0,0,0,0,0,0,0,0,0,0
2019-02-15,8.339850123401746,1,3,23,0,0,0,0,0,0,0,0,0,0,0,0,0,0,0,0,0
2019-02-16,20.063224447312297,1,2,26,0,0,0,1,0,0,0,0,0,0,0,0,0,0,0,0,0
2019-02-17,7.744994731952112,2,3,24,0,0,0,1,0,1,0,0,0,0,0,0,0,0,0,0,0
2019-02-18,6.859852476956172,2,3,22,0,0,0,0,0,1,0,0,0,0,0,0,0,0,0,0,0
2019-02-19,6.077035405257244,2,2,22,0,0,0,0,0,1,0,0,0,0,0,0,0,0,0,0,0
2019-02-20,40.75938872362197,2,3,32,0,0,0,0,0,1,0,0,0,0,0,0,0,0,0,0,0
2019-02-21,43.07692307720678,2,2,30,0,0,0,0,0,1,0,0,0,0,0,0,0,0,0,0,0
2019-02-22,9.884088514858972,1,2,28,0,0,0,0,0,0,0,0,0,0,0,0,0,0,0,0,0
2019-02-23,12.76080084359579,2,3,29,0,0,0,1,0,1,0,0,0,0,0,0,0,0,0,0,0
2019-02-24,3.34784678568643,2,2,18,0,0,0,1,0,1,0,0,0,0,0,0,0,0,0,0,0
2019-02-25,10.252897787773952,2,2,35,0,0,0,0,0,1,0,0,0,0,0,0,0,0,0,0,0
2019-02-26,6.126994485911893,2,2,48,0,0,0,0,0,1,0,0,0,0,0,0,0,0,0,0,0
2019-02-27,9.29164014539707,1,2,46,0,0,0,0,0,0,0,0,0,0,0,0,0,0,0,0,0
2019-02-28,13.767310501031426,1,2,43,0,0,0,0,0,0,0,0,0,0,0,0,0,0,0,0,0
2019-03-01,38.44896845762077,2,3,31,0,0,0,0,0,1,0,0,0,0,0,0,0,0,0,0,0
2019-03-02,10.105374078607952,2,3,32,0,0,0,1,0,1,0,0,0,0,0,0,0,0,0,0,0
2019-03-03,47.55045385680236,2,2,34,0,0,0,1,0,1,0,0,0,0,0,0,0,0,0,0,0
2019-03-04,9.672324060681326,2,3,33,0,0,0,0,0,1,0,0,0,0,0,0,0,0,0,0,0
2019-03-05,53.88921279615428,2,3,33,0,0,0,0,0,1,0,0,0,0,0,0,0,0,0,0,0
2019-03-06,33.982926189937345,2,2,33,0,0,0,0,0,1,0,0,0,0,0,0,0,0,0,0,0
2019-03-07,20.14650741146664,2,3,18,0,0,0,0,0,1,0,0,0,0,0,0,0,0,0,0,0
2019-03-08,21.907270811887173,2,3,23,0,0,0,0,0,1,0,0,0,0,0,0,0,0,0,0,0
2019-03-25,3.2883665954604444,2,2,38,0,0,0,0,0,1,0,0,0,0,0,0,0,0,0,0,0
2019-03-26,9.581927008943383,1,2,49,0,0,0,0,0,0,0,0,0,0,0,0,0,0,0,0,0
2019-03-27,5.260894450058634,1,2,37,0,0,0,0,0,0,0,0,0,0,0,0,0,0,0,0,0
2019-03-28,41.23287671263189,1,2,41,0,0,0,0,0,0,0,0,0,0,0,0,0,0,0,0,0
2019-04-14,4.956325922155313,2,2,34,0,0,0,1,0,1,0,0,0,0,0,0,0,0,0,0,0
2019-04-15,2.241418966941507,2,2,43,0,0,0,0,0,1,0,0,0,0,0,0,0,0,0,0,0
2019-04-16,23.382507903547072,2,2,34,0,0,0,0,0,1,0,0,0,0,0,0,0,0,0,0,0
2019-04-17,28.545837724356737,1,2,42,0,0,0,0,0,0,0,0,0,0,0,0,0,0,0,0,0
2019-04-18,1.2135135575652356,2,2,36,0,0,0,0,0,1,0,0,0,0,0,0,0,0,0,0,0
2019-04-19,6.636213380409245,2,3,29,0,0,0,0,0,1,0,0,0,0,0,0,0,0,0,0,0
2019-04-20,6.7860906223731785,2,3,26,0,0,0,1,0,1,0,0,0,0,0,0,0,0,0,0,0
2019-04-21,5.013452579583354,2,2,29,0,0,0,1,0,1,0,0,0,0,0,0,0,0,0,0,0
2019-04-22,2.6340310137848317,1,2,27,0,0,0,0,0,0,0,0,0,0,0,0,0,0,0,0,0
2019-04-23,11.216562452138549,1,2,27,0,0,0,0,0,0,0,0,0,0,0,0,0,0,0,0,0
2019-04-24,0.4568527918549821,1,3,26,0,0,0,0,0,0,0,0,0,0,0,0,0,0,0,0,0
2019-04-25,13.365177344616752,2,3,34,0,0,0,0,0,1,0,0,0,0,0,0,0,0,0,0,0
2019-04-26,1.582322830480215,2,2,37,0,0,0,0,0,1,0,0,0,0,0,0,0,0,0,0,0
2019-04-27,12.1898017152643,2,3,35,0,0,0,1,0,1,0,0,0,0,0,0,0,0,0,0,0
2019-04-28,44.89481313505536,2,3,32,0,0,0,0,0,1,0,0,0,0,0,0,0,0,0,0,0
2019-04-29,38.42992623847808,1,2,33,0,0,0,0,0,0,0,0,0,0,0,0,0,0,0,0,0
2019-04-30,0.913705583709964,2,2,32,0,1,0,0,1,1,0,0,0,0,0,0,0,0,0,0,0
2019-05-01,0.0,1,2,40,0,1,0,0,1,0,0,0,0,0,0,0,0,0,0,0,0
2019-05-02,24.783983140623988,1,2,37,0,0,1,0,1,0,0,0,0,0,0,0,0,0,0,0,0
2019-05-23,0.7614213197583035,2,3,44,0,0,0,0,0,1,0,0,0,0,0,0,0,0,0,0,0
2019-05-24,1.0659898476616247,2,3,40,0,0,0,0,0,1,0,0,0,0,0,0,0,0,0,0,0
2019-05-25,0.6091370558066427,2,3,29,0,0,0,1,0,1,0,0,0,0,0,0,0,0,0,0,0
2019-05-26,0.0,2,3,21,0,0,0,1,0,1,0,0,0,0,0,0,0,0,0,0,0
2019-05-27,0.7566607657102535,2,3,20,0,0,0,0,0,1,0,0,0,0,0,0,0,0,0,0,0
2019-05-28,2.8909939938314486,2,2,21,0,0,0,0,0,1,0,0,0,0,0,0,0,0,0,0,0
2019-05-29,0.6091370558066427,2,2,26,0,0,0,0,0,1,0,0,0,0,0,0,0,0,0,0,0
2019-05-30,2.158136002787169,2,2,32,0,0,0,0,0,1,0,0,0,0,0,0,0,0,0,0,0
2019-05-31,0.6091370558066427,2,2,30,0,0,0,0,0,1,0,0,0,0,0,0,0,0,0,0,0
2019-06-01,0.0,2,3,19,0,0,0,1,0,1,0,0,0,0,0,0,0,0,0,0,0
2019-06-02,0.0,2,3,18,0,0,0,1,0,1,0,0,0,0,0,0,0,0,0,0,0
2019-06-03,1.0517081840422386,2,3,22,0,0,0,0,0,1,0,0,0,0,0,0,0,0,0,0,0
2019-06-04,2.0058517388355086,2,3,25,0,0,0,0,0,1,0,0,0,0,0,0,0,0,0,0,0
2019-06-05,12.184987671288836,2,2,22,0,0,0,0,0,1,0,0,0,0,0,0,0,0,0,0,0
2019-06-06,2.0700924838471586,2,3,20,0,1,0,0,1,1,0,0,0,0,0,0,0,0,0,0,0
2019-06-07,0.0,1,3,18,0,1,0,0,1,0,0,0,0,0,0,0,0,0,0,0,0
2019-06-08,0.0,1,3,16,0,0,1,0,1,0,0,0,0,0,0,0,0,0,0,0,0
2019-06-09,0.0,2,3,17,0,1,0,0,1,1,0,0,0,0,0,0,0,0,0,0,0
2019-06-10,3.186041412163425,2,3,21,0,0,0,0,0,1,0,0,0,0,0,0,0,0,0,0,0
2019-06-11,1.2729937477912217,2,2,25,0,0,0,0,0,1,0,0,0,0,0,0,0,0,0,0,0
2019-06-12,0.1522842639516605,2,2,24,0,0,0,0,0,1,0,0,0,0,0,0,0,0,0,0,0
2019-06-13,4.425711275717329,2,2,20,0,0,0,0,0,1,0,0,0,0,0,0,0,0,0,0,0
2019-06-14,0.4568527918549821,1,3,40,0,0,0,0,0,0,0,0,0,0,0,0,0,0,0,0,0
2019-06-15,12.765614887571244,1,3,37,0,0,0,1,0,0,0,0,0,0,0,0,0,0,0,0,0
2019-06-16,0.0,2,2,39,0,0,0,1,0,1,0,0,0,0,0,0,0,0,0,0,0
2019-06-17,0.1522842639516605,2,3,30,0,0,0,0,0,1,0,0,0,0,0,0,0,0,0,0,0
2019-06-18,0.7614213197583035,2,3,17,0,0,0,0,0,1,0,0,0,0,0,0,0,0,0,0,0
2019-06-19,0.3045685279033213,1,3,22,0,0,0,0,0,0,0,0,0,0,0,0,0,0,0,0,0
2019-06-20,0.7519002109245894,2,3,20,0,0,0,0,0,1,0,0,0,0,0,0,0,0,0,0,0
2019-06-21,0.913705583709964,2,3,19,0,0,0,0,0,1,0,0,0,0,0,0,0,0,0,0,0
2019-06-22,0.0,2,4,20,1,0,0,1,0,1,0,0,0,0,0,0,0,0,0,0,0
2019-06-23,0.0,2,3,20,0,0,0,1,0,1,0,0,0,0,0,0,0,0,0,0,0
2019-06-24,16.084844854616236,2,2,22,0,0,0,0,0,1,0,0,0,0,0,0,0,0,0,0,0
2019-07-10,3.4073269759124085,2,2,26,0,0,0,0,0,1,0,0,0,0,0,0,0,0,0,0,0
2019-07-11,2.8029504748914453,2,2,27,0,0,0,0,0,1,0,0,0,0,0,0,0,0,0,0,0
2019-07-12,2.139093783644481,1,3,32,0,0,0,0,0,0,0,0,0,0,0,0,0,0,0,0,0
2019-07-13,7.376221855537323e-10,2,4,34,1,0,0,1,0,1,0,0,0,0,0,0,0,0,0,0,0
2019-07-14,0.0737618553206242,1,4,36,1,0,0,1,0,0,0,0,0,0,0,0,0,0,0,0,0
2019-07-15,0.5258540923899343,1,2,35,0,0,0,0,0,0,0,0,0,0,0,0,0,0,0,0,0
2019-07-16,1.0374265196852224,1,2,39,0,0,0,0,0,0,0,0,0,0,0,0,0,0,0,0,0
2019-07-17,1.120709483839561,1,2,73,0,0,0,0,0,0,0,0,0,0,0,0,0,0,0,0,0
2019-07-18,11.728134879433853,2,2,72,0,0,0,0,0,1,0,0,0,0,0,0,0,0,0,0,0
2019-07-19,2.2961386023818133,2,3,41,0,0,0,0,0,1,0,0,0,0,0,0,0,0,0,0,0
2019-07-20,23.603793467296065,1,3,27,0,0,0,1,0,0,0,0,0,0,0,0,0,0,0,0,0
2019-07-21,24.193888303960023,1,3,28,0,0,0,1,0,0,0,0,0,0,0,0,0,0,0,0,0
2019-07-22,2.089134702989847,2,2,29,0,0,0,0,0,1,0,0,0,0,0,0,0,0,0,0,0
2019-07-23,2.664947875296785,2,3,24,0,0,0,0,0,1,0,0,0,0,0,0,0,0,0,0,0
2019-07-24,2.158136002787169,2,3,24,0,0,0,0,0,1,0,0,0,0,0,0,0,0,0,0,0
2019-07-25,7.376221855537323e-10,2,3,22,0,0,0,0,0,1,0,0,0,0,0,0,0,0,0,0,0
2019-07-26,0.3045685279033213,1,3,25,0,0,0,0,0,0,0,0,0,0,0,0,0,0,0,0,0
2019-07-27,0.0,1,3,26,0,0,0,1,0,0,0,0,0,0,0,0,0,0,0,0,0
2019-07-28,0.0,2,2,22,0,0,0,1,0,1,0,0,0,0,0,0,0,0,0,0,0
2019-07-29,0.0,2,3,20,0,0,0,0,0,1,0,0,0,0,0,0,0,0,0,0,0
2019-07-30,1.106427819482545,2,4,20,1,0,0,0,0,1,0,0,0,0,0,0,0,0,0,0,0
2019-07-31,20.65331928397625,2,5,17,1,0,0,0,0,1,0,0,0,0,0,0,0,0,0,0,0
2019-08-16,0.7376185465675733,2,3,30,0,0,0,0,0,1,0,0,0,0,0,0,0,0,0,0,0
2019-08-17,2.0653319290614944,2,3,26,0,0,0,1,0,1,0,0,0,0,0,0,0,0,0,0,0
2019-08-18,22.49736564855113,2,3,20,0,0,0,1,0,1,0,0,0,0,0,0,0,0,0,0,0
2019-08-19,26.923076923530846,2,2,40,0,0,0,0,0,1,0,0,0,0,0,0,0,0,0,0,0
2019-08-20,8.335143057805865,2,2,36,0,0,0,0,0,1,0,0,0,0,0,0,0,0,0,0,0
2019-08-21,1.2539515286485412,2,2,36,0,0,0,0,0,1,0,0,0,0,0,0,0,0,0,0,0
2019-08-22,1.563280611337527,2,2,42,0,0,0,0,0,1,0,0,0,0,0,0,0,0,0,0,0
2019-08-23,0.5163329828185903,1,2,49,0,0,0,0,0,0,0,0,0,0,0,0,0,0,0,0,0
2019-08-24,0.5900948374015924,2,2,65,0,0,0,1,0,1,0,0,0,0,0,0,0,0,0,0,0
2019-08-25,26.628029505198864,2,4,39,1,0,0,1,0,1,0,0,0,0,0,0,0,0,0,0,0
2019-08-26,31.64383561684253,2,3,22,0,0,0,0,0,1,0,0,0,0,0,0,0,0,0,0,0
2019-08-27,0.0,2,3,22,0,0,0,0,0,1,0,0,0,0,0,0,0,0,0,0,0
2019-08-28,7.376221855537323e-10,1,2,45,0,0,0,0,0,0,0,0,0,0,0,0,0,0,0,0,0
2019-08-29,0.0,2,3,21,0,0,0,0,0,1,0,0,0,0,0,0,0,0,0,0,0
2019-08-30,1.6227608015635129,2,2,17,0,0,0,0,0,1,0,0,0,0,0,0,0,0,0,0,0
2019-08-31,8.492134387353408,2,3,18,0,0,0,1,0,1,0,0,0,0,0,0,0,0,0,0,0
2019-09-01,0.0,2,3,25,0,0,0,1,0,1,0,0,0,0,0,0,0,0,0,0,0
2019-09-02,28.39831401519075,2,4,17,1,0,0,0,0,1,0,0,0,0,0,0,0,0,0,0,0
2019-09-03,16.137210957258606,2,4,24,1,0,0,0,0,1,0,0,0,0,0,0,0,0,0,0,0
2019-09-04,11.65437302485086,2,3,22,0,0,0,0,0,1,0,0,0,0,0,0,0,0,0,0,0
2019-09-05,7.081138040705155,2,3,20,0,0,0,0,0,1,0,0,0,0,0,0,0,0,0,0,0
2019-09-06,14.236037935255691,2,2,24,0,0,0,0,0,1,0,0,0,0,0,0,0,0,0,0,0
2019-09-07,5.103849631321301,1,2,57,0,0,0,1,0,0,0,0,0,0,0,0,0,0,0,0,0
2019-09-08,0.8113804011505753,1,2,41,0,0,0,1,0,0,0,0,0,0,0,0,0,0,0,0,0
2019-09-09,0.0,1,2,37,0,0,0,0,0,0,0,0,0,0,0,0,0,0,0,0,0
2019-09-10,0.0,1,3,21,0,0,0,0,0,0,0,0,0,0,0,0,0,0,0,0,0
2019-09-11,0.0,1,2,28,0,0,0,0,0,0,0,0,0,0,0,0,0,0,0,0,0
2019-09-12,7.197744888359183,1,2,38,0,1,0,0,1,0,0,0,0,0,0,0,0,0,0,0,0
2019-09-13,0.0,1,2,28,0,1,0,0,1,0,0,0,0,0,0,0,0,0,0,0,0
2019-09-14,7.228661749871152,1,2,28,0,0,1,0,1,0,0,0,0,0,0,0,0,0,0,0,0
2019-09-15,28.988408851854704,2,2,35,0,1,0,0,1,1,0,0,0,0,0,0,0,0,0,0,0
2019-09-16,18.18350066643978,2,2,37,0,0,0,0,0,1,0,0,0,0,0,0,0,0,0,0,0
2019-09-17,26.701791359781858,2,2,42,0,0,0,0,0,1,0,0,0,0,0,0,0,0,0,0,0
2019-09-18,5.722507796699281,1,2,53,0,0,0,0,0,0,0,0,0,0,0,0,0,0,0,0,0
2020-06-24,53.75131717646205,1,2,62,0,1,0,0,1,0,0,0,0,0,0,0,0,0,0,0,0
2020-06-25,50.87460484772525,1,3,74,0,1,0,0,1,0,0,0,0,0,0,0,0,0,0,0,0
2020-06-26,52.79241306688312,1,2,75,0,0,1,0,1,0,0,0,0,0,0,0,0,0,0,0,0
2020-06-27,49.39936775606535,1,2,59,0,1,0,0,1,0,0,0,0,0,0,0,0,0,0,0,0
2020-06-28,51.68598524813819,1,2,51,0,0,0,0,0,0,0,0,0,0,0,0,0,0,0,0,0
2020-06-29,54.93150684978998,1,3,52,0,0,0,0,0,0,0,0,0,0,0,0,0,0,0,0,0
2020-06-30,61.27502634392757,1,2,67,0,0,0,0,0,0,0,0,0,0,0,0,0,0,0,0,0
2020-07-01,68.50368809306107,1,2,58,0,0,0,0,0,0,0,0,0,0,0,0,0,0,0,0,0
2020-07-02,77.28134878843748,1,2,67,0,0,0,0,0,0,0,0,0,0,0,0,0,0,0,0,0
2020-07-03,62.75026343558746,1,2,74,0,0,0,0,0,0,0,0,0,0,0,0,0,0,0,0,0
2020-07-04,64.81559536391131,1,2,79,0,0,0,1,0,0,0,0,0,0,0,0,0,0,0,0,0
2020-07-05,59.578503688518666,1,2,115,0,0,0,1,0,0,1,0,0,0,0,0,0,0,0,0,0
2020-07-06,60.6849315072636,1,3,29,0,0,0,0,0,0,0,0,0,0,0,0,0,0,0,0,0
2020-07-07,64.88935721849431,2,4,26,1,0,0,0,0,1,0,0,0,0,0,0,0,0,0,0,0
2020-07-08,64.07797681808137,1,4,26,1,0,0,0,0,0,0,0,0,0,0,0,0,0,0,0,0
2020-07-09,66.29083245557122,1,3,28,0,0,0,0,0,0,0,0,0,0,0,0,0,0,0,0,0
2020-07-10,68.2824025293121,1,3,31,0,0,0,0,0,0,0,0,0,0,0,0,0,0,0,0,0
2020-07-11,69.683877766389,1,3,26,0,0,0,1,0,0,0,0,0,0,0,0,0,0,0,0,0
2020-07-12,65.84826132807325,1,2,26,0,0,0,1,0,0,0,0,0,0,0,0,0,0,0,0,0
2020-07-13,69.38883034805703,1,2,33,0,0,0,0,0,0,0,0,0,0,0,0,0,0,0,0,0
2020-07-14,66.88092729223519,1,3,26,0,0,0,0,0,0,0,0,0,0,0,0,0,0,0,0,0
2020-07-15,70.27397260305297,2,3,22,0,0,0,0,0,1,0,0,0,0,0,0,0,0,0,0,0
2020-07-16,60.46364594351461,2,3,22,0,0,0,0,0,1,0,0,0,0,0,0,0,0,0,0,0
2020-07-17,71.45416227638088,1,3,23,0,0,0,0,0,0,0,0,0,0,0,0,0,0,0,0,0
2020-07-18,66.43835616473721,1,3,23,0,0,0,1,0,0,0,0,0,0,0,0,0,0,0,0,0
2020-07-19,67.02845100140118,1,3,27,0,0,0,1,0,0,0,0,0,0,0,0,0,0,0,0,0
2020-07-20,70.56902002138494,2,2,31,0,0,0,0,0,1,0,0,0,0,0,0,0,0,0,0,0
2020-07-21,77.87144362510145,2,2,25,0,0,0,0,0,1,0,0,0,0,0,0,0,0,0,0,0
2020-07-22,78.8303477346804,1,2,27,0,0,0,0,0,0,0,0,0,0,0,0,0,0,0,0,0
2020-07-23,73.74077976845373,1,3,42,0,0,0,0,0,0,0,0,0,0,0,0,0,0,0,0,0
2020-07-24,72.7818756588748,1,3,27,0,0,0,0,0,0,0,0,0,0,0,0,0,0,0,0,0
2020-07-25,62.01264488975751,1,3,18,0,0,0,1,0,0,0,0,0,0,0,0,0,0,0,0,0
2020-07-26,64.66807165474533,2,3,20,0,0,0,1,0,1,0,0,0,0,0,0,0,0,0,0,0
2020-07-27,66.51211801932021,1,3,21,0,0,0,0,0,0,0,0,0,0,0,0,0,0,0,0,0
2020-07-28,71.3804004217979,2,2,28,0,0,0,0,0,1,0,0,0,0,0,0,0,0,0,0,0
2020-07-29,81.33825079050223,2,3,24,0,0,0,0,0,1,0,0,0,0,0,0,0,0,0,0,0
2020-07-30,82.66596417299614,2,4,21,1,0,0,0,0,1,0,0,0,0,0,0,0,0,0,0,0
2020-07-31,71.82297154929586,2,4,20,0,0,0,0,0,1,0,0,0,0,0,0,0,0,0,0,0
2020-08-01,78.24025289801644,2,3,19,0,0,0,1,0,1,0,0,0,0,0,0,0,0,0,0,0
2020-08-02,78.31401475259942,2,2,24,0,0,0,1,0,1,0,0,0,0,0,0,0,0,0,0,0
2020-08-03,80.3055848263403,2,2,27,0,0,0,0,0,1,0,0,0,0,0,0,0,0,0,0,0
2020-08-04,86.3540569021459,2,3,22,0,0,0,0,0,1,0,0,0,0,0,0,0,0,0,0,0
2020-08-05,78.97787144384638,2,3,21,0,0,0,0,0,1,0,0,0,0,0,0,0,0,0,0,0
2020-08-06,81.19072708133623,1,2,21,0,0,0,0,0,0,0,0,0,0,0,0,0,0,0,0,0
2020-08-07,75.8061116967776,1,2,21,0,0,0,0,0,0,0,0,0,0,0,0,0,0,0,0,0
2020-08-08,69.09378292972505,1,2,25,0,0,0,1,0,0,0,0,0,0,0,0,0,0,0,0,0
2020-08-09,68.2086406747291,1,3,29,0,0,0,1,0,0,0,0,0,0,0,0,0,0,0,0,0
2020-08-10,61.05374078017858,2,3,23,0,0,0,0,0,1,0,0,0,0,0,0,0,0,0,0,0
2020-08-11,68.94625922055904,2,3,24,0,0,0,0,0,1,0,0,0,0,0,0,0,0,0,0,0
2020-08-12,75.36354056927964,2,2,23,0,0,0,0,0,1,0,0,0,0,0,0,0,0,0,0,0
2020-08-13,75.14225500553064,2,3,27,0,0,0,0,0,1,0,0,0,0,0,0,0,0,0,0,0
2020-08-14,73.51949420470476,2,3,24,0,0,0,0,0,1,0,0,0,0,0,0,0,0,0,0,0
2020-08-15,70.49525816680196,1,2,22,0,0,0,1,0,0,0,0,0,0,0,0,0,0,0,0,0
2020-08-16,78.16649104343344,1,3,26,0,0,0,1,0,0,0,0,0,0,0,0,0,0,0,0,0
2020-08-17,74.69968387803267,2,3,26,0,0,0,0,0,1,0,0,0,0,0,0,0,0,0,0,0
2020-08-18,78.16649104343344,2,4,21,1,0,0,0,0,1,0,0,0,0,0,0,0,0,0,0,0
2020-08-19,68.2086406747291,1,3,24,0,0,0,0,0,0,0,0,0,0,0,0,0,0,0,0,0
2020-08-20,74.99473129636465,1,2,35,0,0,0,0,0,0,0,0,0,0,0,0,0,0,0,0,0
2020-08-21,76.54373024260754,1,2,52,0,0,0,0,0,0,0,0,0,0,0,0,0,0,0,0,0
2020-08-22,78.9041095892634,1,2,29,0,0,0,1,0,0,0,0,0,0,0,0,0,0,0,0,0
2020-08-23,65.1106427822433,1,3,25,0,0,0,1,0,0,0,0,0,0,0,0,0,0,0,0,0
2020-08-24,64.15173867266437,1,3,30,0,0,0,0,0,0,0,0,0,0,0,0,0,0,0,0,0
2020-08-25,63.26659641766843,2,3,27,0,0,0,0,0,1,0,0,0,0,0,0,0,0,0,0,0
2020-08-26,59.72602739768465,1,2,46,0,0,0,0,0,0,0,0,0,0,0,0,0,0,0,0,0
2020-08-27,71.67544784012986,1,2,55,0,0,0,0,0,0,0,0,0,0,0,0,0,0,0,0,0
2020-08-28,70.64278187596794,1,2,59,0,0,0,0,0,0,0,0,0,0,0,0,0,0,0,0,0
2020-08-29,74.47839831428368,1,2,56,0,0,0,1,0,0,0,0,0,0,0,0,0,0,0,0,0
2020-08-30,81.9283456271662,1,2,38,0,0,0,1,0,0,0,0,0,0,0,0,0,0,0,0,0
2020-08-31,70.79030558513392,1,2,37,0,0,0,0,0,0,0,0,0,0,0,0,0,0,0,0,0
2020-09-01,69.09378292972505,1,2,64,0,0,0,0,0,0,0,0,0,0,0,0,0,0,0,0,0
2020-09-02,72.26554267679384,2,2,78,0,0,0,0,0,1,0,0,0,0,0,0,0,0,0,0,0
2020-09-03,75.43730242386262,2,2,81,0,0,0,0,0,1,0,0,0,0,0,0,0,0,0,0,0
2020-09-04,74.25711275053469,2,2,57,0,0,0,0,0,1,0,0,0,0,0,0,0,0,0,0,0
2020-09-05,78.6090621709314,2,2,47,0,0,0,1,0,1,0,0,0,0,0,0,0,0,0,0,0
2020-09-06,75.6585879876116,2,2,46,0,0,0,1,0,1,0,0,0,0,0,0,0,0,0,0,0
2020-09-07,75.28977871469664,2,2,31,0,0,0,0,0,1,0,0,0,0,0,0,0,0,0,0,0
2020-09-08,79.19915700759537,2,2,30,0,0,0,0,0,1,0,0,0,0,0,0,0,0,0,0,0
2020-09-09,84.878819810486,2,2,34,0,0,0,0,0,1,0,0,0,0,0,0,0,0,0,0,0
2020-09-10,79.27291886217837,2,2,35,0,0,0,0,0,1,0,0,0,0,0,0,0,0,0,0,0
2020-09-11,73.29820864095575,2,3,28,0,0,0,0,0,1,0,0,0,0,0,0,0,0,0,0,0
2020-09-12,76.17492096969258,1,2,40,0,0,0,1,0,0,0,0,0,0,0,0,0,0,0,0,0
2020-09-13,80.67439409925528,1,2,37,0,0,0,1,0,0,0,0,0,0,0,0,0,0,0,0,0
2020-09-14,79.49420442592735,2,3,37,0,0,0,0,0,1,0,0,0,0,0,0,0,0,0,0,0
2020-09-15,87.23919915714184,2,3,30,0,0,0,0,0,1,0,0,0,0,0,0,0,0,0,0,0
2020-09-16,79.93677555342532,2,3,26,0,0,0,0,0,1,0,0,0,0,0,0,0,0,0,0,0
2020-09-17,81.41201264508521,2,4,26,1,0,0,0,0,1,0,0,0,0,0,0,0,0,0,0,0
2020-09-18,85.02634351965199,2,4,25,1,0,0,0,0,1,0,0,0,0,0,0,0,0,0,0,0
2020-09-19,81.04320337217025,2,3,27,0,0,0,1,0,1,0,0,0,0,0,0,0,0,0,0,0
2020-09-20,87.75553213922281,2,2,29,0,0,0,1,0,1,0,0,0,0,0,0,0,0,0,0,0
2020-09-21,80.96944151758724,2,3,35,0,0,0,0,0,1,0,0,0,0,0,0,0,0,0,0,0
2020-09-22,81.7808219180002,2,3,41,0,0,0,0,0,1,0,0,0,0,0,0,0,0,0,0,0
2020-09-23,76.39620653344156,1,2,40,0,0,0,0,0,0,0,0,0,0,0,0,0,0,0,0,0
2020-09-24,83.62486828257506,1,2,47,0,0,0,0,0,0,0,0,0,0,0,0,0,0,0,0,0
2020-09-25,81.11696522675325,1,2,42,0,0,0,0,0,0,0,0,0,0,0,0,0,0,0,0,0
2020-09-26,81.11696522675325,1,3,44,0,0,0,1,0,0,0,0,0,0,0,0,0,0,0,0,0
2020-09-27,82.00210748174919,1,3,37,0,0,0,0,0,0,0,0,0,0,0,0,0,0,0,0,0
2020-09-28,89.00948366713372,1,3,37,0,0,0,0,0,0,0,0,0,0,0,0,0,0,0,0,0
2020-09-29,88.27186512130376,1,3,42,0,0,0,0,0,0,0,0,0,0,0,0,0,0,0,0,0
2020-09-30,84.21496311923904,2,2,47,0,1,0,0,1,1,0,0,0,0,0,0,0,0,0,0,0
2020-10-01,84.95258166506898,1,3,42,0,1,0,0,1,0,0,0,0,0,0,0,0,0,0,0,0
2020-10-02,87.01791359339286,1,3,41,0,0,1,0,1,0,0,0,0,0,0,0,0,0,0,0,0
2020-10-03,85.54267650173296,1,2,42,0,0,1,0,1,0,0,0,0,0,0,0,0,0,0,0,0
2020-10-04,85.46891464714996,2,2,51,0,0,1,0,1,1,0,0,0,0,0,0,0,0,0,0,0
2020-10-05,89.67334035838068,1,3,42,0,0,1,0,1,0,0,0,0,0,0,0,0,0,0,0,0
2020-10-06,89.1570073762997,1,3,42,0,0,1,0,1,0,0,0,0,0,0,0,0,0,0,0,0
2020-10-07,85.02634351965199,1,3,39,0,0,1,0,1,0,0,0,0,0,0,0,0,0,0,0,0
2020-10-08,79.93677555342532,1,3,40,0,1,0,0,1,0,0,0,0,0,0,0,0,0,0,0,0
2020-10-09,85.10010537423499,1,3,51,0,0,0,0,0,0,0,0,0,0,0,0,0,0,0,0,0
2020-10-26,24.3487400574688,1,2,51,0,0,0,0,0,0,0,0,0,0,0,0,0,0,0,0,0
2020-10-27,18.72850395561436,1,2,48,0,0,0,0,0,0,0,0,0,0,0,0,0,0,0,0,0
2020-10-28,21.80510609615953,1,3,45,0,0,0,0,0,0,0,0,0,0,0,0,0,0,0,0,0
2020-10-29,21.916952389027895,2,4,26,1,0,0,0,0,1,0,0,0,0,0,0,0,0,0,0,0
2020-10-30,27.632346097405943,1,4,42,1,0,0,0,0,0,0,0,0,0,0,0,0,0,0,0,0
2020-10-31,19.07115692180305,1,3,42,0,0,0,1,0,0,0,0,0,0,0,0,0,0,0,0,0
2020-11-01,21.564778313267876,1,3,47,0,0,0,1,0,0,0,0,0,0,0,0,0,0,0,0,0
2020-11-02,23.523077992698845,1,3,46,0,0,0,0,0,0,0,0,0,0,0,0,0,0,0,0,0
2020-11-03,25.241049889238138,1,3,37,0,0,0,0,0,0,0,0,0,0,0,0,0,0,0,0,0
2020-11-04,20.45358993973728,1,3,46,0,0,0,0,0,0,0,0,0,0,0,0,0,0,0,0,0
2020-11-05,23.54206672265173,1,3,54,0,0,0,0,0,0,0,0,0,0,0,0,0,0,0,0,0
2020-11-06,18.0575331767838,1,4,50,1,0,0,0,0,0,0,0,0,0,0,0,0,0,0,0,0
2020-11-07,21.181740865185684,1,4,47,1,0,0,1,0,0,0,0,0,0,0,0,0,0,0,0,0
2020-11-08,35.09192149823937,1,4,48,1,0,0,1,0,0,0,0,0,0,0,0,0,0,0,0,0
2020-11-09,33.9140853577094,1,3,57,0,0,0,0,0,0,0,0,0,0,0,0,0,0,0,0,0
2020-11-10,26.000064187008714,1,2,56,0,0,0,0,0,0,0,0,0,0,0,0,0,0,0,0,0
2020-11-11,25.262445641178765,1,3,43,0,0,0,0,0,0,0,0,0,0,0,0,0,0,0,0,0
2020-11-12,28.741180938138605,1,2,40,0,0,0,0,0,0,0,0,0,0,0,0,0,0,0,0,0
2020-11-13,30.323503767881192,1,2,36,0,0,0,0,0,0,0,0,0,0,0,0,0,0,0,0,0
2020-11-14,36.5266671296262,1,3,51,0,0,0,1,0,0,0,0,0,0,0,0,0,0,0,0,0
2020-11-15,23.98704487213743,1,2,54,0,0,0,1,0,0,0,0,0,0,0,0,0,0,0,0,0
2020-11-16,33.473867763009366,1,2,51,0,0,0,0,0,0,0,0,0,0,0,0,0,0,0,0,0
2020-11-17,31.358523264841065,1,2,49,0,0,0,0,0,0,0,0,0,0,0,0,0,0,0,0,0
2020-11-18,33.87835445222198,1,3,58,0,0,0,0,0,0,0,0,0,0,0,0,0,0,0,0,0
2020-11-19,30.413900819619144,1,3,54,0,0,0,0,0,0,0,0,0,0,0,0,0,0,0,0,0
2020-11-20,25.02447139108504,1,2,56,0,0,0,0,0,0,0,0,0,0,0,0,0,0,0,0,0
2020-11-21,26.53308585543443,1,2,44,0,0,0,1,0,0,0,0,0,0,0,0,0,0,0,0,0
2020-11-22,29.766679325527136,1,2,73,0,0,0,1,0,0,0,0,0,0,0,0,0,0,0,0,0
2020-11-23,27.19929607947932,1,3,67,0,0,0,0,0,0,0,0,0,0,0,0,0,0,0,0,0
2020-11-24,40.42893133494133,1,3,55,0,0,0,0,0,0,0,0,0,0,0,0,0,0,0,0,0
2020-11-25,26.723401068481657,1,3,63,0,0,0,0,0,0,0,0,0,0,0,0,0,0,0,0,0
2020-11-26,31.24191641718704,1,3,71,0,0,0,0,0,0,0,0,0,0,0,0,0,0,0,0,0
2020-11-27,42.02318229776584,1,2,53,0,0,0,0,0,0,0,0,0,0,0,0,0,0,0,0,0
2020-11-28,40.03161222402497,1,2,52,0,0,0,1,0,0,0,0,0,0,0,0,0,0,0,0,0
2020-11-29,39.66280295110999,1,2,53,0,0,0,1,0,0,0,0,0,0,0,0,0,0,0,0,0
2020-11-30,39.07270811444602,1,3,48,0,0,0,0,0,0,0,0,0,0,0,0,0,0,0,0,0
2020-12-01,36.01750172431863,1,2,42,0,0,0,0,0,0,0,0,0,0,0,0,0,0,0,0,0
2020-12-02,41.50684931568487,1,2,46,0,0,0,0,0,0,0,0,0,0,0,0,0,0,0,0,0
2020-12-03,44.014752371506695,1,3,39,0,0,0,0,0,0,0,0,0,0,0,0,0,0,0,0,0
2020-12-04,47.55532139149047,1,2,36,0,0,0,0,0,0,0,0,0,0,0,0,0,0,0,0,0
2020-12-05,42.76080084359579,1,3,31,0,0,0,1,0,0,0,0,0,0,0,0,0,0,0,0,0
2020-12-06,39.53426797037404,1,2,38,0,0,0,1,0,0,0,0,0,0,0,0,0,0,0,0,0
2020-12-07,48.07165437357143,1,2,37,0,0,0,0,0,0,0,0,0,0,0,0,0,0,0,0,0
2020-12-08,44.30979978983868,1,2,41,0,0,0,0,0,0,0,0,0,0,0,0,0,0,0,0,0
2020-12-09,35.3678732082389,1,2,50,0,0,0,0,0,0,0,0,0,0,0,0,0,0,0,0,0
2020-12-10,27.53954202368028,1,2,47,0,0,0,0,0,0,0,0,0,0,0,0,0,0,0,0,0
2020-12-11,26.11902456746068,1,2,52,0,0,0,0,0,0,0,0,0,0,0,0,0,0,0,0,0
2020-12-12,23.94184634626846,1,3,50,0,0,0,1,0,0,0,0,0,0,0,0,0,0,0,0,0
2020-12-13,4.247270705039378,1,3,48,0,0,0,1,0,0,0,0,0,0,0,0,0,0,0,0,0
2020-12-14,1.3705583755649464,1,3,43,0,0,0,0,0,0,0,0,0,0,0,0,0,0,0,0,0
2020-12-15,1.5228426395166066,1,3,45,0,0,0,0,0,0,0,0,0,0,0,0,0,0,0,0,0
2020-12-16,2.588832487178232,1,3,39,0,0,0,0,0,0,0,0,0,0,0,0,0,0,0,0,0
2020-12-17,1.0659898476616247,1,3,46,0,0,0,0,0,0,0,0,0,0,0,0,0,0,0,0,0
2020-12-18,3.350253806936536,1,3,51,0,0,0,0,0,0,0,0,0,0,0,0,0,0,0,0,0
2020-12-19,2.588832487178232,1,4,52,1,0,0,1,0,0,0,0,0,0,0,0,0,0,0,0,0
2020-12-20,2.13197969532325,1,4,59,1,0,0,1,0,0,0,0,0,0,0,0,0,0,0,0,0
2020-12-21,2.2842639592749103,1,3,63,0,0,0,0,0,0,0,0,0,0,0,0,0,0,0,0,0
2020-12-22,10.17678240039301,1,2,55,0,0,0,0,0,0,0,0,0,0,0,0,0,0,0,0,0
2020-12-23,16.31805854992429,1,2,49,0,0,0,0,0,0,0,0,0,0,0,0,0,0,0,0,0
2020-12-24,5.09197498895202,1,2,60,0,0,0,0,0,0,0,0,0,0,0,0,0,0,0,0,0
2020-12-25,5.35369852378431,1,2,58,0,0,0,0,0,0,0,0,0,0,0,0,0,0,0,0,0
2020-12-26,2.536466385273477,1,2,53,0,0,0,1,0,0,0,0,0,0,0,0,0,0,0,0,0
2020-12-27,9.01322792422004,1,1,68,0,0,0,1,0,0,0,0,0,0,0,0,0,0,0,0,0
2020-12-28,3.19556252173477,1,2,52,0,0,0,0,0,0,0,0,0,0,0,0,0,0,0,0,0
2020-12-29,12.023182297765835,1,2,58,0,0,0,0,0,0,0,0,0,0,0,0,0,0,0,0,0
2020-12-30,2.588832487178232,0,5,61,1,0,0,0,0,0,0,0,0,0,0,0,0,0,0,0,0
2020-12-31,1.0659898476616247,0,4,44,1,1,0,0,1,0,0,0,0,0,0,0,0,0,0,0,0
2021-01-01,3.9974218125763783,1,2,43,0,1,0,0,1,0,0,0,0,0,0,0,0,0,0,0,0
2021-01-02,10.252897787773952,1,3,44,0,0,1,0,1,0,0,0,0,0,0,0,0,0,0,0,0
2021-01-03,10.443266490010974,1,2,51,0,1,0,0,1,0,0,0,0,0,0,0,0,0,0,0,0
2021-01-04,15.946842255021576,1,2,58,0,0,0,0,0,0,0,0,0,0,0,0,0,0,0,0,0
2021-01-05,7.252464523799504,1,2,65,0,0,0,0,0,0,0,0,0,0,0,0,0,0,0,0,0
2021-01-06,14.41688552792137,1,2,51,0,0,0,0,0,0,0,0,0,0,0,0,0,0,0,0,0
2021-01-07,1.3705583755649464,1,3,68,0,0,0,0,0,0,0,0,0,0,0,0,0,0,0,0,0
2021-01-08,0.4568527918549821,1,4,49,1,0,0,0,0,0,0,0,0,0,0,0,0,0,0,0,0
2021-01-09,2.13197969532325,1,3,45,0,0,0,1,0,0,0,0,0,0,0,0,0,0,0,0,0
2021-01-10,12.93218081587992,1,3,42,0,0,0,1,0,0,0,0,0,0,0,0,0,0,0,0,0
2021-01-11,3.350253806936536,1,4,46,1,0,0,0,0,0,0,0,0,0,0,0,0,0,0,0,0
2021-01-12,1.6751269034682676,1,3,56,0,0,0,0,0,0,0,0,0,0,0,0,0,0,0,0,0
2021-01-13,8.725348082661462,1,2,55,0,0,0,0,0,0,0,0,0,0,0,0,0,0,0,0,0
2021-01-14,12.851251384523518,1,1,68,0,0,0,0,0,0,0,0,0,0,0,0,0,0,0,0,0
2021-01-15,12.884575268023216,1,2,67,0,0,0,0,0,0,0,0,0,0,0,0,0,0,0,0,0
2021-01-16,7.335747487953835,1,2,59,0,0,0,1,0,0,0,0,0,0,0,0,0,0,0,0,0
2021-01-18,1.5228426395166066,1,2,86,0,0,0,0,0,0,0,0,0,0,0,0,0,0,0,0,0
2021-01-19,8.289891042747097,1,1,72,0,0,0,0,0,0,0,0,0,0,0,0,0,0,0,0,0
2021-01-20,6.793258199146577,1,2,56,0,0,0,0,0,0,0,0,0,0,0,0,0,0,0,0,0
2021-01-21,10.971527603651014,1,2,51,0,0,0,0,0,0,0,0,0,0,0,0,0,0,0,0,0
2021-01-22,5.239498698118016,1,1,50,0,0,0,0,0,0,0,0,0,0,0,0,0,0,0,0,0
2021-01-23,11.230897605685357,1,2,91,0,0,0,1,0,0,0,0,0,0,0,0,0,0,0,0,0
2021-01-24,4.97777516328572,1,1,77,0,0,0,1,0,0,0,0,0,0,0,0,0,0,0,0,0
2021-01-25,8.994239194267148,1,2,54,0,0,0,0,0,0,0,0,0,0,0,0,0,0,0,0,0
2021-01-26,11.468818366589298,1,2,57,0,0,0,0,0,0,0,0,0,0,0,0,0,0,0,0,0
2021-01-27,6.557690971040578,1,1,66,0,0,0,0,0,0,0,0,0,0,0,0,0,0,0,0,0
2021-01-28,4.3591169979077415,1,2,66,0,0,0,0,0,0,0,0,0,0,0,0,0,0,0,0,0
2021-01-29,6.550576883456976,1,3,61,0,0,0,0,0,0,0,0,0,0,0,0,0,0,0,0,0
2021-01-30,8.89191401097014,1,2,44,0,0,0,1,0,0,0,0,0,0,0,0,0,0,0,0,0
2021-01-31,6.9193861563719485,1,2,65,0,0,0,1,0,0,0,0,0,0,0,0,0,0,0,0,0
2021-02-01,9.872213872489692,1,2,43,0,0,0,0,0,0,0,0,0,0,0,0,0,0,0,0,0
2021-02-02,8.368466941305554,1,2,51,0,0,0,0,0,0,0,0,0,0,0,0,0,0,0,0,0
2021-02-03,13.41759693644892,1,2,54,0,0,0,0,0,0,0,0,0,0,0,0,0,0,0,0,0
2021-02-04,16.287141688412337,1,2,55,0,0,0,0,0,0,0,0,0,0,0,0,0,0,0,0,0
2021-02-07,9.710408498966691,1,2,47,0,0,0,0,0,0,0,0,0,0,0,0,0,0,0,0,0
2021-02-08,19.68494755401577,1,2,58,0,0,0,0,0,0,0,0,0,0,0,0,0,0,0,0,0
2021-02-09,9.715222542942149,1,2,57,0,0,0,0,0,0,0,0,0,0,0,0,0,0,0,0,0
2021-02-10,13.227281723401696,1,2,52,0,1,0,0,1,0,0,0,0,0,0,0,0,0,0,0,0
2021-02-11,11.061978144578744,2,3,56,0,1,0,0,1,1,0,0,0,0,0,0,0,0,0,0,0
2021-02-12,8.275662867579879,2,3,40,0,0,1,0,1,1,0,0,0,0,0,0,0,0,0,0,0
2021-02-13,16.82010986764824,1,2,33,0,0,1,0,1,0,0,0,0,0,0,0,0,0,0,0,0
2021-02-14,20.91744984079628,1,2,37,0,0,1,0,1,0,0,0,0,0,0,0,0,0,0,0,0
2021-02-15,22.70918359191858,1,1,33,0,0,1,0,1,0,0,0,0,0,0,0,0,0,0,0,0
2021-02-16,15.095077372715124,1,2,45,0,0,1,0,1,0,0,0,0,0,0,0,0,0,0,0,0
2021-02-17,10.869255909543783,1,2,45,0,1,0,0,1,0,0,0,0,0,0,0,0,0,0,0,0
2021-02-18,10.4052355409154,1,2,45,0,0,0,0,0,0,0,0,0,0,0,0,0,0,0,0,0
2021-02-19,13.99576364155381,1,3,45,0,0,0,0,0,0,0,0,0,0,0,0,0,0,0,0,0
2021-02-20,8.059137858616568,1,3,47,0,0,0,0,0,0,0,0,0,0,0,0,0,0,0,0,0
2021-02-21,13.769771012208947,1,2,55,0,0,0,1,0,0,0,0,0,0,0,0,0,0,0,0,0
2021-02-22,17.645878910797784,1,2,58,0,0,0,0,0,0,0,0,0,0,0,0,0,0,0,0,0
2021-02-23,13.517568586948,1,2,55,0,0,0,0,0,0,0,0,0,0,0,0,0,0,0,0,0
2021-02-24,18.438270581257843,1,2,55,0,0,0,0,0,0,0,0,0,0,0,0,0,0,0,0,0
2021-02-25,28.15584665626032,1,2,49,0,0,0,0,0,0,0,0,0,0,0,0,0,0,0,0,0
2021-02-26,18.333538375973102,1,3,48,0,0,0,0,0,0,0,0,0,0,0,0,0,0,0,0,0
2021-02-27,14.923804378810582,1,2,40,0,0,0,1,0,0,0,0,0,0,0,0,0,0,0,0,0
2021-02-28,15.882708488389516,1,2,46,0,0,0,1,0,0,0,0,0,0,0,0,0,0,0,0,0
2021-03-01,16.106347584936444,1,2,46,0,0,0,0,0,0,0,0,0,0,0,0,0,0,0,0,0
2021-03-02,13.40101522774614,1,2,40,0,0,0,0,0,0,0,0,0,0,0,0,0,0,0,0,0
2021-03-03,10.046000866761556,1,2,44,0,0,0,0,0,0,0,0,0,0,0,0,0,0,0,0,0
2021-03-04,28.48416446890219,1,3,45,0,0,0,0,0,0,0,0,0,0,0,0,0,0,0,0,0
2021-03-05,21.23164645665053,1,2,45,0,0,0,0,0,0,0,0,0,0,0,0,0,0,0,0,0
2021-03-06,18.740378597983643,2,3,52,0,0,0,1,0,1,0,0,0,0,0,0,0,0,0,0,0
2021-03-07,18.761774349924263,2,1,66,0,0,0,1,0,1,0,0,0,0,0,0,0,0,0,0,0
2021-03-08,13.52468267453161,2,2,53,0,0,0,0,0,1,0,0,0,0,0,0,0,0,0,0,0
2021-03-09,17.372227244406435,2,2,33,0,0,0,0,0,1,0,0,0,0,0,0,0,0,0,0,0
2021-03-10,6.086610004018379,1,2,39,0,0,0,0,0,0,0,0,0,0,0,0,0,0,0,0,0
2021-03-11,2.7411167511298924,1,2,48,0,0,0,0,0,0,0,0,0,0,0,0,0,0,0,0,0
2021-03-12,12.032756896526964,1,3,48,0,0,0,0,0,0,0,0,0,0,0,0,0,0,0,0,0
2021-03-13,8.323268415436585,1,2,44,0,0,0,1,0,0,0,0,0,0,0,0,0,0,0,0,0
2021-03-14,6.5934218765280095,1,2,50,0,0,0,1,0,0,0,0,0,0,0,0,0,0,0,0,0
2021-03-15,8.097222296901936,1,2,46,0,0,0,0,0,0,0,0,0,0,0,0,0,0,0,0,0
2021-03-16,11.721074281040034,1,2,51,0,0,0,0,0,0,0,0,0,0,0,0,0,0,0,0,0
2021-03-17,8.123378603628218,1,1,41,0,0,0,0,0,0,0,0,0,0,0,0,0,0,0,0,0
2021-03-18,13.424764513222328,1,2,47,0,0,0,0,0,0,0,0,0,0,0,0,0,0,0,0,0
2021-03-19,10.19587810872548,1,2,36,0,0,0,0,0,0,0,0,0,0,0,0,0,0,0,0,0
2021-03-20,10.357683482248497,1,2,45,0,0,0,1,0,0,0,0,0,0,0,0,0,0,0,0,0
2021-03-21,14.923857867262749,1,1,39,0,0,0,1,0,0,0,0,0,0,0,0,0,0,0,0,0
2021-03-22,11.269035532422892,1,2,42,0,0,0,0,0,0,0,0,0,0,0,0,0,0,0,0,0
2021-03-23,13.343835081865937,1,3,51,0,0,0,0,0,0,0,0,0,0,0,0,0,0,0,0,0
2021-03-24,11.989965392645722,1,3,44,0,0,0,0,0,0,0,0,0,0,0,0,0,0,0,0,0
2021-03-25,19.606532123026696,1,1,65,0,0,0,0,0,0,0,0,0,0,0,0,0,0,0,0,0
2021-03-26,21.338785683923007,1,2,82,0,0,0,0,0,0,0,0,0,0,0,0,0,0,0,0,0
2021-03-27,16.644129808147817,1,1,69,0,0,0,1,0,0,0,0,0,0,0,0,0,0,0,0,0
2021-03-28,18.109899279426173,1,3,43,0,0,0,1,0,0,0,0,0,0,0,0,0,0,0,0,0
2021-03-29,27.25171567131148,1,2,46,0,0,0,0,0,0,0,0,0,0,0,0,0,0,0,0,0
2021-03-30,16.598984770731015,1,2,42,0,0,0,0,0,0,0,0,0,0,0,0,0,0,0,0,0
2021-03-31,14.771573603311086,1,3,28,0,0,0,0,0,0,0,0,0,0,0,0,0,0,0,0,0
2021-04-01,12.8370766985461,1,3,23,0,0,0,0,0,0,0,0,0,0,0,0,0,0,0,0,0
2021-04-02,10.03647975719022,1,3,25,0,1,0,0,1,0,0,0,0,0,0,0,0,0,0,0,0
2021-04-03,8.815798623589199,1,3,28,0,1,0,0,1,0,0,0,0,0,0,0,0,0,0,0,0
2021-04-04,12.337325424430285,1,3,29,0,0,1,0,1,0,0,0,0,0,0,0,0,0,0,0,0
2021-04-05,12.170759496121615,1,2,32,0,1,0,0,1,0,0,0,0,0,0,0,0,0,0,0,0
2021-04-06,10.0483543995595,1,2,36,0,0,0,0,0,0,0,0,0,0,0,0,0,0,0,0,0
2021-04-07,9.260776773074902,1,2,46,0,0,0,0,0,0,0,0,0,0,0,0,0,0,0,0,0
2021-04-08,12.358774665560702,1,2,56,0,0,0,0,0,0,0,0,0,0,0,0,0,0,0,0,0
2021-04-09,20.80811754829524,1,3,46,0,0,0,0,0,0,0,0,0,0,0,0,0,0,0,0,0
2021-04-10,11.266628511172785,1,2,41,0,0,0,1,0,0,0,0,0,0,0,0,0,0,0,0,0
2021-04-11,6.700507613873072,1,2,44,0,0,0,1,0,0,0,0,0,0,0,0,0,0,0,0,0
2021-04-12,5.939086294114768,1,1,51,0,0,0,0,0,0,0,0,0,0,0,0,0,0,0,0,0
2021-04-13,10.1697218019992,1,2,38,0,0,0,0,0,0,0,0,0,0,0,0,0,0,0,0,0
2021-04-14,6.39593908596975,1,2,38,0,0,0,0,0,0,0,0,0,0,0,0,0,0,0,0,0
2021-04-15,12.335025380084517,1,2,43,0,0,0,0,0,0,0,0,0,0,0,0,0,0,0,0,0
2021-04-16,13.891138414648646,1,3,40,0,0,0,0,0,0,0,0,0,0,0,0,0,0,0,0,0
2021-04-17,11.618749097743017,1,3,37,0,0,0,1,0,0,0,0,0,0,0,0,0,0,0,0,0
2021-04-18,10.050761420809607,1,2,41,0,0,0,1,0,0,0,0,0,0,0,0,0,0,0,0,0
2021-04-19,7.005076141776394,1,1,46,0,0,0,0,0,0,0,0,0,0,0,0,0,0,0,0,0
2021-04-20,3.0456852790332136,1,3,74,0,0,0,0,0,0,0,0,0,0,0,0,0,0,0,0,0
2021-04-21,2.893401015081553,1,3,66,0,0,0,0,0,0,0,0,0,0,0,0,0,0,0,0,0
2021-04-22,3.654822334839857,1,3,49,0,0,0,0,0,0,0,0,0,0,0,0,0,0,0,0,0
2021-04-23,3.654822334839857,1,1,53,0,0,0,0,0,0,0,0,0,0,0,0,0,0,0,0,0
2021-04-24,2.893401015081553,1,2,56,0,0,0,1,0,0,0,0,0,0,0,0,0,0,0,0,0
2021-04-25,3.1979695429848745,1,2,56,0,0,0,0,0,0,0,0,0,0,0,0,0,0,0,0,0
2021-04-26,3.654822334839857,1,3,38,0,0,0,0,0,0,0,0,0,0,0,0,0,0,0,0,0
2021-04-27,13.643643054983576,2,2,40,0,0,0,0,0,1,0,0,0,0,0,0,0,0,0,0,0
2021-04-28,10.088792370642809,1,3,38,0,0,0,0,0,0,0,0,0,0,0,0,0,0,0,0,0
2021-04-29,5.939086294114768,2,2,35,0,0,0,0,0,1,0,0,0,0,0,0,0,0,0,0,0
2021-04-30,2.588832487178232,2,2,44,0,1,0,0,1,1,0,0,0,0,0,0,0,0,0,0,0
2021-05-01,4.720812182501483,2,2,52,0,1,0,0,1,1,0,0,0,0,0,0,0,0,0,0,0
2021-05-02,10.143512006083114,1,2,53,0,0,1,0,1,0,0,0,0,0,0,0,0,0,0,0,0
2021-05-03,5.634517766211446,1,2,59,0,0,1,0,1,0,0,0,0,0,0,0,0,0,0,0,0
2021-05-04,5.634517766211446,1,2,49,0,0,1,0,1,0,0,0,0,0,0,0,0,0,0,0,0
2021-05-05,6.472054474088304,2,3,39,0,1,0,0,1,1,0,0,0,0,0,0,0,0,0,0,0
2021-05-06,6.852791877824732,2,3,34,0,0,0,0,0,1,0,0,0,0,0,0,0,0,0,0,0
2021-05-07,7.614213197583035,1,2,61,0,0,0,0,0,0,0,0,0,0,0,0,0,0,0,0,0
2021-05-08,5.634517766211446,1,3,58,0,0,0,0,0,0,0,0,0,0,0,0,0,0,0,0,0
2021-05-09,5.329949238308124,1,2,55,0,0,0,1,0,0,0,0,0,0,0,0,0,0,0,0,0
2021-05-10,6.54822334992141,1,3,37,0,0,0,0,0,0,0,0,0,0,0,0,0,0,0,0,0
2021-05-11,4.41624365459816,1,3,39,0,0,0,0,0,0,0,0,0,0,0,0,0,0,0,0,0
2021-05-12,5.329949238308124,1,3,38,0,0,0,0,0,0,0,0,0,0,0,0,0,0,0,0,0
2021-05-13,7.005076141776394,1,3,25,0,0,0,0,0,0,0,0,0,0,0,0,0,0,0,0,0
2021-05-14,9.593908628954624,1,3,24,0,0,0,0,0,0,0,0,0,0,0,0,0,0,0,0,0
2021-05-15,8.37563451734134,2,3,33,0,0,0,1,0,1,0,0,0,0,0,0,0,0,0,0,0
2021-05-16,7.157360405728053,2,3,29,0,0,0,1,0,1,0,0,0,0,0,0,0,0,0,0,0
2021-05-17,10.507614212664588,1,3,31,0,0,0,0,0,0,0,0,0,0,0,0,0,0,0,0,0
2021-05-18,13.09644669984282,1,3,29,0,0,0,0,0,0,0,0,0,0,0,0,0,0,0,0,0
2021-05-19,11.116751268471232,1,3,25,0,0,0,0,0,0,0,0,0,0,0,0,0,0,0,0,0
2021-05-20,9.746192892906285,1,3,28,0,0,0,0,0,0,0,0,0,0,0,0,0,0,0,0,0
2021-05-21,11.116751268471232,1,1,27,0,0,0,0,0,0,0,0,0,0,0,0,0,0,0,0,0
2021-05-22,11.573604060326211,1,3,28,0,0,0,1,0,0,0,0,0,0,0,0,0,0,0,0,0
2021-05-23,12.335025380084517,1,3,24,0,0,0,1,0,0,0,0,0,0,0,0,0,0,0,0,0
2021-05-24,13.705583755649464,1,3,27,0,0,0,0,0,0,0,0,0,0,0,0,0,0,0,0,0
2021-05-25,21.75755403749262,1,3,28,0,0,0,0,0,0,0,0,0,0,0,0,0,0,0,0,0
2021-05-26,14.98809861301202,1,2,33,0,0,0,0,0,0,0,0,0,0,0,0,0,0,0,0,0
2021-05-27,21.84089049083675,2,2,30,0,0,0,0,0,1,0,0,0,0,0,0,0,0,0,0,0
2021-05-28,21.92893400903914,2,3,22,0,0,0,0,0,1,0,0,0,0,0,0,0,0,0,0,0
2021-05-29,16.598984770731015,2,3,26,0,0,0,1,0,1,0,0,0,0,0,0,0,0,0,0,0
2021-05-30,16.903553298634336,2,3,31,0,0,0,1,0,1,0,0,0,0,0,0,0,0,0,0,0
2021-05-31,14.771573603311086,2,4,35,1,0,0,0,0,1,0,0,0,0,0,0,0,0,0,0,0
2021-06-01,19.62557434216937,2,4,23,1,0,0,0,0,1,0,0,0,0,0,0,0,0,0,0,0
2021-06-02,17.36035260203715,2,3,29,0,0,0,0,0,1,0,0,0,0,0,0,0,0,0,0,0
2021-06-03,16.653704406908954,1,3,29,0,0,0,0,0,0,0,0,0,0,0,0,0,0,0,0,0
2021-06-04,28.11540868517702,1,2,35,0,0,0,0,0,0,0,0,0,0,0,0,0,0,0,0,0
2021-06-05,22.373805180882883,1,2,61,0,0,0,1,0,0,0,0,0,0,0,0,0,0,0,0,0
2021-06-06,17.46267778533417,1,2,77,0,0,0,1,0,0,0,0,0,0,0,0,0,0,0,0,0
2021-06-07,15.31165587086824,1,3,40,0,0,0,0,0,0,0,0,0,0,0,0,0,0,0,0,0
2021-06-08,12.8299091217727,1,2,34,0,0,0,0,0,0,0,0,0,0,0,0,0,0,0,0,0
2021-06-09,17.357945580049417,1,2,30,0,0,0,0,0,0,0,0,0,0,0,0,0,0,0,0,0
2021-06-10,15.361614951522876,2,3,26,0,0,0,0,0,1,0,0,0,0,0,0,0,0,0,0,0
2021-06-11,11.83532759589613,2,3,24,0,1,0,0,1,1,0,0,0,0,0,0,0,0,0,0,0
2021-06-12,21.1293747625433,2,4,24,1,1,0,0,1,1,0,0,0,0,0,0,0,0,0,0,0
2021-06-13,24.61763116907449,2,3,25,0,0,1,0,1,1,0,0,0,0,0,0,0,0,0,0,0
2021-06-14,15.38071065911773,2,3,26,0,1,0,0,1,1,0,0,0,0,0,0,0,0,0,0,0
2021-06-15,12.030456852181194,1,3,27,0,0,0,0,0,0,0,0,0,0,0,0,0,0,0,0,0
2021-06-16,15.076142131214407,1,3,31,0,0,0,0,0,0,0,0,0,0,0,0,0,0,0,0,0
2021-06-17,17.8172588823443,1,3,32,0,0,0,0,0,0,0,0,0,0,0,0,0,0,0,0,0
2021-06-18,21.62436548113582,1,4,29,1,0,0,0,0,0,0,0,0,0,0,0,0,0,0,0,0
2021-06-19,24.822335024120694,1,4,28,1,0,0,1,0,0,0,0,0,0,0,0,0,0,0,0,0
2021-06-20,21.47208121718416,1,3,30,0,0,0,1,0,0,0,0,0,0,0,0,0,0,0,0,0
2021-06-21,14.619289339359426,2,2,31,0,0,0,0,0,1,0,0,0,0,0,0,0,0,0,0,0
2021-06-22,16.627494610992862,2,3,44,0,0,0,0,0,1,0,0,0,0,0,0,0,0,0,0,0
2021-06-23,15.754226998366208,2,2,41,0,0,0,0,0,1,0,0,0,0,0,0,0,0,0,0,0
2021-06-24,16.027825175567774,2,2,35,0,0,0,0,0,1,0,0,0,0,0,0,0,0,0,0,0
2021-06-25,18.136002096962677,1,2,32,0,0,0,0,0,0,0,0,0,0,0,0,0,0,0,0,0
2021-06-26,14.281396928694038,2,3,38,0,0,0,1,0,1,0,0,0,0,0,0,0,0,0,0,0
2021-06-27,10.203045684761268,2,3,39,0,0,0,1,0,1,0,0,0,0,0,0,0,0,0,0,0
2021-06-28,11.190513123791854,2,3,39,0,0,0,0,0,1,0,0,0,0,0,0,0,0,0,0,0
2021-07-02,17.51269035444098,2,3,38,0,0,0,0,0,1,0,1,0,0,0,0,0,0,0,0,0
2021-07-03,22.842639593486723,1,3,42,0,0,0,1,0,0,0,1,0,0,0,0,0,0,0,0,0
2021-07-04,27.02802308557476,1,3,34,0,0,0,1,0,0,0,1,0,0,0,0,0,0,0,0,0
2021-07-05,12.936994859855377,1,3,34,0,0,0,0,0,0,0,1,0,0,0,0,0,0,0,0,0
2021-07-06,24.50578487620613,1,3,34,0,0,0,0,0,0,0,1,0,0,0,0,0,0,0,0,0
2021-07-07,21.036624178007425,1,2,32,0,0,0,0,0,0,0,1,0,0,0,0,0,0,0,0,0
2021-07-08,18.730964466054264,1,3,22,0,0,0,0,0,0,0,1,0,0,0,0,0,0,0,0,0
2021-07-09,12.177980562084803,1,3,23,0,0,0,0,0,0,0,1,0,0,0,0,0,0,0,0,0
2021-07-10,10.507614212664588,2,3,26,0,0,0,1,0,1,0,1,0,0,0,0,0,0,0,0,0
2021-07-11,16.84637315275413,1,3,30,0,0,0,1,0,0,0,1,0,0,0,0,0,0,0,0,0
2021-07-12,13.155926890806429,1,2,32,0,0,0,0,0,0,0,1,0,0,0,0,0,0,0,0,0
2021-07-13,15.85895920365096,1,3,26,0,0,0,0,0,0,0,1,0,0,0,0,0,0,0,0,0
2021-07-14,25.205372472940518,1,2,22,0,0,0,0,0,0,0,1,0,0,0,0,0,0,0,0,0
2021-07-15,17.317561098155917,1,3,26,0,0,0,0,0,0,0,1,0,0,0,0,0,0,0,0,0
2021-07-16,21.793231453790256,1,3,29,0,0,0,0,0,0,0,1,0,0,0,0,0,0,0,0,0
2021-07-17,13.648457098959044,1,2,32,0,0,0,1,0,0,0,1,0,0,0,0,0,0,0,0,0
2021-07-18,16.382406273315528,1,2,24,0,0,0,1,0,0,0,1,0,0,0,0,0,0,0,0,0
2021-07-19,11.880526121765104,1,2,30,0,0,0,0,0,0,0,1,0,0,0,0,0,0,0,0,0
2021-07-20,19.259118602052343,2,2,31,0,0,0,0,0,1,0,1,0,0,0,0,0,0,0,0,0
2021-07-21,15.83986349531848,2,3,29,0,0,0,0,0,1,0,1,0,0,0,0,0,0,0,0,0
2021-07-22,13.06071579509302,2,3,23,0,0,0,0,0,1,0,1,0,0,0,0,0,0,0,0,0
2021-07-23,15.830395874936926,2,3,24,0,0,0,0,0,1,0,1,0,0,0,0,0,0,0,0,0
2021-07-24,13.938743962505349,2,3,28,0,0,0,1,0,1,0,1,0,0,0,0,0,0,0,0,0
2021-07-25,12.311222606893786,1,2,37,0,0,0,1,0,0,0,1,0,0,0,0,0,0,0,0,0
2021-07-26,18.08850352748556,1,2,58,0,0,0,0,0,0,0,1,0,0,0,0,0,0,0,0,0
2021-07-27,19.409049333206063,1,2,60,0,0,0,0,0,0,0,1,0,0,0,0,0,0,0,0,0
2021-07-28,19.66365878045474,1,2,45,0,0,0,0,0,0,0,1,0,0,0,0,0,0,0,0,0
2021-07-29,10.764577193448828,1,2,34,0,0,0,0,0,0,0,1,0,0,0,0,0,0,0,0,0
2021-07-30,10.262525875724874,1,2,52,0,0,0,0,0,0,0,1,0,0,0,0,0,0,0,0,0
2021-07-31,10.65989847661625,2,2,40,0,0,0,1,0,1,0,1,0,0,0,0,0,0,0,0,0
2021-08-01,26.499761971934728,2,2,25,0,0,0,1,0,1,0,1,0,0,0,0,0,0,0,0,0
2021-08-02,26.090461238746663,2,2,22,0,0,0,0,0,1,0,1,0,0,0,0,0,0,0,0,0
2021-08-03,20.54874754626089,2,3,26,0,0,0,0,0,1,0,1,0,0,0,0,0,0,0,0,0
2021-08-04,26.67344198782702,1,2,28,0,0,0,0,0,0,0,1,0,0,0,0,0,0,0,0,0
2021-08-05,26.44734238010257,2,3,31,0,0,0,0,0,1,0,1,0,0,0,0,0,0,0,0,0
2021-08-06,18.01944873849844,2,2,30,0,0,0,0,0,1,0,1,0,0,0,0,0,0,0,0,0
2021-08-07,10.852567223199038,2,2,26,0,0,0,1,0,1,0,1,0,0,0,0,0,0,0,0,0
2021-08-08,15.680465143783213,2,2,39,0,0,0,1,0,1,0,1,0,0,0,0,0,0,0,0,0
2021-08-09,11.687803886730135,2,2,42,0,0,0,0,0,1,0,1,0,0,0,0,0,0,0,0,0
2021-08-10,14.942846597953263,2,2,41,0,0,0,0,0,1,0,1,0,0,0,0,0,0,0,0,0
2021-08-11,11.354672030112797,2,2,31,0,0,0,0,0,1,0,1,0,0,0,0,0,0,0,0,0
2021-08-12,8.223350253389679,2,3,29,0,0,0,0,0,1,0,1,0,0,0,0,0,0,0,0,0
2021-08-13,8.527918781293,2,2,31,0,0,0,0,0,1,0,1,0,0,0,0,0,0,0,0,0
2021-08-14,15.440190850081336,2,2,27,0,0,0,1,0,1,0,1,0,0,0,0,0,0,0,0,0
2021-08-15,9.746192892906285,2,2,24,0,0,0,1,0,1,0,1,0,0,0,0,0,0,0,0,0
2021-08-16,15.221258819130284,2,2,24,0,0,0,0,0,1,0,1,0,0,0,0,0,0,0,0,0
2021-08-17,22.678427197976,2,2,22,0,0,0,0,0,1,0,1,0,0,0,0,0,0,0,0,0
2021-08-18,22.03120570388399,1,2,23,0,0,0,0,0,0,0,1,0,0,0,0,0,0,0,0,0
2021-08-19,23.746717089245763,1,2,22,0,0,0,0,0,0,0,1,0,0,0,0,0,0,0,0,0
2021-08-20,16.449054040314923,1,2,27,0,0,0,0,0,0,0,1,0,0,0,0,0,0,0,0,0
2021-08-21,16.29441624282769,2,2,31,0,0,0,1,0,1,0,1,0,0,0,0,0,0,0,0,0
2021-08-22,19.644670049764223,1,2,30,0,0,0,1,0,0,0,1,0,0,0,0,0,0,0,0,0
2021-08-23,19.644670049764223,1,2,28,0,0,0,0,0,0,0,1,0,0,0,0,0,0,0,0,0
2021-08-24,22.48570496294103,1,3,26,0,0,0,0,0,0,0,1,0,0,0,0,0,0,0,0,0
2021-08-25,18.350227062317835,1,3,19,0,0,0,0,0,0,0,1,0,0,0,0,0,0,0,0,0
2021-08-26,24.02036875563712,1,3,18,0,0,0,0,0,0,0,1,0,0,0,0,0,0,0,0,0
2021-08-27,24.665183227741394,1,3,18,0,0,0,0,0,0,0,1,0,0,0,0,0,0,0,0,0
2021-08-28,27.3325381242883,1,2,24,0,0,0,1,0,0,0,1,0,0,0,0,0,0,0,0,0
2021-08-29,19.71837841589505,2,2,19,0,0,0,1,0,1,0,1,0,0,0,0,0,0,0,0,0
2021-08-30,22.55465277354856,2,3,26,0,0,0,0,0,1,0,1,0,0,0,0,0,0,0,0,0
2021-08-31,25.62884789210601,2,2,27,0,0,0,0,0,1,0,1,1,0,0,0,0,0,0,0,0
2021-09-01,28.329526672152603,1,3,28,0,0,0,0,0,0,0,1,1,0,0,0,0,0,0,0,0
2021-09-02,33.42626221515266,1,2,31,0,0,0,0,0,0,0,1,1,0,0,0,0,0,0,0,0
2021-09-03,34.13772445425633,1,2,32,0,0,0,0,0,0,0,1,1,0,0,0,0,0,0,0,0
2021-09-04,42.170706006931816,1,2,20,0,0,0,1,0,0,0,1,1,0,0,0,0,0,0,0,0
2021-09-05,29.7714398803128,1,2,21,0,0,0,1,0,0,0,1,1,0,0,0,0,0,0,0,0
2021-09-06,27.113606093337246,1,2,28,0,0,0,0,0,0,0,1,1,0,0,0,0,0,0,0,0
2021-09-07,31.50845399599479,1,2,24,0,0,0,0,0,0,0,1,1,0,0,0,0,0,0,0,0
2021-09-08,35.15134819927558,1,2,24,0,0,0,0,0,0,0,1,1,0,0,0,0,0,0,0,0
2021-09-09,31.00875621106878,1,2,38,0,0,0,0,0,0,0,1,1,0,0,0,0,0,0,0,0
2021-09-10,33.20738367339141,1,2,36,0,0,0,0,0,0,0,1,1,0,0,0,0,0,0,0,0
2021-09-11,34.694548896610385,1,2,42,0,0,0,1,0,0,0,1,1,0,0,0,0,0,0,0,0
2021-09-12,33.51435922328246,1,2,48,0,0,0,1,0,0,0,1,1,0,0,0,0,0,0,0,0
2021-09-13,35.98658486280667,1,2,38,0,0,0,0,0,0,0,1,1,0,0,0,0,0,0,0,0
2021-09-14,24.103651719791458,1,2,28,0,0,0,0,0,0,0,1,1,0,0,0,0,0,0,0,0
2021-09-15,20.191866404904985,1,2,51,0,0,0,0,0,0,0,1,1,0,0,0,0,0,0,0,0
2021-09-16,18.84270378128066,1,2,46,0,0,0,0,0,0,0,1,1,0,0,0,0,0,0,0,0
2021-09-17,23.66343412509143,2,2,59,0,0,0,0,0,1,0,1,1,0,0,0,0,0,0,0,0
2021-09-18,16.446647018327187,1,2,40,0,1,0,0,1,0,0,1,1,0,0,0,0,0,0,0,0
2021-09-19,22.342834830181133,1,3,23,0,1,0,0,1,0,0,1,1,0,0,0,0,0,0,0,0
2021-09-20,19.751648810204955,2,2,29,0,0,1,0,1,1,0,1,1,0,0,0,0,0,0,0,0
2021-09-21,19.977694928739613,2,2,34,0,1,0,0,1,1,0,1,1,0,0,0,0,0,0,0,0
2021-09-22,19.223441185754712,2,2,23,0,0,0,0,0,1,0,1,1,0,0,0,0,0,0,0,0
2021-09-23,20.66300086111698,2,3,16,0,0,0,0,0,1,0,1,1,0,0,0,0,0,0,0,0
2021-09-24,20.90332864400864,1,3,21,0,0,0,0,0,0,0,1,1,0,0,0,0,0,0,0,0
2021-09-25,21.79799200857593,1,3,31,0,0,0,1,0,0,0,1,1,0,0,0,0,0,0,0,0
2021-09-26,19.868255657858988,1,2,36,0,0,0,0,0,0,0,1,1,0,0,0,0,0,0,0,0
2021-09-27,17.36746668962076,1,2,46,0,0,0,0,0,0,0,1,1,0,0,0,0,0,0,0,0
2021-09-28,23.580204650126888,1,2,58,0,0,0,0,0,0,0,1,1,0,0,0,0,0,0,0,0
2021-09-29,25.45522136540352,1,2,48,0,0,0,0,0,0,0,1,1,0,0,0,0,0,0,0,0
2021-09-30,26.011992318567785,1,2,58,0,1,0,0,1,0,0,1,1,0,0,0,0,0,0,0,0
2021-10-01,25.219600648107733,2,2,52,0,1,0,0,1,1,0,1,1,0,0,0,0,0,0,0,0
2021-10-02,27.43010275279964,1,2,36,0,0,1,0,1,0,0,1,1,0,0,0,0,0,0,0,0
2021-10-03,17.812444839106462,1,3,24,0,0,1,0,1,0,0,1,1,0,0,0,0,0,0,0,0
2021-10-04,12.432536520143689,1,2,32,0,0,1,0,1,0,0,1,1,0,0,0,0,0,0,0,0
2021-10-05,17.091461490431463,1,3,34,0,0,1,0,1,0,0,1,1,0,0,0,0,0,0,0,0
2021-10-06,17.44598909898943,1,3,43,0,0,1,0,1,0,0,1,1,0,0,0,0,0,0,0,0
2021-10-07,20.84384845378266,2,4,32,1,1,0,0,1,1,0,1,1,0,0,0,0,0,0,0,0
2021-10-08,37.53082325426389,2,3,10,0,0,0,0,0,1,0,1,1,0,0,0,0,0,0,0,0
2021-10-09,37.26433916464593,2,5,16,1,0,0,0,0,1,0,1,1,0,0,0,0,0,0,0,0
2021-10-10,31.325199381341378,2,3,26,0,0,0,1,0,1,0,1,1,0,0,0,0,0,0,0,0
2021-10-11,22.87355645499869,2,4,40,1,0,0,0,0,1,0,1,1,0,0,0,0,0,0,0,0
2021-10-12,22.385786800894124,2,5,24,1,0,0,0,0,1,0,1,1,0,0,0,0,0,0,0,0
2021-10-13,20.18239878452344,2,4,17,1,0,0,0,0,1,0,1,1,0,0,0,0,0,0,0,0
2021-10-14,21.031810134031957,2,3,22,0,0,0,0,0,1,0,1,1,0,0,0,0,0,0,0,0
2021-10-15,21.662342941779222,2,3,27,0,0,0,0,0,1,0,1,1,0,0,0,0,0,0,0,0
2021-10-16,14.162436547504443,1,4,28,1,0,0,1,0,0,0,1,1,0,0,0,0,0,0,0,0
2021-10-17,16.29441624282769,1,4,20,1,0,0,1,0,0,0,1,1,0,0,0,0,0,0,0,0
2021-10-18,19.28056784318275,1,2,31,0,0,0,0,0,0,0,1,1,0,0,0,0,0,0,0,0
2021-10-19,26.84712200371929,1,2,35,0,0,0,0,0,0,0,1,1,0,0,0,0,0,0,0,0
2021-10-20,21.94551571774192,1,2,32,0,0,0,0,0,0,0,1,1,0,0,0,0,0,0,0,0
2021-10-21,12.306462052108117,2,3,28,0,0,0,0,0,1,0,1,1,0,0,0,0,0,0,0,0
2021-10-22,17.208121826537656,1,4,20,1,0,0,0,0,0,0,1,1,0,0,0,0,0,0,0,0
2021-10-23,20.782014730758743,1,3,37,0,0,0,1,0,0,0,1,1,0,0,0,0,0,0,0,0
2021-10-24,37.81875658653511,1,3,26,0,0,0,1,0,0,0,1,1,0,0,0,0,0,0,0,0
2021-10-25,34.05920204488765,1,3,28,0,0,0,0,0,0,0,1,1,0,0,0,0,0,0,0,0
2021-10-26,28.236722598426923,1,2,42,0,0,0,0,0,0,0,1,1,0,0,0,0,0,0,0,0
2021-10-27,47.7290014058599,1,2,41,0,0,0,0,0,0,0,1,1,0,0,0,0,0,0,0,0
2021-10-28,37.9352564542867,1,2,44,0,0,0,0,0,0,0,1,1,0,0,0,0,0,0,0,0
2021-10-29,37.89722550519114,1,2,44,0,0,0,0,0,0,0,1,1,0,0,0,0,0,0,0,0
2021-10-30,41.14991468361632,1,2,47,0,0,0,1,0,0,0,0,1,1,0,0,0,0,0,0,0
2021-10-31,34.11868223511364,1,2,46,0,0,0,1,0,0,0,0,1,1,0,0,0,0,0,0,0
2021-11-01,25.409915861154964,1,2,46,0,0,0,0,0,0,0,0,1,1,0,0,0,0,0,0,0
2021-11-02,29.692917470944145,1,2,38,0,0,0,0,0,0,0,0,1,1,0,0,0,0,0,0,0
2021-11-03,26.199900509627284,1,2,47,0,0,0,0,0,0,0,0,1,1,0,0,0,0,0,0,0
2021-11-04,24.7793830534077,1,2,40,0,0,0,0,0,0,0,0,1,1,0,0,0,0,0,0,0
2021-11-05,27.04701181552766,1,2,34,0,0,0,0,0,0,0,0,1,1,0,0,0,0,0,0,0
2021-11-06,28.165314276641872,1,2,32,0,0,0,1,0,0,0,0,1,1,0,0,0,0,0,0,0
2021-11-07,27.16597219597962,1,2,29,0,0,0,1,0,0,0,0,1,1,0,0,0,0,0,0,0
2021-11-08,10.812182740567913,1,4,24,1,0,0,0,0,0,0,0,1,1,0,0,0,0,0,0,0
2021-11-09,8.37563451734134,1,3,36,0,0,0,0,0,0,0,0,1,1,0,0,0,0,0,0,0
2021-11-10,11.930485202419735,1,3,42,0,0,0,0,0,0,0,0,1,1,0,0,0,0,0,0,0
2021-11-11,18.661856188614976,1,2,43,0,0,0,0,0,0,0,0,1,1,0,0,0,0,0,0,0
2021-11-12,20.936599038318555,1,2,52,0,0,0,0,0,0,0,0,1,1,0,0,0,0,0,0,0
2021-11-13,12.82038801220135,1,2,52,0,0,0,1,0,0,0,0,1,1,0,0,0,0,0,0,0
2021-11-14,13.196311372699936,1,2,43,0,0,0,1,0,0,0,0,1,1,0,0,0,0,0,0,0
2021-11-15,13.73404010672152,1,2,52,0,0,0,0,0,0,0,0,1,1,0,0,0,0,0,0,0
2021-11-16,23.1351195222616,1,2,60,0,0,0,0,0,0,0,0,1,1,0,0,0,0,0,0,0
2021-11-17,10.619407017080777,1,2,64,0,0,0,0,0,0,0,0,1,1,0,0,0,0,0,0,0
2021-11-18,12.732344493261344,1,3,47,0,0,0,0,0,0,0,0,1,1,0,0,0,0,0,0,0
2021-11-19,16.372831674554398,1,2,50,0,0,0,0,0,0,0,0,1,1,0,0,0,0,0,0,0
2021-11-20,12.406380213417409,1,3,35,0,0,0,1,0,0,0,0,1,1,0,0,0,0,0,0,0
2021-11-21,17.614908560096033,2,2,39,0,0,0,1,0,1,0,0,1,1,0,0,0,0,0,0,0
2021-11-22,9.441624365002964,2,4,27,1,0,0,0,0,1,0,0,1,1,0,0,0,0,0,0,0
2021-11-23,8.984771573147983,1,3,51,0,0,0,0,0,0,0,0,1,1,0,0,0,0,0,0,0
2021-11-24,14.42410659388456,1,2,57,0,0,0,0,0,0,0,0,1,1,0,0,0,0,0,0,0
2021-11-25,17.6053874505247,1,2,59,0,0,0,0,0,0,0,0,1,1,0,0,0,0,0,0,0
2021-11-26,13.667445828911925,1,2,59,0,0,0,0,0,0,0,0,1,1,0,0,0,0,0,0,0
2021-11-27,10.719325178390068,1,2,51,0,0,0,1,0,0,0,0,1,1,0,0,0,0,0,0,0
2021-11-28,12.425368943370287,1,2,56,0,0,0,1,0,0,0,0,1,1,0,0,0,0,0,0,0
2021-11-29,14.54306697433653,1,2,54,0,0,0,0,0,0,0,0,1,1,0,0,0,0,0,0,0
2021-11-30,11.421319796374554,1,4,53,1,0,0,0,0,0,0,0,1,1,0,0,0,0,0,0,0
2021-12-01,23.544527233829253,1,4,45,1,0,0,0,0,0,0,0,1,1,0,0,0,0,0,0,0
2021-12-02,21.20072959513857,1,3,49,0,0,0,0,0,0,0,0,1,1,0,0,0,0,0,0,0
2021-12-03,19.968173819168268,1,3,49,0,0,0,0,0,0,0,0,1,1,0,0,0,0,0,0,0
2021-12-04,25.71448438905828,1,2,46,0,0,0,1,0,0,0,0,1,1,0,0,0,0,0,0,0
2021-12-05,24.12264044974436,1,2,53,0,0,0,1,0,0,0,0,1,1,0,0,0,0,0,0,0
2021-12-06,19.86584863587126,1,2,46,0,0,0,0,0,0,0,0,1,1,0,0,0,0,0,0,0
2021-12-07,28.236669109237123,1,2,49,0,0,0,0,0,0,0,0,1,1,0,0,0,0,0,0,0
2021-12-08,19.387600092075655,1,2,50,0,0,0,0,0,0,0,0,1,1,0,0,0,0,0,0,0
2021-12-09,18.73085748841231,1,2,57,0,0,0,0,0,0,0,0,1,1,0,0,0,0,0,0,0
2021-12-10,22.140591485574824,1,2,45,0,0,0,0,0,0,0,0,1,1,0,0,0,0,0,0,0
2021-12-11,20.90803570960453,1,2,51,0,0,0,1,0,0,0,0,1,1,0,0,0,0,0,0,0
2021-12-12,27.444330927966863,1,2,51,0,0,0,1,0,0,0,0,1,1,0,0,0,0,0,0,0
2021-12-13,14.86908474337026,1,3,74,0,0,0,0,0,0,0,0,1,1,0,0,0,0,0,0,0
2021-12-14,23.81807192184103,1,2,62,0,0,0,0,0,0,0,0,1,1,0,0,0,0,0,0,0
2021-12-15,19.39947473444493,1,2,37,0,0,0,0,0,0,0,0,1,1,0,0,0,0,0,0,0
2021-12-16,20.072852535263223,1,3,29,0,0,0,0,0,0,0,0,1,1,0,0,0,0,0,0,0
2021-12-17,13.705583755649464,1,3,34,0,0,0,0,0,0,0,0,1,1,0,0,0,0,0,0,0
2021-12-18,13.553299491697802,1,3,57,0,0,0,1,0,0,0,0,1,1,0,0,0,0,0,0,0
2021-12-19,19.74694174460908,2,3,54,0,0,0,1,0,1,0,0,1,1,0,0,0,0,0,0,0
2021-12-20,19.680293977609697,2,3,43,0,0,0,0,0,1,0,0,1,1,0,0,0,0,0,0,0
2021-12-21,15.08325621953564,2,3,17,0,0,0,0,0,1,0,0,1,1,0,0,0,0,0,0,0
2021-12-22,26.328381999650592,1,2,25,0,0,0,0,0,0,0,0,1,1,0,0,0,0,0,0,0
2021-12-23,27.322963525527157,1,1,39,0,0,0,0,0,0,0,0,1,1,0,0,0,0,0,0,0
2021-12-24,19.651677159705876,1,1,59,0,0,0,0,0,0,0,0,1,1,0,0,0,0,0,0,0
2021-12-25,20.667707926712865,2,2,46,0,0,0,1,0,1,0,0,1,1,0,0,0,0,0,0,0
2021-12-26,14.314720811456102,2,3,50,0,0,0,1,0,1,0,0,1,1,0,0,0,0,0,0,0
2021-12-27,10.96446700451957,1,3,21,0,0,0,0,0,0,0,0,1,1,0,0,0,0,0,0,0
2021-12-28,19.758816386978356,1,2,60,0,0,0,0,0,0,0,0,1,1,0,0,0,0,0,0,0
2021-12-29,20.0847806668223,1,2,65,0,0,0,0,0,0,0,0,0,1,1,0,0,0,0,0,0
2021-12-30,16.132557380852532,1,2,48,0,0,0,0,0,0,0,0,0,1,1,0,0,0,0,0,0
2021-12-31,17.357945580049417,1,2,50,0,1,0,0,1,0,0,0,0,1,1,0,0,0,0,0,0
2022-01-01,20.88423293567617,1,2,68,0,1,0,0,1,0,0,0,0,1,1,0,0,0,0,0,0
2022-01-02,19.356629741373904,1,2,79,0,0,1,0,1,0,0,0,0,1,1,0,0,0,0,0,0
2022-01-03,20.09900884198952,1,2,42,0,1,0,0,1,0,0,0,0,1,1,0,0,0,0,0,0
2022-01-04,23.458783758497397,1,2,48,0,0,0,0,0,0,0,0,0,1,1,0,0,0,0,0,0
2022-01-05,19.14967933117171,1,2,39,0,0,0,0,0,0,0,0,0,1,1,0,0,0,0,0,0
2022-01-06,16.758329633814117,1,2,58,0,0,0,0,0,0,0,0,0,1,1,0,0,0,0,0,0
2022-01-07,18.740378597983643,1,2,54,0,0,0,0,0,0,0,0,0,1,1,0,0,0,0,0,0
2022-01-08,23.206581333236443,1,2,49,0,0,0,1,0,0,0,0,0,1,1,0,0,0,0,0,0
2022-01-24,24.33916545870767,2,2,27,0,0,0,0,0,1,0,0,0,1,1,0,0,0,0,0,0
2022-01-25,19.218627141779244,2,2,19,0,0,0,0,0,1,0,0,0,1,1,0,0,0,0,0,0
2022-01-26,23.932271747507325,1,2,26,0,0,0,0,0,0,0,0,0,1,1,0,0,0,0,0,0
2022-01-27,30.849304370343702,2,2,43,0,0,0,0,0,1,0,0,0,1,1,0,0,0,0,0,0
2022-01-28,26.085700683960987,2,2,33,0,0,0,0,0,1,0,0,0,1,1,0,0,0,0,0,0
2022-01-29,16.29912330916119,2,2,19,0,0,0,0,0,1,0,0,0,1,1,0,0,0,0,0,0
2022-01-30,14.923857867262749,1,3,17,0,1,0,0,1,0,0,0,0,1,1,0,0,0,0,0,0
2022-02-01,18.347820040330102,2,3,21,0,0,1,0,1,1,0,0,0,1,1,0,0,0,0,0,0
2022-02-02,19.99438361508435,2,2,13,0,0,1,0,1,1,0,0,0,1,1,0,0,0,0,0,0
2022-02-03,19.90874711813208,1,3,7,0,0,1,0,1,0,0,0,0,1,1,0,0,0,0,0,0
2022-02-04,10.65989847661625,1,3,16,0,0,1,0,1,0,0,0,0,1,1,0,0,0,0,0,0
2022-02-05,19.4923322973604,1,2,20,0,0,1,0,1,0,0,0,0,1,1,0,0,0,0,0,0
2022-02-06,22.704530015512496,2,2,27,0,1,0,0,1,1,0,0,0,1,1,0,0,0,0,0,0
2022-02-07,15.242654571070918,2,3,26,0,0,0,0,0,1,0,0,0,1,1,0,0,0,0,0,0
2022-02-08,21.022289024460616,1,2,11,0,0,0,0,0,0,0,0,0,1,1,0,0,0,0,0,0
2022-02-09,14.721561034204278,1,2,22,0,0,0,0,0,0,0,0,0,1,1,0,0,0,0,0,0
2022-02-10,19.028311928732013,1,2,27,0,0,0,0,0,0,0,0,0,1,1,0,0,0,0,0,0
2022-02-11,19.508967494515343,1,2,24,0,0,0,0,0,0,0,0,0,1,1,0,0,0,0,0,0
2022-02-12,16.1777559067215,1,2,38,0,0,0,1,0,0,0,0,0,1,1,0,0,0,0,0,0
2022-02-13,19.459008413860715,2,2,28,0,0,0,1,0,1,0,0,0,1,1,0,0,0,0,0,0
2022-02-14,17.26043444072786,1,2,20,0,0,0,0,0,0,0,0,0,1,1,0,0,0,0,0,0
2022-02-15,25.35760324770237,1,2,33,0,0,0,0,0,0,0,0,0,1,1,0,0,0,0,0,0
2022-02-16,14.723968056192,1,3,38,0,0,0,0,0,0,0,0,0,1,1,0,0,0,0,0,0
2022-02-17,24.943595448918437,2,3,33,0,0,0,0,0,1,0,0,0,1,1,0,0,0,0,0,0
2022-02-18,25.055441741786787,1,3,23,0,0,0,0,0,0,0,0,0,1,1,0,0,0,0,0,0
2022-02-19,21.843244023634696,1,3,12,0,0,0,1,0,0,0,0,0,1,1,0,0,0,0,0,0
2022-02-20,30.271191154428617,2,4,7,1,0,0,1,0,1,0,0,0,1,1,0,0,0,0,0,0
2022-02-21,42.465753425263806,2,3,8,0,0,0,0,0,1,0,0,0,1,1,0,0,0,0,0,0
2022-02-22,21.843244023634696,2,3,11,0,0,0,0,0,1,0,0,0,1,1,0,0,0,0,0,0
2022-02-24,16.93671671530228,1,3,13,0,0,0,0,0,0,0,0,0,1,1,0,0,0,0,0,0
2022-02-25,18.30256802527134,1,3,28,0,0,0,0,0,0,0,0,0,1,1,0,0,0,0,0,0
2022-02-26,15.06416051120317,1,2,35,0,0,0,1,0,0,0,0,0,1,1,0,0,0,0,0,0
2022-02-27,18.25025541181876,1,3,60,0,0,0,1,0,0,0,0,0,1,1,0,0,0,0,0,0
2022-02-28,18.41206078534176,1,2,77,0,0,0,0,0,0,0,0,0,1,1,0,0,0,0,0,0
2022-03-01,9.867506806893807,1,2,33,0,0,0,0,0,0,0,0,0,1,1,0,0,0,0,0,0
2022-03-02,18.94026840979201,1,2,45,0,0,0,0,0,0,0,0,0,1,1,0,0,0,0,0,0
2022-03-03,15.96839847453159,1,2,56,0,0,0,0,0,0,0,0,0,1,1,0,0,0,0,0,0
2022-03-04,16.08259830019788,1,3,46,0,0,0,0,0,0,0,0,0,1,1,0,0,0,0,0,0
2022-03-05,16.487084989410487,1,2,39,0,0,0,1,0,0,0,0,0,1,1,0,0,0,0,0,0
2022-03-06,15.828042342138998,1,2,46,0,0,0,1,0,0,0,0,0,1,1,0,0,0,0,0,0
2022-03-07,18.08845003829577,1,3,40,0,0,0,0,0,0,0,0,0,1,1,0,0,0,0,0,0
2022-03-08,30.17838708070294,1,3,39,0,0,0,0,0,0,0,0,0,1,1,0,0,0,0,0,0
2022-03-09,20.73676271569997,1,3,28,0,0,0,0,0,0,0,0,0,1,1,0,0,0,0,0,0
2022-03-10,23.856209849316183,1,3,32,0,0,0,0,0,0,0,0,0,1,1,0,0,0,0,0,0
2022-03-11,28.141511502713524,1,3,32,0,0,0,0,0,0,0,0,0,1,1,0,0,0,0,0,0
2022-03-12,22.49276556133485,1,2,32,0,0,0,1,0,0,0,0,0,1,1,0,0,0,0,0,0
2022-03-13,24.843677287609147,1,2,30,0,0,0,1,0,0,0,0,0,1,1,0,0,0,0,0,0
2022-03-14,26.223703283555636,1,2,30,0,0,0,0,0,0,0,0,0,1,1,0,0,0,0,0,0
2022-03-15,31.85822104976708,1,2,29,0,0,0,0,0,0,0,0,0,1,1,0,0,0,0,0,0
2022-03-16,22.830657972737868,1,2,29,0,0,0,0,0,0,0,0,0,0,1,1,0,0,0,0,0
2022-03-17,26.947093654218367,1,3,23,0,0,0,0,0,0,0,0,0,0,1,1,0,0,0,0,0
2022-03-18,24.53194118293242,1,2,17,0,0,0,0,0,0,0,0,0,0,1,1,0,0,0,0,0
2022-03-19,19.62322080937145,1,2,48,0,0,0,1,0,0,0,0,0,0,1,1,0,0,0,0,0
2022-03-20,19.8159430444064,1,2,44,0,0,0,1,0,0,0,0,0,0,1,1,0,0,0,0,0
2022-03-21,28.419977213080337,1,3,31,0,0,0,0,0,0,0,0,0,0,1,1,0,0,0,0,0
2022-03-22,27.199349568669103,1,3,34,0,0,0,0,0,0,0,0,0,0,1,1,0,0,0,0,0
2022-03-23,24.87700117110884,2,3,33,0,0,0,0,0,1,0,0,0,0,1,1,0,0,0,0,0
2022-03-24,26.45927051166164,2,3,15,0,0,0,0,0,1,0,0,0,0,1,1,0,0,0,0,0
2022-03-25,28.891111669292325,2,2,15,0,0,0,0,0,1,0,0,0,0,1,1,0,0,0,0,0
2022-03-26,35.56064893246364,2,3,19,0,0,0,1,0,1,0,0,0,0,1,1,0,0,0,0,0
2022-03-27,27.74183885747637,2,3,25,0,0,0,1,0,1,0,0,0,0,1,1,0,0,0,0,0
2022-03-28,36.03884398706945,2,2,28,0,0,0,0,0,1,0,0,0,0,1,1,0,0,0,0,0
2022-03-29,35.07753285550278,2,2,20,0,0,0,0,0,1,0,0,0,0,1,1,0,0,0,0,0
2022-03-30,25.00542917194235,2,2,25,0,0,0,0,0,1,0,0,0,0,1,1,0,0,0,0,0
2022-03-31,22.46660925460856,1,2,33,0,0,0,0,0,0,0,0,0,0,1,1,0,0,0,0,0
2022-04-01,23.028194251748285,1,2,24,0,0,0,0,0,0,0,0,0,0,1,1,0,0,0,0,0
2022-04-02,17.136713505490224,1,4,20,1,1,0,0,1,0,0,0,0,0,1,1,0,0,0,0,0
2022-04-03,23.582558182924824,1,3,31,0,1,0,0,1,0,0,0,0,0,1,1,0,0,0,0,0
2022-04-04,25.49084529251136,1,2,48,0,0,1,0,1,0,0,0,0,0,1,1,0,0,0,0,0
2022-04-05,28.852973741817173,1,2,60,0,1,0,0,1,0,0,0,0,0,1,1,0,0,0,0,0
2022-04-06,19.159200440743053,1,2,52,0,0,0,0,0,0,0,0,0,0,1,1,0,0,0,0,0
2022-04-07,16.57988906313616,1,2,44,0,0,0,0,0,0,0,0,0,0,1,1,0,0,0,0,0
2022-04-08,15.96839847453159,1,2,56,0,0,0,0,0,0,0,0,0,0,1,1,0,0,0,0,0
2022-04-09,24.38682449575416,1,2,34,0,0,0,1,0,0,0,0,0,0,1,1,0,0,0,0,0
2022-04-10,24.964991200859053,1,2,40,0,0,0,1,0,0,0,0,0,0,1,1,0,0,0,0,0
2022-04-11,20.52023770673666,1,2,34,0,0,0,0,0,0,0,0,0,0,1,1,0,0,0,0,0
2022-04-12,20.39651677149903,1,2,22,0,0,0,0,0,0,0,0,0,0,1,1,0,0,0,0,0
2022-04-13,19.387653581265447,1,3,26,0,0,0,0,0,0,0,0,0,0,1,1,0,0,0,0,0
2022-04-14,19.37807898250431,1,2,44,0,0,0,0,0,0,0,0,0,0,1,1,0,0,0,0,0
2022-04-15,13.534257273292752,1,3,34,0,0,0,0,0,0,0,0,0,0,1,1,0,0,0,0,0
2022-04-16,12.639593907987836,1,4,39,1,0,0,1,0,0,0,0,0,0,1,1,0,0,0,0,0
2022-04-17,16.898739255396496,1,2,50,0,0,0,1,0,0,0,0,0,0,1,1,0,0,0,0,0
2022-04-18,21.60286275155324,1,2,43,0,0,0,0,0,0,0,0,0,0,1,1,0,0,0,0,0
2022-04-19,30.725583435106078,2,2,17,0,0,0,0,0,1,0,0,0,0,1,1,0,0,0,0,0
2022-04-20,21.7955849865882,1,2,34,0,0,0,0,0,0,0,0,0,0,1,1,0,0,0,0,0
2022-04-21,25.38140602163073,1,2,44,0,0,0,0,0,0,0,0,0,0,1,1,0,0,0,0,0
2022-04-22,28.40569554872333,1,2,24,0,0,0,0,0,0,0,0,0,0,1,1,0,0,0,0,0
2022-04-23,25.902553047687167,1,2,22,0,0,0,1,0,0,0,0,0,0,1,1,0,0,0,0,0
2022-04-24,27.085149743002816,2,3,18,0,0,0,0,0,1,0,0,0,0,1,1,0,0,0,0,0
2022-04-25,29.171930912457096,1,3,19,0,0,0,0,0,0,0,0,0,0,1,1,0,0,0,0,0
2022-04-26,29.22188999311173,1,3,24,0,0,0,0,0,0,0,0,0,0,1,1,0,0,0,0,0
2022-04-27,22.06693660937141,1,3,22,0,0,0,0,0,0,0,0,0,0,1,1,0,0,0,0,0
2022-04-28,17.36040609048932,1,3,22,0,0,0,0,0,0,0,0,0,0,1,1,0,0,0,0,0
2022-04-29,23.235198151140256,1,2,25,0,1,0,0,1,0,0,0,0,0,1,1,0,0,0,0,0
2022-04-30,18.32642428838948,1,2,26,0,1,0,0,1,0,0,0,0,0,1,1,0,0,0,0,0
2022-05-01,26.045316202067475,2,4,17,1,0,1,0,1,1,0,0,0,0,1,1,0,0,0,0,0
2022-05-02,22.85922130145188,1,3,15,0,0,1,0,1,0,0,0,0,0,1,1,0,0,0,0,0
2022-05-03,19.416163420789676,1,2,34,0,0,1,0,1,0,0,0,0,0,1,1,0,0,0,0,0
2022-05-04,26.835247361350014,1,2,47,0,1,0,0,1,0,0,0,0,0,1,1,0,0,0,0,0
2022-05-05,23.61112151163885,1,2,36,0,0,0,0,0,0,0,0,0,0,1,1,0,0,0,0,0
2022-05-06,26.435521226923075,1,2,36,0,0,0,0,0,0,0,0,0,0,1,1,0,0,0,0,0
2022-05-07,28.888651158114804,2,2,38,0,0,0,0,0,1,0,0,0,0,1,1,0,0,0,0,0
2022-05-08,26.563949227756588,2,2,30,0,0,0,1,0,1,0,0,0,0,1,1,0,0,0,0,0
2022-05-09,28.929142618387893,1,2,37,0,0,0,0,0,0,0,0,0,0,1,1,0,0,0,0,0
2022-05-10,26.49500141714905,1,2,20,0,0,0,0,0,0,0,0,0,0,1,1,0,0,0,0,0
2022-05-11,24.860312484764098,2,2,14,0,0,0,0,0,1,0,0,0,0,1,1,0,0,0,0,0
2022-05-12,26.799516455862587,2,3,12,0,0,0,0,0,1,0,0,0,0,1,1,0,0,0,0,0
2022-05-13,32.97882355448943,2,2,21,0,0,0,0,0,1,0,0,0,0,1,1,0,0,0,0,0
2022-05-14,32.4316272000863,2,3,12,0,0,0,1,0,1,0,0,0,0,1,1,0,0,0,0,0
2022-05-15,29.16706337929184,2,3,14,0,0,0,1,0,1,0,0,0,0,0,1,1,0,0,0,0
2022-05-16,26.787641813493305,1,2,34,0,0,0,0,0,0,0,0,0,0,0,1,1,0,0,0,0
2022-05-17,33.3881777768673,1,2,35,0,0,0,0,0,0,0,0,0,0,0,1,1,0,0,0,0
2022-05-18,22.994816879058806,1,2,36,0,0,0,0,0,0,0,0,0,0,0,1,1,0,0,0,0
2022-05-19,21.303054778435587,1,2,39,0,0,0,0,0,0,0,0,0,0,0,1,1,0,0,0,0
2022-05-20,24.57954673078913,1,2,36,0,0,0,0,0,0,0,0,0,0,0,1,1,0,0,0,0
2022-05-21,17.821965948677796,2,3,33,0,0,0,1,0,1,0,0,0,0,0,1,1,0,0,0,0
2022-05-22,13.09644669984282,1,3,27,0,0,0,1,0,0,0,0,0,0,0,1,1,0,0,0,0
2022-05-23,14.731082143775614,1,2,21,0,0,0,0,0,0,0,0,0,0,0,1,1,0,0,0,0
2022-05-24,20.348911223642325,2,2,17,0,0,0,0,0,1,0,0,0,0,0,1,1,0,0,0,0
2022-05-25,17.519750953572423,1,2,16,0,0,0,0,0,0,0,0,0,0,0,1,1,0,0,0,0
2022-05-26,10.248244211367869,2,3,21,0,0,0,0,0,1,0,0,0,0,0,1,1,0,0,0,0
2022-05-27,19.197231389838628,2,3,20,0,0,0,0,0,1,0,0,0,0,0,1,1,0,0,0,0
2022-05-28,13.339128016270053,1,3,17,0,0,0,1,0,0,0,0,0,0,0,1,1,0,0,0,0
2022-05-29,18.86420651160088,2,2,18,0,0,0,1,0,1,0,0,0,0,0,1,1,0,0,0,0
2022-05-30,18.41922836211516,2,2,23,0,0,0,0,0,1,0,0,0,0,0,1,1,0,0,0,0
2022-05-31,12.694313544165771,1,3,24,0,0,0,0,0,0,0,0,0,0,0,1,1,0,0,0,0
2022-06-01,14.345637673705692,1,3,19,0,0,0,0,0,0,0,0,0,0,0,1,1,0,0,0,0
2022-06-02,13.857868019601122,2,3,25,0,1,0,0,1,1,0,0,0,0,0,1,1,0,0,0,0
2022-06-03,12.335025380084517,2,3,24,0,1,0,0,1,1,0,0,0,0,0,1,1,0,0,0,0
2022-06-04,12.791878171939498,2,3,23,0,0,1,0,1,1,0,0,0,0,0,1,1,0,0,0,0
2022-06-05,11.269035532422892,2,3,23,0,1,0,0,1,1,0,0,0,0,0,1,1,0,0,0,0
2022-06-06,15.38071065911773,2,2,18,0,0,0,0,0,1,0,0,0,0,0,1,1,0,0,0,0
2022-06-07,11.09289500609071,2,2,16,0,0,0,0,0,1,0,0,0,0,0,1,1,0,0,0,0
2022-06-08,22.71629767950218,2,2,15,0,0,0,0,0,1,0,0,0,0,0,1,1,0,0,0,0
2022-06-09,22.88291709700065,2,3,16,0,0,0,0,0,1,0,0,0,0,0,1,1,0,0,0,0
2022-06-10,16.51564831812451,2,2,18,0,0,0,0,0,1,0,0,0,0,0,1,1,0,0,0,0
2022-06-11,14.26230122036156,2,3,23,0,0,0,1,0,1,0,0,0,0,0,1,1,0,0,0,0
2022-06-12,8.675442491196609,2,3,27,0,0,0,1,0,1,0,0,0,0,0,1,1,0,0,0,0
2022-06-13,9.289340101051303,2,3,24,0,0,0,0,0,1,0,0,0,0,0,1,1,0,0,0,0
2022-06-14,9.850871609738864,2,2,22,0,0,0,0,0,1,0,0,0,0,0,1,1,0,0,0,0
2022-06-15,12.770375442356915,2,2,17,0,0,0,0,0,1,0,0,0,0,0,1,1,0,0,0,0
2022-06-16,10.790733500175124,1,3,17,0,0,0,0,0,0,0,0,0,0,0,1,1,0,0,0,0
2022-06-17,8.527918781293,1,3,17,0,0,0,0,0,0,0,0,0,0,0,1,1,0,0,0,0
2022-06-18,5.7868020301631065,1,3,21,0,0,0,1,0,0,0,0,0,0,0,1,1,0,0,0,0
2022-06-19,5.634517766211446,2,3,24,0,0,0,1,0,1,0,0,0,0,0,1,1,0,0,0,0
2022-06-20,5.939086294114768,1,3,22,0,0,0,0,0,0,0,0,0,0,0,1,1,0,0,0,0
2022-06-21,7.461928933631374,1,3,17,0,0,0,0,0,0,0,0,0,0,0,1,1,0,0,0,0
2022-06-22,5.177664974356464,1,2,17,0,0,0,0,0,0,0,0,0,0,0,1,1,0,0,0,0
2022-06-23,3.1979695429848745,1,2,15,0,0,0,0,0,0,0,0,0,0,0,1,1,0,0,0,0
2022-06-24,1.8274111674199285,1,3,15,0,0,0,0,0,0,0,0,0,0,0,1,1,0,0,0,0
2022-06-25,3.350253806936536,1,3,13,0,0,0,1,0,0,0,0,0,0,0,1,1,0,0,0,0
2022-06-26,2.588832487178232,1,3,13,0,0,0,1,0,0,0,0,0,0,0,1,1,0,0,0,0
2022-06-27,3.807106598791517,1,3,13,0,0,0,0,0,0,0,0,0,0,0,1,1,0,0,0,0
2022-06-28,3.1979695429848745,2,2,15,0,0,0,0,0,1,0,0,0,0,0,1,1,0,0,0,0
2022-06-29,10.676480185319026,2,3,17,0,0,0,0,0,1,0,0,0,0,0,1,1,0,0,0,0
2022-06-30,7.188223778787847,2,3,17,0,0,0,0,0,1,0,0,0,0,0,1,1,0,0,0,0
2022-07-01,0.913705583709964,2,4,15,1,0,0,0,0,1,0,0,0,0,0,1,1,0,0,0,0
2022-07-02,1.0659898476616247,2,5,19,1,0,0,1,0,1,0,0,0,0,0,1,1,0,0,0,0
2022-07-03,2.588832487178232,2,5,25,1,0,0,1,0,1,0,0,0,0,0,1,1,0,0,0,0
2022-07-04,2.7411167511298924,2,3,28,0,0,0,0,0,1,0,0,0,0,0,1,1,0,0,0,0
2022-07-05,2.4365482232265707,2,3,20,0,0,0,0,0,1,0,0,0,0,0,1,1,0,0,0,0
2022-07-06,2.588832487178232,2,2,23,0,0,0,0,0,1,0,0,0,0,0,1,1,0,0,0,0
2022-07-07,3.390691778757455,1,3,22,0,0,0,0,0,0,0,0,0,0,0,1,1,0,0,0,0
2022-07-08,2.3437441502385186,1,2,19,0,0,0,0,0,0,0,0,0,0,0,1,1,0,0,0,0
2022-07-09,5.479826481009679,1,2,14,0,0,0,1,0,0,0,0,0,0,0,1,1,0,0,0,0
2022-07-10,8.228057319723176,1,2,15,0,0,0,1,0,0,0,0,0,0,0,1,1,0,0,0,0
2022-07-11,10.888298128686465,1,2,20,0,0,0,0,0,0,0,0,0,0,0,1,1,0,0,0,0
2022-07-12,10.26487940852282,1,2,15,0,0,0,0,0,0,0,0,0,0,0,1,1,0,0,0,0
2022-07-13,17.396030018334788,1,2,18,0,0,0,0,0,0,0,0,0,0,0,1,1,0,0,0,0
2022-07-14,14.17431119061135,1,2,15,0,0,0,0,0,0,0,0,0,0,0,0,1,1,0,0,0
2022-07-15,13.553299491697802,1,2,16,0,0,0,0,0,0,0,0,0,0,0,0,1,1,0,0,0
2022-07-16,11.421319796374554,1,3,20,0,0,0,1,0,0,0,0,0,0,0,0,1,1,0,0,0
2022-07-17,14.771573603311086,1,4,25,1,0,0,1,0,0,0,0,0,0,0,0,1,1,0,0,0
2022-07-18,10.812182740567913,1,3,21,0,0,0,0,0,0,0,0,0,0,0,0,1,1,0,0,0
2022-07-19,8.527918781293,1,3,15,0,0,0,0,0,0,0,0,0,0,0,0,1,1,0,0,0
2022-07-20,4.263959390646499,1,3,15,0,0,0,0,0,0,0,0,0,0,0,0,1,1,0,0,0
2022-07-21,7.157360405728053,1,2,29,0,0,0,0,0,0,0,0,0,0,0,0,1,1,0,0,0
2022-07-22,6.2436548220180885,1,3,26,0,0,0,0,0,0,0,0,0,0,0,0,1,1,0,0,0
2022-07-23,5.025380710404803,1,3,31,0,0,0,1,0,0,0,0,0,0,0,0,1,1,0,0,0
2022-07-24,3.350253806936536,1,3,45,0,0,0,1,0,0,0,0,0,0,0,0,1,1,0,0,0
2022-07-25,2.588832487178232,1,3,25,0,0,0,0,0,0,0,0,0,0,0,0,1,1,0,0,0
2022-07-26,0.7614213197583035,1,3,21,0,0,0,0,0,0,0,0,0,0,0,0,1,1,0,0,0
2022-07-27,0.0,1,3,39,0,0,0,0,0,0,0,0,0,0,0,0,1,1,0,0,0
2022-07-28,0.0,1,2,42,0,0,0,0,0,0,0,0,0,0,0,0,1,1,0,0,0
2022-07-29,0.0,1,2,46,0,0,0,0,0,0,0,0,0,0,0,0,1,1,0,0,0
2022-07-30,10.700229470057597,1,2,71,0,0,0,1,0,0,0,0,0,0,0,0,1,1,0,0,0
2022-07-31,11.359325606518873,1,3,19,0,0,0,1,0,0,0,0,0,0,0,0,1,1,0,0,0
2022-08-01,0.6091370558066427,1,2,19,0,0,0,0,0,0,0,0,0,0,0,0,1,1,0,0,0
2022-08-02,1.2182741116132856,2,2,33,0,0,0,0,0,1,0,0,0,0,0,0,1,1,0,0,0
2022-08-03,5.422699823581632,2,2,16,0,0,0,0,0,1,0,0,0,0,0,0,1,1,0,0,0
2022-08-04,15.097430905513068,2,3,13,0,0,0,0,0,1,0,0,0,0,0,0,1,1,0,0,0
2022-08-05,11.96375559672964,2,2,22,0,0,0,0,0,1,0,0,0,0,0,0,1,1,0,0,0
2022-08-06,13.05349472912983,1,3,23,0,0,0,1,0,0,0,0,0,0,0,0,1,1,0,0,0
2022-08-07,17.34355693731282,2,3,22,0,0,0,1,0,1,0,0,0,0,0,0,1,1,0,0,0
2022-08-08,3.980786615421425,2,4,17,0,0,0,0,0,1,0,0,0,0,0,0,1,1,0,0,0
2022-08-09,17.876685584118118,2,4,16,0,0,0,0,0,1,0,0,0,0,0,0,1,1,0,0,0
2022-08-10,14.966649371881612,2,3,15,0,0,0,0,0,1,0,0,0,0,0,0,1,1,0,0,0
2022-08-11,8.044856194259559,2,2,20,0,0,0,0,0,1,0,0,0,0,0,0,1,1,0,0,0
2022-08-12,12.78701063951186,1,2,22,0,0,0,0,0,0,0,0,0,0,0,0,1,1,0,0,0
2022-08-13,17.82897305788183,1,2,22,0,0,0,1,0,0,0,0,0,0,0,0,1,1,0,0,0
2022-08-31,9.370162554765738,1,2,23,0,0,0,0,0,0,0,0,0,0,0,0,1,1,0,0,0
2022-09-01,17.08424042446826,2,2,14,0,0,0,0,0,1,0,0,0,0,0,0,1,1,0,0,0
2022-09-02,9.965071435405164,2,2,16,0,0,0,0,0,1,0,0,0,0,0,0,1,1,0,0,0
2022-09-03,8.75155787857755,2,2,18,0,0,0,1,0,1,0,0,0,0,0,0,1,1,0,0,0
2022-09-04,9.232213444360884,2,3,21,0,0,0,1,0,1,0,0,0,0,0,0,1,1,0,0,0
2022-09-05,5.037255353511706,1,2,20,0,0,0,0,0,0,0,0,0,0,0,0,1,1,0,0,0
2022-09-06,5.770113344555986,1,2,28,0,0,0,0,0,0,0,0,0,0,0,0,1,1,0,0,0
2022-09-07,9.079929180409223,1,2,50,0,0,0,0,0,0,0,0,0,0,0,0,1,1,0,0,0
2022-09-08,10.650323878592744,2,3,42,0,0,0,0,0,1,0,0,0,0,0,0,1,1,0,0,0
2022-09-09,14.295571614671465,2,4,24,1,1,0,0,1,1,0,0,0,0,0,0,1,1,0,0,0
2022-09-10,4.485244955133112,1,2,22,0,1,0,0,1,0,0,0,0,0,0,0,1,1,0,0,0
2022-09-11,7.671286366558909,1,2,33,0,0,1,0,1,0,0,0,0,0,0,0,1,1,0,0,0
2022-09-12,5.834354089567643,2,2,40,0,1,0,0,1,1,0,0,0,0,0,0,1,1,0,0,0
2022-09-13,13.43658566640181,2,2,33,0,0,0,0,0,1,0,0,0,0,0,0,1,1,0,0,0
2022-09-14,7.07167042032361,2,2,35,0,0,0,0,0,1,0,0,0,0,0,0,1,1,0,0,0
2022-09-15,6.726663921336991,2,1,55,0,0,0,0,0,1,0,0,0,0,0,0,1,1,0,0,0
2022-09-16,11.495028162505372,1,2,49,0,0,0,0,0,0,0,0,0,0,0,0,1,1,0,0,0
2022-09-17,11.173824437447106,1,3,31,0,0,0,1,0,0,0,0,0,0,0,0,1,1,0,0,0
2022-09-18,7.728413023986958,1,3,46,0,0,0,1,0,0,0,0,0,0,0,0,1,1,0,0,0
2022-09-19,15.787443903486317,1,3,39,0,0,0,0,0,0,0,0,0,0,0,0,1,1,0,0,0
2022-09-20,11.580611170267856,1,2,57,0,0,0,0,0,0,0,0,0,0,0,0,1,1,0,0,0
2022-09-21,8.925184405280037,1,2,62,0,0,0,0,0,0,0,0,0,0,0,0,1,1,0,0,0
2022-09-22,7.012136740907833,2,3,39,0,0,0,0,0,1,0,0,0,0,0,0,1,1,0,0,0
2022-09-23,18.366701791903413,2,2,35,0,0,0,0,0,1,0,0,0,0,0,0,1,1,0,0,0
2022-09-24,19.104320337733363,1,2,63,0,0,0,1,0,0,0,0,0,0,0,0,1,1,0,0,0
2022-09-25,23.087460485215097,1,2,61,0,0,0,1,0,0,0,0,0,0,0,0,1,1,0,0,0
2022-09-26,11.732895434219516,1,2,61,0,0,0,0,0,0,0,0,0,0,0,0,1,1,0,0,0
2022-09-27,15.268703899417613,1,2,61,0,0,0,0,0,0,0,0,0,0,0,0,1,1,0,0,0
2022-09-28,1.0326659648995584,1,2,68,0,0,0,0,0,0,0,0,0,0,0,0,1,1,0,0,0
2022-09-29,8.266088268818745,1,2,73,0,0,0,0,0,0,0,0,0,0,0,0,0,1,1,0,0
2022-09-30,13.80298791732906,1,2,83,0,1,0,0,1,0,0,0,0,0,0,0,0,1,1,0,0
2022-10-01,26.25922023228389,1,2,88,0,1,0,0,1,0,0,0,0,0,0,0,0,1,1,0,0
2022-10-02,18.5142255010694,1,2,73,0,0,1,0,1,0,0,0,0,0,0,0,0,1,1,0,0
2022-10-03,12.613277134429794,1,2,58,0,0,1,0,1,0,0,0,0,0,0,0,0,1,1,0,0
2022-10-04,22.054794521053168,1,2,55,0,0,1,0,1,0,0,0,0,0,0,0,0,1,1,0,0
2022-10-05,14.383561644421672,1,3,48,0,0,1,0,1,0,0,0,0,0,0,0,0,1,1,0,0
2022-10-06,13.217653635450771,1,3,43,0,0,1,0,1,0,0,0,0,0,0,0,0,1,1,0,0
2022-10-07,12.986846962130436,1,2,40,0,1,0,0,1,0,0,0,0,0,0,0,0,1,1,0,0
2022-10-08,10.443266490010974,1,2,63,0,0,0,0,0,0,0,0,0,0,0,0,0,1,1,0,0
2022-10-09,16.99378988354053,1,2,43,0,0,0,0,0,0,0,0,0,0,0,0,0,1,1,0,0
2022-10-10,0.7614213197583035,1,4,61,1,0,0,0,0,0,0,0,0,0,0,0,0,1,1,0,0
2022-10-11,8.556375132365057,1,2,53,0,0,0,0,0,0,0,0,0,0,0,0,0,1,1,0,0
2022-10-12,18.956796628567368,1,3,31,0,0,0,0,0,0,0,0,0,0,0,0,0,1,1,0,0
2022-10-13,19.17808219231635,1,4,25,1,0,0,0,0,0,0,0,0,0,0,0,0,1,1,0,0
2022-10-14,22.718651212300127,2,3,26,0,0,0,0,0,1,0,0,0,0,0,0,0,1,1,0,0
2022-10-15,9.815087215061649,2,3,14,0,0,0,1,0,1,0,0,0,0,0,0,0,1,1,0,0
2022-10-16,2.679229539653801,1,3,46,0,0,0,1,0,0,0,0,0,0,0,0,0,1,1,0,0
2022-10-18,5.5607024231762825,1,4,49,1,0,0,0,0,0,0,0,0,0,0,0,0,1,1,0,0
2022-10-19,15.430509272940624,2,4,58,1,0,0,0,0,1,0,0,0,0,0,0,0,1,1,0,0
2022-10-20,15.494750017952274,1,3,36,0,0,0,0,0,0,0,0,0,0,0,0,0,1,1,0,0
2022-10-21,12.503837863549172,1,2,52,0,0,0,0,0,0,0,0,0,0,0,0,0,1,1,0,0
2022-10-22,12.411033789823485,1,2,42,0,0,0,1,0,0,0,0,0,0,0,0,0,1,1,0,0
2022-10-23,4.892085177143655,1,2,43,0,0,0,1,0,0,0,0,0,0,0,0,0,1,1,0,0
2022-10-24,15.366268527928966,1,3,49,0,0,0,0,0,0,0,0,0,0,0,0,0,1,1,0,0
2022-10-25,4.59703775881167,1,3,44,0,0,0,0,0,0,0,0,0,0,0,0,0,1,1,0,0
2022-10-26,7.026418405264842,1,3,41,0,0,0,0,0,0,0,0,0,0,0,0,0,1,1,0,0
2022-10-27,5.472658904236281,1,2,37,0,0,0,0,0,0,0,0,0,0,0,0,0,1,1,0,0
2022-10-28,14.545367017944674,1,2,46,0,0,0,0,0,0,0,0,0,0,0,0,0,1,1,0,0
2022-10-29,3.4906099400667467,1,3,46,0,0,0,1,0,0,0,0,0,0,0,0,0,1,1,0,0
2022-10-30,2.624509904213488,1,4,36,1,0,0,1,0,0,0,0,0,0,0,0,0,1,1,0,0
2022-10-31,0.7614213197583035,1,4,37,1,0,0,0,0,0,0,0,0,0,0,0,0,1,1,0,0
2022-11-01,1.3705583755649464,2,5,41,1,0,0,0,0,1,0,0,0,0,0,0,0,1,1,0,0
2022-11-02,1.6751269034682676,2,4,18,1,0,0,0,0,1,0,0,0,0,0,0,0,1,1,0,0
2022-11-03,7.378592481024867,2,3,14,0,0,0,0,0,1,0,0,0,0,0,0,0,1,1,0,0
2022-11-04,9.848411098561336,2,2,32,0,0,0,0,0,1,0,0,0,0,0,0,0,1,1,0,0
2022-11-05,6.179360588554263,2,2,17,0,0,0,1,0,1,0,0,0,0,0,0,0,1,1,0,0
2022-11-06,10.645509834617275,2,2,26,0,0,0,1,0,1,0,0,0,0,0,0,0,1,1,0,0
2022-11-07,9.539082015872353,1,2,17,0,0,0,0,0,0,0,0,0,0,0,0,0,1,1,0,0
2022-11-08,7.695035651297472,1,2,21,0,0,0,0,0,0,0,0,0,0,0,0,0,1,1,0,0
2022-11-09,22.133316930421834,1,1,38,0,0,0,0,0,0,0,0,0,0,0,0,0,1,1,0,0
2022-11-10,22.93993677604911,1,2,43,0,0,0,0,0,0,0,0,0,0,0,0,0,1,1,0,0
2022-11-11,13.203371971093755,1,2,30,0,0,0,0,0,0,0,0,0,0,0,0,0,1,1,0,0
2022-11-12,24.04636459479404,1,2,32,0,0,0,1,0,0,0,0,0,0,0,0,0,1,1,0,0
2022-11-13,21.6122233935552,1,2,43,0,0,0,1,0,0,0,0,0,0,0,0,0,1,1,0,0
2022-11-14,17.265034527944152,1,2,35,0,0,0,0,0,0,0,0,0,0,0,0,0,1,1,0,0
2022-11-15,16.15384615441356,1,2,43,0,0,0,0,0,0,0,0,0,0,0,0,0,1,1,0,0
2022-11-16,14.46684460857601,1,2,37,0,0,0,0,0,0,0,0,0,0,0,0,0,1,1,0,0
2022-11-17,37.02845100140117,1,2,28,0,0,0,0,0,0,0,0,0,0,0,0,0,1,1,0,0
2022-11-18,26.77555321436485,1,2,33,0,0,0,0,0,0,0,0,0,0,0,0,0,1,1,0,0
2022-11-19,24.783983140623988,1,2,42,0,0,0,1,0,0,0,0,0,0,0,0,0,1,1,0,0
2022-11-20,20.210748156478285,1,2,43,0,0,0,1,0,0,0,0,0,0,0,0,0,1,1,0,0
2022-11-21,18.6617492102354,1,3,38,0,0,0,0,0,0,0,0,0,0,0,0,0,1,1,0,0
2022-11-22,2.6554267657254496,1,3,27,0,0,0,0,0,0,0,0,0,0,0,0,0,1,1,0,0
2022-11-23,18.735511064818382,2,2,16,0,0,0,0,0,1,0,0,0,0,0,0,0,1,1,0,0
2022-11-24,16.232368563782227,2,2,17,0,0,0,0,0,1,0,0,0,0,0,0,0,1,1,0,0
2022-11-25,24.193888303960023,2,2,20,0,0,0,0,0,1,0,0,0,0,0,0,0,1,1,0,0
2022-11-26,12.765561398381454,1,2,18,0,0,0,1,0,0,0,0,0,0,0,0,0,1,1,0,0
2022-11-27,10.895358727080282,1,3,33,0,0,0,1,0,0,0,0,0,0,0,0,0,1,1,0,0
2022-11-28,23.67755532187906,1,3,21,0,0,0,0,0,0,0,0,0,0,0,0,0,1,1,0,0
2022-11-29,28.988408851854704,1,2,19,0,0,0,0,0,0,0,0,0,0,0,0,0,0,1,1,0
2022-11-30,21.75974710272118,1,3,27,0,0,0,0,0,0,0,0,0,0,0,0,0,0,1,1,0
2023-01-01,12.951169545832805,1,2,50,0,0,1,0,1,0,0,0,0,0,0,0,0,0,1,1,0
2023-01-02,9.184554407314389,1,2,46,0,1,0,0,1,0,0,0,0,0,0,0,0,0,1,1,0
2023-01-03,5.422699823581632,1,3,49,0,0,0,0,0,0,0,0,0,0,0,0,0,0,1,1,0
2023-01-04,21.331457639580236,1,1,48,0,0,0,0,0,0,0,0,0,0,0,0,0,0,1,1,0
2023-01-05,20.94836670230824,1,2,56,0,0,0,0,0,0,0,0,0,0,0,0,0,0,1,1,0
2023-01-06,36.88568784702086,1,3,39,0,0,0,0,0,0,0,0,0,0,0,0,0,0,1,1,0
2023-01-09,2.8172321392484463,1,1,42,0,0,0,0,0,0,0,0,0,0,0,0,0,0,1,1,0
2023-01-10,11.092841516900922,1,2,41,0,0,0,0,0,0,0,0,0,0,0,0,0,0,1,1,0
2023-01-11,17.514883420407166,2,2,48,0,0,0,0,0,1,0,0,0,0,0,0,0,0,1,1,0
2023-01-12,15.65655539147527,2,2,14,0,0,0,0,0,1,0,0,0,0,0,0,0,0,1,1,0
2023-01-13,17.441121565824165,2,2,25,0,0,0,0,0,1,0,0,0,0,0,0,0,0,1,1,0
2023-01-14,34.07797681808137,2,2,21,0,0,0,1,0,1,0,0,0,0,0,0,0,0,1,1,0
2023-01-15,15.054585912442036,2,2,23,0,0,0,1,0,1,0,0,0,0,0,0,0,0,1,1,0
2023-01-16,5.220456478975328,2,2,16,0,0,0,0,0,1,0,0,0,0,0,0,0,0,1,1,0
2023-01-17,10.5194353665817,1,3,21,0,0,0,0,0,0,0,0,0,0,0,0,0,0,1,1,0
2023-01-18,14.94990719634708,1,3,17,0,0,0,0,0,0,0,0,0,0,0,0,0,0,1,1,0
2023-01-19,24.895829433492345,1,3,30,0,0,0,0,0,0,0,0,0,0,0,0,0,0,1,1,0
2023-01-20,21.47186726116261,1,3,33,0,1,0,0,1,0,0,0,0,0,0,0,0,0,1,1,0
2023-01-21,29.21445497038937,1,2,37,0,1,0,0,1,0,0,0,0,0,0,0,0,0,1,1,0
2023-01-22,35.77926002827593,1,2,39,0,0,1,0,1,0,0,0,0,0,0,0,0,0,1,1,0
2023-02-12,5.90811594415063,1,3,21,0,0,0,1,0,0,0,0,0,0,0,0,0,0,1,1,0
2023-02-13,7.028825427252576,1,2,16,0,0,0,0,0,0,0,0,0,0,0,0,0,0,1,1,0
2023-02-14,1.5228426395166066,1,3,21,0,0,0,0,0,0,0,0,0,0,0,0,0,0,1,1,0
2023-02-15,3.980786615421425,1,2,29,0,0,0,0,0,0,0,0,0,0,0,0,0,0,1,1,0
2023-02-16,9.731857740097102,1,3,42,0,0,0,0,0,0,0,0,0,0,0,0,0,0,1,1,0
2023-02-17,9.43204976697946,1,1,50,0,0,0,0,0,0,0,0,0,0,0,0,0,0,1,1,0
2023-02-18,11.637737827695904,1,1,46,0,0,0,1,0,0,0,0,0,0,0,0,0,0,1,1,0
2023-02-19,9.724690163323702,1,2,46,0,0,0,1,0,0,0,0,0,0,0,0,0,0,1,1,0
2023-02-20,8.822912711172817,1,2,58,0,0,0,0,0,0,0,0,0,0,0,0,0,0,1,1,0
2023-02-21,7.245350436215888,1,1,63,0,0,0,0,0,0,0,0,0,0,0,0,0,0,1,1,0
2023-02-22,10.23390905782106,1,2,43,0,0,0,0,0,0,0,0,0,0,0,0,0,0,1,1,0
2023-02-23,10.490872037867677,1,1,47,0,0,0,0,0,0,0,0,0,0,0,0,0,0,1,1,0
2023-02-24,17.046155986182903,1,2,48,0,0,0,0,0,0,0,0,0,0,0,0,0,0,1,1,0
2023-02-25,5.329949238308124,1,3,51,0,0,0,1,0,0,0,0,0,0,0,0,0,0,1,1,0
2023-02-26,10.7621701714611,1,2,48,0,0,0,1,0,0,0,0,0,0,0,0,0,0,1,1,0
2023-02-27,8.715826973090126,1,1,44,0,0,0,0,0,0,0,0,0,0,0,0,0,0,1,1,0
2023-02-28,13.700716223221828,1,1,36,0,0,0,0,0,0,0,0,0,0,0,0,0,0,1,1,0
2023-03-01,11.218969474126284,1,1,78,0,0,0,0,0,0,0,0,0,0,0,0,0,0,1,1,0
2023-03-02,7.5428048765356,1,2,71,0,0,0,0,0,0,0,0,0,0,0,0,0,0,1,1,0
2023-03-03,11.80671077799231,1,1,58,0,0,0,0,0,0,0,0,0,0,0,0,0,0,1,1,0
2023-03-04,11.759105230135605,1,2,62,0,0,0,1,0,0,0,0,0,0,0,0,0,0,1,1,0
2023-03-05,9.605729782871736,1,2,47,0,0,0,1,0,0,0,0,0,0,0,0,0,0,1,1,0
2023-03-06,6.591014854540275,1,3,47,0,0,0,0,0,0,0,0,0,0,0,0,0,0,1,1,0
2023-03-07,19.330419945457816,1,2,41,0,0,0,0,0,0,0,0,0,0,0,0,0,0,1,1,0
2023-03-08,11.040528903448331,1,2,43,0,0,0,0,0,0,0,0,0,0,0,0,0,0,1,1,0
2023-03-09,20.872251314927308,1,1,55,0,0,0,0,0,0,0,0,0,0,0,0,0,0,1,1,0
2023-03-10,7.047867646395257,1,3,47,0,0,0,0,0,0,0,0,0,0,0,0,0,0,1,1,0
2023-03-11,6.54822334992141,1,2,41,0,0,0,1,0,0,0,0,0,0,0,0,0,0,1,1,0
2023-03-12,9.581980498133175,1,2,49,0,0,0,1,0,0,0,0,0,0,0,0,0,0,1,1,0
2023-03-13,13.503286922590991,1,1,72,0,0,0,0,0,0,0,0,0,0,0,0,0,0,1,1,0
2023-03-17,7.026471894454639,1,2,60,0,0,0,0,0,0,0,0,0,0,0,0,0,0,1,1,0
2023-03-18,11.19522018938773,1,1,53,0,0,0,1,0,0,0,0,0,0,0,0,0,0,1,1,0
2023-03-19,14.093381759254957,1,3,49,0,0,0,1,0,0,0,0,0,0,0,0,0,0,1,1,0
2023-03-20,8.549314533971247,1,2,37,0,0,0,0,0,0,0,0,0,0,0,0,0,0,1,1,0
2023-03-21,10.122116254142496,1,2,46,0,0,0,0,0,0,0,0,0,0,0,0,0,0,1,1,0
2023-03-22,11.721127770229824,1,3,30,0,0,0,0,0,0,0,0,0,0,0,0,0,0,1,1,0
2023-03-23,9.289340101051303,1,3,34,0,0,0,0,0,0,0,0,0,0,0,0,0,0,1,1,0
2023-03-24,10.0483543995595,1,3,27,0,0,0,0,0,0,0,0,0,0,0,0,0,0,1,1,0
2023-03-25,9.888902558834442,1,3,24,0,0,0,1,0,0,0,0,0,0,0,0,0,0,0,1,1
2023-03-26,11.87565858859984,2,3,27,0,0,0,1,0,1,0,0,0,0,0,0,0,0,0,1,1
2023-03-27,10.697875937259653,2,3,27,0,0,0,0,0,1,0,0,0,0,0,0,0,0,0,1,1
2023-03-28,22.24762373446772,2,3,28,0,0,0,0,0,1,0,0,0,0,0,0,0,0,0,1,1
2023-03-29,24.28439233407757,2,2,16,0,0,0,0,0,1,0,0,0,0,0,0,0,0,0,1,1
2023-03-30,16.315705017126355,2,1,17,0,0,0,0,0,1,0,0,0,0,0,0,0,0,0,1,1
2023-03-31,23.301685450570275,1,2,29,0,0,0,0,0,0,0,0,0,0,0,0,0,0,0,1,1
2023-04-01,16.073023701436746,1,2,31,0,0,0,1,0,0,0,0,0,0,0,0,0,0,0,1,1
2023-04-02,18.92122619064933,2,1,31,0,0,0,1,0,1,0,0,0,0,0,0,0,0,0,1,1
2023-04-03,14.98804512382223,1,2,26,0,0,0,0,0,0,0,0,0,0,0,0,0,0,0,1,1
2023-04-04,17.581638165786135,1,2,29,0,1,0,0,1,0,0,0,0,0,0,0,0,0,0,1,1
2023-04-05,16.87017592668248,1,3,26,0,1,0,0,1,0,0,0,0,0,0,0,0,0,0,1,1
2023-04-06,28.810075259556346,1,3,29,0,0,0,0,0,0,0,0,0,0,0,0,0,0,0,1,1
2023-04-07,16.151599599995205,2,4,29,1,0,0,0,0,1,0,0,0,0,0,0,0,0,0,1,1
2023-04-08,15.973105540127465,2,3,26,0,0,0,1,0,1,0,0,0,0,0,0,0,0,0,1,1
2023-04-09,12.834616187368567,2,3,25,0,0,0,1,0,1,0,0,0,0,0,0,0,0,0,1,1
2023-04-10,20.7033853430105,1,2,27,0,0,0,0,0,0,0,0,0,0,0,0,0,0,0,1,1
2023-04-11,18.604729531186937,1,2,48,0,0,0,0,0,0,0,0,0,0,0,0,0,0,0,1,1
2023-04-12,14.780987735240464,1,1,59,0,0,0,0,0,0,0,0,0,0,0,0,0,0,0,1,1
2023-04-13,10.30531737960612,1,2,36,0,0,0,0,0,0,0,0,0,0,0,0,0,0,0,1,1
2023-04-14,14.390782710384867,1,3,34,0,0,0,0,0,0,0,0,0,0,0,0,0,0,0,1,1
2023-04-15,14.3050927242428,1,2,36,0,0,0,1,0,0,0,0,0,0,0,0,0,0,0,1,1
2023-04-16,10.186356999154144,1,3,44,0,0,0,1,0,0,0,0,0,0,0,0,0,0,0,1,1
2023-04-17,12.558610988179275,1,2,51,0,0,0,0,0,0,0,0,0,0,0,0,0,0,0,1,1
2023-04-18,4.332960691181452,1,2,52,0,0,0,0,0,0,0,0,0,0,0,0,0,0,0,1,1
2023-04-19,8.692024199161773,1,2,56,0,0,0,0,0,0,0,0,0,0,0,0,0,0,0,1,1
2023-04-20,16.658304494125247,1,3,38,0,0,0,0,0,0,0,0,0,0,0,0,0,0,0,1,1
2023-04-21,6.464886897314903,2,3,32,0,0,0,0,0,1,0,0,0,0,0,0,0,0,0,1,1
2023-04-22,2.5459874948448293,2,4,29,1,0,0,1,0,1,0,0,0,0,0,0,0,0,0,1,1
2023-04-23,0.3045685279033213,2,1,36,0,0,0,0,0,1,0,0,0,0,0,0,0,0,0,1,1
2023-04-24,10.179135933190956,2,2,26,0,0,0,0,0,1,0,0,0,0,0,0,0,0,0,1,1
2023-04-25,4.0569020028023495,1,3,34,0,0,0,0,0,0,0,0,0,0,0,0,0,0,0,1,1
2023-04-26,5.727268351484953,1,3,43,0,0,0,0,0,0,0,0,0,0,0,0,0,0,0,1,1
2023-04-27,6.736131541718536,2,2,41,0,0,0,0,0,1,0,0,0,0,0,0,0,0,0,1,1
2023-04-28,4.906366841500663,2,2,38,0,1,0,0,1,1,0,0,0,0,0,0,0,0,0,1,1
2023-04-29,11.2260835617099,1,1,25,0,1,0,0,1,0,0,0,0,0,0,0,0,0,0,1,1
2023-04-30,7.354789707096515,1,3,32,0,0,1,0,1,0,0,0,0,0,0,0,0,0,0,1,1
2023-05-01,4.6017983135973415,1,3,32,0,0,1,0,1,0,0,0,0,0,0,0,0,0,0,1,1
2023-05-02,5.094328521749957,1,2,30,0,0,1,0,1,0,0,0,0,0,0,0,0,0,0,1,1
2023-05-03,9.151230523814691,1,1,38,0,1,0,0,1,0,0,0,0,0,0,0,0,0,0,1,1
2023-05-04,8.851422550697036,1,3,41,0,0,0,0,0,0,0,0,0,0,0,0,0,0,0,1,1
2023-05-05,0.1522842639516605,1,3,42,0,0,0,0,0,0,0,0,0,0,0,0,0,0,0,1,1
2023-05-06,0.0,1,3,30,0,0,0,0,0,0,0,0,0,0,0,0,0,0,0,1,1
2023-05-07,1.4847582019688683,1,3,25,0,0,0,1,0,0,0,0,0,0,0,0,0,0,0,1,1
2023-05-08,14.707172391467674,1,3,20,0,0,0,0,0,0,0,0,0,0,0,0,0,0,0,1,1
2023-05-09,23.4110712322611,1,3,18,0,0,0,0,0,0,0,0,0,0,0,0,0,0,0,1,1
2023-05-10,7.982968982045839,1,1,25,0,0,0,0,0,0,0,0,0,0,0,0,0,0,0,1,1
2023-05-11,9.662802951109988,1,3,29,0,0,0,0,0,0,0,0,0,0,0,0,0,0,0,1,1
2023-05-12,12.106465261920162,1,2,32,0,0,0,0,0,0,0,0,0,0,0,0,0,0,0,1,1
2023-05-13,13.44846030877109,1,3,40,0,0,0,1,0,0,0,0,0,0,0,0,0,0,0,1,1
2023-05-29,21.022128556891232,1,3,25,0,0,0,0,0,0,0,0,0,0,0,0,0,0,0,1,1
2023-05-30,18.5142255010694,2,2,29,0,0,0,0,0,1,0,0,0,0,0,0,0,0,0,1,1
2023-05-31,27.439409905611807,1,2,28,0,0,0,0,0,0,0,0,0,0,0,0,0,0,0,1,1
2023-06-01,23.82507903104505,1,2,36,0,0,0,0,0,0,0,0,0,0,0,0,0,0,0,1,1
2023-06-02,3.5405690207213967,1,2,60,0,0,0,0,0,0,0,0,0,0,0,0,0,0,0,1,1
2023-06-03,9.072708114446026,1,2,66,0,0,0,1,0,0,0,0,0,0,0,0,0,0,0,1,1
2023-06-04,7.671232877369118,2,3,20,0,0,0,1,0,1,0,0,0,0,0,0,0,0,0,1,1
2023-06-05,3.9831401482193622,2,4,19,1,0,0,0,0,1,0,0,0,0,0,0,0,0,0,1,1
2023-06-06,18.219178082737415,2,3,19,0,0,0,0,0,1,0,0,0,0,0,0,0,0,0,1,1
2024-01-05,61.23694190411935,1,1,45,0,0,0,0,0,0,0,0,0,0,0,0,0,0,0,1,1
2024-01-06,60.71820190005065,1,1,79,0,0,0,1,0,0,0,0,0,0,0,0,0,0,0,0,1
2024-01-07,46.28227415372423,1,3,58,0,0,0,1,0,0,0,0,0,0,0,0,0,0,0,0,1
2024-01-08,62.38145416267249,1,1,53,0,0,0,0,0,0,0,0,0,0,0,0,0,0,0,0,1
2024-01-09,47.86695051626475,1,2,49,0,0,0,0,0,0,0,0,0,0,0,0,0,0,0,0,1
2024-01-10,45.91822543559493,1,3,33,0,0,0,0,0,0,0,0,0,0,0,0,0,0,0,0,1
2024-01-11,45.47089375331128,1,1,41,0,0,0,0,0,0,0,0,0,0,0,0,0,0,0,0,1
2024-01-12,50.03460762788564,1,1,64,0,0,0,0,0,0,0,0,0,0,0,0,0,0,0,0,1
2024-01-13,44.82843281400495,1,2,52,0,0,0,1,0,0,0,0,0,0,0,0,0,0,0,0,1
2024-01-14,46.434504928486085,1,1,31,0,0,0,1,0,0,0,0,0,0,0,0,0,0,0,0,1
2024-01-15,59.578503688518666,1,2,43,0,0,0,0,0,0,0,0,0,0,0,0,0,0,0,0,1
2024-01-16,56.99683877811383,1,3,44,0,0,0,0,0,0,0,0,0,0,0,0,0,0,0,0,1
2024-01-17,56.95399378351995,1,2,38,0,0,0,0,0,0,0,0,0,0,0,0,0,0,0,0,1
2024-01-18,49.43023112686467,1,1,33,0,0,0,0,0,0,0,0,0,0,0,0,0,0,0,0,1
2024-01-19,42.9463020111447,1,2,33,0,0,0,0,0,0,0,0,0,0,0,0,0,0,0,0,1
2024-01-20,42.05163864657743,1,2,38,0,0,0,1,0,0,0,0,0,0,0,0,0,0,0,0,1
2024-01-21,42.50613790563447,1,2,33,0,0,0,1,0,0,0,0,0,0,0,0,0,0,0,0,1
2024-01-22,50.06322444731229,2,4,32,1,0,0,0,0,1,0,0,0,0,0,0,0,0,0,0,1
2024-01-23,52.05479452105317,2,3,27,0,0,0,0,0,1,0,0,0,0,0,0,0,0,0,0,1
2024-01-24,36.31966323023421,1,3,42,0,0,0,0,0,0,0,0,0,0,0,0,0,0,0,0,1
2024-01-25,36.46954047219816,1,2,44,0,0,0,0,0,0,0,0,0,0,0,0,0,0,0,0,1
2024-01-26,35.52251100498848,1,2,48,0,0,0,0,0,0,0,0,0,0,0,0,0,0,0,0,1
2024-01-27,43.63636849830775,1,2,53,0,0,0,1,0,0,0,0,0,0,0,0,0,0,0,0,1
2024-01-28,54.48893572229201,1,1,38,0,0,0,1,0,0,0,0,0,0,0,0,0,0,0,0,1
2024-01-29,60.90621707101258,1,2,45,0,0,0,0,0,0,0,0,0,0,0,0,0,0,0,0,1
2024-01-30,62.75026343558746,1,1,48,0,0,0,0,0,0,0,0,0,0,0,0,0,0,0,0,1
2024-01-31,58.28882125359749,1,2,31,0,0,0,0,0,0,0,0,0,0,0,0,0,0,0,0,1
2024-02-01,55.34786817984902,1,2,20,0,0,0,0,0,0,0,0,0,0,0,0,0,0,0,0,1
2024-02-02,52.04762694275692,1,2,20,0,0,0,0,0,0,0,0,0,0,0,0,0,0,0,0,1
2024-02-03,42.74170513374046,1,2,22,0,0,0,1,0,0,0,0,0,0,0,0,0,0,0,0,1
2024-02-04,46.27992062092629,1,2,23,0,0,0,0,0,0,0,0,0,0,0,0,0,0,0,0,1
2024-02-05,47.260220482445845,1,1,22,0,0,0,0,0,0,0,0,0,0,0,0,0,0,0,0,1
2024-02-06,50.65331928397625,1,2,24,0,0,0,0,0,0,0,0,0,0,0,0,0,0,0,0,1
2024-02-07,53.16122233979809,2,1,15,0,0,0,0,0,1,0,0,0,0,0,0,0,0,0,0,1
2024-02-08,49.54689146523133,2,3,13,0,0,0,0,0,1,0,0,0,0,0,0,0,0,0,0,1
2024-02-09,51.68598524813819,1,3,25,0,1,0,0,1,0,0,0,0,0,0,0,0,0,0,0,1
2024-02-10,60.38988408893161,1,2,70,0,1,0,0,1,0,0,0,0,0,0,0,0,0,0,0,1
2024-02-11,53.98918444665335,1,1,64,0,0,1,0,1,0,0,0,0,0,0,0,0,0,0,0,1
2024-02-12,58.60767144585781,1,3,33,0,0,1,0,1,0,0,0,0,0,0,0,0,0,0,0,1
2024-02-13,62.08640674281767,1,2,41,0,0,1,0,1,0,0,0,0,0,0,0,0,0,0,0,1
2024-02-14,54.73873112404237,1,2,38,0,0,1,0,1,0,0,0,0,0,0,0,0,0,0,0,1
2024-02-15,54.802971869054026,1,1,35,0,0,1,0,1,0,0,0,0,0,0,0,0,0,0,0,1
2024-02-16,49.132830175734746,1,2,38,0,0,1,0,1,0,0,0,0,0,0,0,0,0,0,0,1
2024-02-17,44.84988205513536,1,3,27,0,1,0,0,1,0,0,0,0,0,0,0,0,0,0,0,1
2024-02-18,50.44150133908598,1,3,26,0,0,0,0,0,0,0,0,0,0,0,0,0,0,0,0,1
2024-02-19,52.135670461696925,1,3,25,0,0,0,0,0,0,0,0,0,0,0,0,0,0,0,0,1
2024-02-20,46.21091932112896,1,3,21,0,0,0,0,0,0,0,0,0,0,0,0,0,0,0,0,1
2024-02-21,39.07024760174565,1,3,23,9,0,0,0,0,0,0,0,0,0,0,0,0,0,0,0,1
2024-02-22,47.712312719515154,1,2,25,9,0,0,0,0,0,0,0,0,0,0,0,0,0,0,0,1
2024-02-23,41.09514155898623,1,1,38,0,0,0,0,0,0,0,0,0,0,0,0,0,0,0,0,1
2024-02-24,46.07767727631998,1,2,32,0,0,0,1,0,0,0,0,0,0,0,0,0,0,0,0,1
2024-02-25,51.09589041147423,1,2,26,0,0,0,1,0,0,0,0,0,0,0,0,0,0,0,0,1
2024-02-26,52.57112750313413,1,2,41,0,0,0,0,0,0,0,0,0,0,0,0,0,0,0,0,1
2024-02-27,50.50579557481028,1,1,33,0,0,0,0,0,0,0,0,0,0,0,0,0,0,0,0,1
2024-02-28,44.628596491386375,1,2,42,0,0,0,0,0,0,0,0,0,0,0,0,0,0,0,0,1
2024-02-29,50.73419522462002,1,2,56,0,0,0,0,0,0,0,0,0,0,0,0,0,0,0,0,1
2024-03-01,43.97902146449642,1,3,21,0,0,0,0,0,0,0,0,0,0,0,0,0,0,0,0,1
2024-03-02,45.33053762091869,1,2,28,0,0,0,1,0,0,0,0,0,0,0,0,0,0,0,0,1
2024-03-03,57.88198103158694,1,2,38,0,0,0,1,0,0,0,0,0,0,0,0,0,0,0,0,1
2024-03-04,47.06273769262521,1,3,35,0,0,0,0,0,0,0,0,0,0,0,0,0,0,0,0,1
2024-03-05,47.66235363886052,2,2,29,0,0,0,0,0,1,0,0,0,0,0,0,0,0,0,0,1
2024-03-06,44.31686038670964,2,3,44,0,0,0,0,0,1,0,0,0,0,0,0,0,0,0,0,0
2024-03-07,47.46011029425421,1,2,38,0,0,0,0,0,0,0,0,0,0,0,0,0,0,0,0,0
2024-03-08,37.05487475407645,1,2,35,0,0,0,0,0,0,0,0,0,0,0,0,0,0,0,0,0
2024-03-09,54.94814204542209,2,2,55,0,0,0,1,0,1,0,0,0,0,0,0,0,0,0,0,0
2024-03-10,50.18213133705163,2,3,26,0,0,0,1,0,1,0,0,0,0,0,0,0,0,0,0,0
2024-03-11,41.71850678996008,2,2,31,0,0,0,0,0,1,0,0,0,0,0,0,0,0,0,0,0
2024-03-12,38.14937444126228,1,2,27,0,0,0,0,0,0,0,0,0,0,0,0,0,0,0,0,0
2024-03-13,39.96967152109862,1,3,57,0,0,0,0,0,0,0,0,0,0,0,0,0,0,0,0,0
2024-03-14,44.083700180591386,1,3,62,0,0,0,0,0,0,0,0,0,0,0,0,0,0,0,0,0
2024-03-15,32.552994602526,1,3,66,0,0,0,0,0,0,0,0,0,0,0,0,0,0,0,0,0
2024-03-16,47.46246382705215,1,2,51,0,0,0,1,0,0,0,0,0,0,0,0,0,0,0,0,0
2024-03-17,43.914727230294986,1,2,37,0,0,0,1,0,0,0,0,0,0,0,0,0,0,0,0,0
2024-03-18,41.60195343149584,1,3,37,0,0,0,0,0,0,0,0,0,0,0,0,0,0,0,0,0
2024-03-19,47.79559568366949,2,3,29,0,0,0,0,0,1,0,0,0,0,0,0,0,0,0,0,0
2024-03-20,39.83878300908757,1,2,53,0,0,0,0,0,0,0,0,0,0,0,0,0,0,0,0,0
2024-03-21,36.35293362454411,1,3,50,0,0,0,0,0,0,0,0,0,0,0,0,0,0,0,0,0
2024-03-22,32.0342545984573,1,3,52,0,0,0,0,0,0,0,0,0,0,0,0,0,0,0,0,0
2024-03-23,35.056137103562165,1,3,41,0,0,0,1,0,0,0,0,0,0,0,0,0,0,0,0,0
2024-03-24,43.6125657243794,1,3,30,0,0,0,1,0,0,0,0,0,0,0,0,0,0,0,0,0
2024-03-25,34.82533043024184,1,3,27,0,0,0,0,0,0,0,0,0,0,0,0,0,0,0,0,0
2024-03-26,33.219204826570895,1,1,64,0,0,0,0,0,0,0,0,0,0,0,0,0,0,0,0,0
2024-03-27,30.482902119416465,1,3,34,0,0,0,0,0,0,0,0,0,0,0,0,0,0,0,0,0
2024-03-28,35.5439067569291,1,1,37,0,0,0,0,0,0,0,0,0,0,0,0,0,0,0,0,0
2024-03-30,30.0070071084188,1,3,34,0,0,0,1,0,0,0,0,0,0,0,0,0,0,0,0,0
2024-03-31,31.253844548746116,1,4,25,1,0,0,1,0,0,0,0,0,0,0,0,0,0,0,0,0
2024-04-01,25.62649435930806,1,4,45,1,0,0,0,0,0,0,0,0,0,0,0,0,0,0,0,0
2024-04-02,22.38808684523989,1,4,45,1,0,0,0,0,0,0,0,0,0,0,0,0,0,0,0,0
