date,ci,weather_dummy,wind,aqi,life_impact,is_holiday_near,is_holiday_mid,is_nonwork_weekend,is_holiday_day_or_window,is_bad_weather,is_aqi_high,test_fold_1,test_fold_2,test_fold_3,test_fold_4,test_fold_5,test_fold_6,test_fold_7,test_fold_8,test_fold_9,test_fold_10,ci_lag1,ci_lag2,ci_lag3,ci_lag7,ci_lag8,ci_lag14,ci_lag21,ci_lag28,ci_roll3_prev_mean,ci_roll7_prev_mean,ci_roll14_prev_mean,ci_roll7_prev_std,ci_diff1_lag1,ci_diff7_lag1,dow,month,dow_sin,dow_cos,doy_sin,doy_cos
2017-05-04,71.59435793968125,2,1,31,0,0,0,0,0,1,0,0,0,0,0,0,0,0,0,0,0,75.36354056927964,67.60651072660363,61.24630254612131,65.43414654938687,63.93494621622924,83.0347734459111,55.08833771024529,66.07644702112383,68.07211794733486,65.43717252034463,68.69679239435098,4.833995215737986,7.757029842676005,11.428594353050393,3.0,5.0,0.43388373911755823,-0.900968867902419,0.8460055349535992,-0.5331741130511443
2017-05-05,63.35677951112435,2,1,72,0,0,0,0,0,1,0,0,0,0,0,0,0,0,0,0,0,71.59435793968125,75.36354056927964,67.60651072660363,66.58336587201305,65.43414654938687,74.69727685452209,63.128326370601975,61.27240536365781,71.52146974518816,66.31720271895811,67.8796198581917,5.292343786732114,-3.76918262959839,6.1602113902943785,4.0,5.0,-0.433883739117558,-0.9009688679024191,0.8367087334614722,-0.5476481492247545
2017-05-06,60.76800051313592,2,1,81,0,0,0,1,0,1,0,0,0,0,0,0,0,0,0,0,0,63.35677951112435,71.59435793968125,75.36354056927964,60.40159826220868,66.58336587201305,80.5268703900893,54.33408396726038,57.70568003694775,70.10489267336173,65.85626181025972,67.0695843336633,5.388722567879125,-8.237578428556894,-3.226586360888696,5.0,5.0,-0.9749279121818236,-0.2225209339563146,0.8271643262255062,-0.561960120844802
2017-05-07,48.918551721189786,2,1,41,0,0,0,1,0,1,0,0,0,0,0,0,0,0,0,0,0,60.76800051313592,63.35677951112435,71.59435793968125,61.42474311679926,60.40159826220868,73.19090894459104,52.17354094322312,61.21543917379915,65.23971265464716,65.90860498896362,65.65823648530947,5.337016105089087,-2.5887789979884346,0.3664022509272371,6.0,5.0,-0.7818314824680299,0.6234898018587334,0.8173751377053472,-0.5761057925946976
2017-05-08,44.97825656677907,2,1,42,0,0,0,0,0,1,0,0,0,0,0,0,0,0,0,0,0,48.918551721189786,60.76800051313592,63.35677951112435,61.24630254612131,61.42474311679926,63.94211379300264,64.61565206139032,59.20493385929517,57.68111058181668,64.12200621816227,63.92449668363797,7.978538470889098,-11.84944879194613,-12.506191395609477,0.0,5.0,0.0,1.0,0.8073440647983365,-0.5900809783706804
2017-05-09,61.6221724174301,2,1,52,0,0,0,0,0,1,0,0,0,0,0,0,0,0,0,0,0,44.97825656677907,48.918551721189786,60.76800051313592,67.60651072660363,61.24630254612131,64.36799623415587,68.7153455673363,68.70823147975268,51.55493626703492,61.797999649684805,62.569935453193416,10.460851961434658,-3.9402951544107125,-16.26804597934224,1.0,5.0,0.7818314824680298,0.6234898018587336,0.7970740759822359,-0.6038815425206047
2017-05-10,67.80864709283034,2,1,93,0,0,0,0,0,1,0,0,0,0,0,0,0,0,0,0,0,61.6221724174301,44.97825656677907,48.918551721189786,75.36354056927964,67.60651072660363,63.93494621622924,74.25711275053469,56.57796344464179,51.83966023513298,60.94309417694573,62.37380518057016,10.192308283540077,16.643915850651027,-5.9843383091735305,2.0,5.0,0.9749279121818236,-0.22252093395631434,0.7865682104367726,-0.6175034010677942
2017-05-11,68.96990152539519,1,1,49,0,0,0,0,0,0,0,0,0,0,0,0,0,0,0,0,0,67.80864709283034,61.6221724174301,44.97825656677907,71.59435793968125,75.36354056927964,65.43414654938687,83.0347734459111,55.08833771024529,58.136358692346505,59.86382368031012,62.65049810032737,8.930004047985934,6.186474675400241,-7.554893476449294,3.0,5.0,0.43388373911755823,-0.900968867902419,0.7758295771442586,-0.6309425229196086
2017-05-12,69.26494894372716,2,1,43,0,0,0,0,0,1,0,0,0,0,0,0,0,0,0,0,0,68.96990152539519,67.80864709283034,61.6221724174301,63.35677951112435,71.59435793968125,66.58336587201305,74.69727685452209,63.128326370601975,66.13357367855188,59.4889013354121,62.90305202718512,8.47303334481863,1.1612544325648457,-2.6244564142860582,4.0,5.0,-0.433883739117558,-0.9009688679024191,0.7648613539695567,-0.6441949310603557
2017-05-13,64.83672366838013,2,1,49,0,0,0,1,0,1,0,0,0,0,0,0,0,0,0,0,0,69.26494894372716,68.96990152539519,67.80864709283034,60.76800051313592,63.35677951112435,60.40159826220868,80.5268703900893,54.33408396726038,68.68116585398423,60.33292554006965,63.09459367516469,9.088218792075315,0.29504741833197556,5.908169432602811,5.0,5.0,-0.9749279121818236,-0.2225209339563146,0.7536667867196597,-0.6572567037282031
2017-05-14,76.69114697187112,2,1,46,0,0,0,1,0,1,0,0,0,0,0,0,0,0,0,0,0,64.83672366838013,69.26494894372716,68.96990152539519,48.918551721189786,60.76800051313592,61.42474311679926,73.19090894459104,52.17354094322312,67.69052471250082,60.91417170510454,63.41138834703408,9.226514767669988,-4.428225275347032,4.068723155244214,6.0,5.0,-0.7818314824680299,0.6234898018587334,0.7422491881831634,-0.6701239755757398
2017-05-15,70.87096756901852,2,1,28,0,0,0,0,0,1,0,0,0,0,0,0,0,0,0,0,0,76.69114697187112,64.83672366838013,69.26494894372716,44.97825656677907,48.918551721189786,61.24630254612131,63.94211379300264,64.61565206139032,70.26427319465948,64.88168531234473,64.50184576525349,9.186402400990335,11.85442330349099,27.772595250681334,0.0,5.0,0.0,1.0,0.7306119371499218,-0.682792938813839
2017-05-16,64.45379319867752,1,1,26,0,0,0,0,0,0,0,0,0,0,0,0,0,0,0,0,0,70.87096756901852,76.69114697187112,64.83672366838013,61.6221724174301,44.97825656677907,67.60651072660363,64.36799623415587,68.7153455673363,70.79961273642324,68.58064402695037,65.18932183831758,4.386324211589751,-5.820179402852602,25.892711002239444,1.0,5.0,0.7818314824680298,0.6234898018587336,0.7187584774111637,-0.695259844338493
2017-05-17,65.50539440360255,1,1,51,0,0,0,0,0,0,0,0,0,0,0,0,0,0,0,0,0,64.45379319867752,70.87096756901852,76.69114697187112,67.80864709283034,61.6221724174301,75.36354056927964,63.93494621622924,74.25711275053469,70.6719692465224,68.98516128141428,64.96412772918,3.81994786386361,-6.417174370341002,2.831620781247416,2.0,5.0,0.9749279121818236,-0.22252093395631434,0.7066923167403818,-0.7075210028402775
2017-05-18,63.37822875225477,2,1,44,0,0,0,0,0,1,0,0,0,0,0,0,0,0,0,0,0,65.50539440360255,64.45379319867752,70.87096756901852,68.96990152539519,67.80864709283034,71.59435793968125,65.43414654938687,83.0347734459111,66.94338505709952,68.65612518295318,64.25997443163165,4.001977196832936,1.051601204925035,-2.30325268922779,3.0,5.0,0.43388373911755823,-0.900968867902419,0.6944170258552806,-0.7195727858961222
2017-05-19,72.66510834212855,2,1,43,0,0,0,0,0,1,0,0,0,0,0,0,0,0,0,0,0,63.37822875225477,65.50539440360255,64.45379319867752,69.26494894372716,68.96990152539519,63.35677951112435,66.58336587201305,74.69727685452209,64.4458054515116,67.85731478679025,63.67310806110118,4.398080737009402,-2.127165651347781,-5.5916727731404166,4.0,5.0,-0.433883739117558,-0.9009688679024191,0.6819362373611009,-0.7314116270430655
2017-05-20,66.55710258690716,2,1,36,0,0,0,1,0,1,0,0,0,0,0,0,0,0,0,0,0,72.66510834212855,63.37822875225477,65.50539440360255,64.83672366838013,69.26494894372716,60.76800051313592,60.40159826220868,80.5268703900893,67.18291049932863,68.34305184370474,64.33798869188719,4.703853446400997,9.286879589873777,3.400159398401385,5.0,5.0,-0.9749279121818236,-0.2225209339563146,0.6692536446756302,-0.743034022833669
2017-05-21,65.5102619367678,2,5,31,1,0,0,1,0,1,0,0,0,0,0,0,0,0,0,0,0,66.55710258690716,72.66510834212855,63.37822875225477,76.69114697187112,64.83672366838013,48.918551721189786,61.42474311679926,73.19090894459104,67.5334798937635,68.58882026063716,64.75149598287086,4.556880565035381,-6.1080057552213844,1.7203789185270324,6.0,5.0,-0.7818314824680299,0.6234898018587334,0.6563730009362144,-0.7544365338727892
2017-05-22,61.92925494570074,2,1,29,0,0,0,0,0,1,0,0,0,0,0,0,0,0,0,0,0,65.5102619367678,66.55710258690716,72.66510834212855,70.87096756901852,76.69114697187112,44.97825656677907,61.24630254612131,63.94211379300264,68.2441576219345,66.99155096990812,65.93661814112643,3.1921122047976564,-1.0468406501393588,-11.180885035103316,0.0,5.0,0.0,1.0,0.6432981178891005,-0.7656157858353895
2017-05-23,59.4950602552721,2,1,30,0,0,0,0,0,1,0,0,0,0,0,0,0,0,0,0,0,61.92925494570074,65.5102619367678,66.55710258690716,64.45379319867752,70.87096756901852,61.6221724174301,67.60651072660363,64.36799623415587,64.66553982312523,65.71416345229129,67.14740373962084,3.1731462100444516,-3.5810069910670634,-8.941712623317777,1.0,5.0,0.7818314824680298,0.6234898018587336,0.630032864761432,-0.7765684704650989
2017-05-24,57.53906061944928,2,1,33,0,0,0,0,0,1,0,0,0,0,0,0,0,0,0,0,0,59.4950602552721,61.92925494570074,65.5102619367678,65.50539440360255,64.45379319867752,67.80864709283034,75.36354056927964,63.93494621622924,62.31152571258021,65.00577303180481,66.99546715660954,3.8555709337520714,-2.4341946904286402,-4.9587329434054155,2.0,5.0,0.9749279121818236,-0.22252093395631434,0.6165811671162346,-0.7872913465532199
2017-05-25,58.69796151921617,1,1,38,0,0,0,0,0,0,0,0,0,0,0,0,0,0,0,0,0,57.53906061944928,59.4950602552721,61.92925494570074,63.37822875225477,65.50539440360255,68.96990152539519,71.59435793968125,65.43414654938687,59.654458606807374,63.86772534835434,66.26192526565376,4.636718291473193,-1.9559996358228204,-7.966333784153271,3.0,5.0,0.43388373911755823,-0.900968867902419,0.6029470056907332,-0.797781240897891
2017-06-07,61.43201767195225,1,1,54,0,0,0,0,0,0,0,0,0,0,0,0,0,0,0,0,0,58.69796151921617,57.53906061944928,59.4950602552721,72.66510834212855,63.37822875225477,69.26494894372716,63.35677951112435,66.58336587201305,58.57736079797919,63.19911574363454,65.5282152652124,4.9835683588050745,1.1589008997668913,-4.680267233038599,2.0,6.0,0.9749279121818236,-0.22252093395631434,0.4110028753129673,-0.9116340474579004
2017-06-08,65.87431065489712,1,1,54,0,0,0,0,0,0,0,0,0,0,0,0,0,0,0,0,0,61.43201767195225,58.69796151921617,57.53906061944928,66.55710258690716,72.66510834212855,64.83672366838013,60.76800051313592,60.40159826220868,59.223013270205904,61.594388505037934,64.96872017437133,3.147408191247515,2.7340561527360805,-11.233090670176296,3.0,6.0,0.43388373911755823,-0.900968867902419,0.3952601978350095,-0.9185692004456872
2017-06-09,62.8286253758639,1,1,66,0,0,0,0,0,0,0,0,0,0,0,0,0,0,0,0,0,65.87431065489712,61.43201767195225,58.69796151921617,65.5102619367678,66.55710258690716,76.69114697187112,48.918551721189786,61.42474311679926,62.00142994868852,61.496846800465065,65.04283353055112,2.99918679735212,4.442292982944863,-0.6827919320100477,4.0,6.0,-0.433883739117558,-0.9009688679024191,0.37940055170191456,-0.9252325228656215
2017-06-10,63.21412333512362,1,1,50,0,0,0,1,0,0,0,0,0,0,0,0,0,0,0,0,0,62.8286253758639,65.87431065489712,61.43201767195225,61.92925494570074,65.5102619367678,70.87096756901852,44.97825656677907,61.24630254612131,63.37831790090442,61.113755863193084,64.0526534165506,2.6078089481929534,-3.045685279033215,-2.681636560903904,5.0,6.0,-0.9749279121818236,-0.2225209339563146,0.36342863023086686,-0.9316220428524198
2017-06-11,56.20434012775135,1,1,37,0,0,0,1,0,0,0,0,0,0,0,0,0,0,0,0,0,63.21412333512362,62.8286253758639,65.87431065489712,59.4950602552721,61.92925494570074,64.45379319867752,61.6221724174301,67.60651072660363,63.97235312196154,61.29730849025349,63.505735971272394,2.7022566328162076,0.3854979592597161,1.2848683894228756,6.0,6.0,-0.7818314824680299,0.6234898018587334,0.34734915996449583,-0.9377358695666702
2017-06-12,41.60655351871213,2,1,33,0,0,0,0,0,1,0,0,0,0,0,0,0,0,0,0,0,56.20434012775135,63.21412333512362,62.8286253758639,57.53906061944928,59.4950602552721,65.50539440360255,67.80864709283034,75.36354056927964,60.749029612912956,60.82720561489339,62.9164893233491,3.2128889406397265,-7.009783207372266,-3.29072012752075,0.0,6.0,0.0,1.0,0.331166899272155,-0.943572193754387
2017-06-13,59.43317304305838,2,5,26,1,0,0,0,0,1,0,0,0,0,0,0,0,0,0,0,0,41.60655351871213,56.20434012775135,63.21412333512362,58.69796151921617,57.53906061944928,63.37822875225477,68.96990152539519,71.59435793968125,53.67500566052903,58.551133171930935,61.209429260142635,7.5082489545668185,-14.597786609039218,-15.932507100737148,1.0,6.0,0.7818314824680298,0.6234898018587336,0.3148866369417895,-0.9491292882824182
2017-06-14,64.08487694738298,2,1,35,0,0,0,0,0,1,0,0,0,0,0,0,0,0,0,0,0,59.43317304305838,41.60655351871213,56.20434012775135,61.43201767195225,58.69796151921617,72.66510834212855,69.26494894372716,63.35677951112435,52.41468889650728,58.656163389622684,60.92763956662861,7.5147077967198,17.82661952434625,0.7352115238422101,2.0,6.0,0.9749279121818236,-0.22252093395631434,0.2985131907627956,-0.9544055086495544
2017-06-15,57.52969997744732,2,1,37,0,0,0,0,0,1,0,0,0,0,0,0,0,0,0,0,0,64.08487694738298,59.43317304305838,41.60655351871213,65.87431065489712,61.43201767195225,66.55710258690716,64.83672366838013,60.76800051313592,55.04153450305116,59.03514328611278,60.31476589557536,7.709511902767971,4.651703904324599,2.6528592754307283,3.0,6.0,0.43388373911755823,-0.900968867902419,0.28205140610030166,-0.959399293473183
2017-06-16,52.90645242345718,2,1,33,0,0,0,0,0,1,0,0,0,0,0,0,0,0,0,0,0,57.52969997744732,64.08487694738298,59.43317304305838,62.8286253758639,65.87431065489712,65.5102619367678,76.69114697187112,48.918551721189786,60.349249989296226,57.843056046477095,59.66995142347108,7.18729694671183,-6.555176969935658,-8.344610677449793,4.0,6.0,-0.433883739117558,-0.9009688679024191,0.2655061544612901,-0.9641091649513439
2017-06-17,64.52022700891774,2,1,29,0,0,0,1,0,1,0,0,0,0,0,0,0,0,0,0,0,52.90645242345718,57.52969997744732,64.08487694738298,63.21412333512362,62.8286253758639,61.92925494570074,70.87096756901852,44.97825656677907,58.17367644942916,56.42560276756185,58.769679315377466,7.041211330535494,-4.62324755399014,-9.922172952406719,5.0,6.0,-0.9749279121818236,-0.2225209339563146,0.24888233205297766,-0.9685337293000545
2017-06-18,62.31929950298696,2,4,22,1,0,0,1,0,1,0,0,0,0,0,0,0,0,0,0,0,64.52022700891774,52.90645242345718,57.52969997744732,56.20434012775135,63.21412333512362,59.4950602552721,64.45379319867752,61.6221724174301,58.31879313660742,56.6121890066753,58.95474874846439,7.233314080883789,11.613774585460561,1.3061036737941265,6.0,6.0,-0.7818314824680299,0.6234898018587334,0.23218485833388977,-0.9726716771657699
2017-06-19,60.35153220317444,2,1,24,0,0,0,0,0,1,0,0,0,0,0,0,0,0,0,0,0,62.31929950298696,64.52022700891774,52.90645242345718,41.60655351871213,56.20434012775135,57.53906061944928,65.50539440360255,67.80864709283034,59.91532631178729,57.48575463170896,59.15648012330117,7.495796720728321,-2.2009275059307853,6.114959375235607,0.0,6.0,0.0,1.0,0.21541867455805647,-0.9765217840128556
2017-06-20,57.81506581863858,2,2,28,1,0,0,0,0,1,0,0,0,0,0,0,0,0,0,0,0,60.35153220317444,62.31929950298696,64.52022700891774,59.43317304305838,41.60655351871213,58.69796151921617,63.37822875225477,68.96990152539519,62.39701957169305,60.16360872948928,59.35737095071011,3.7640425545737313,-1.9677672998125146,18.74497868446231,1.0,6.0,0.7818314824680298,0.6234898018587336,0.19858874231275225,-0.9800829104859646
2017-06-21,60.822720148576224,1,1,30,0,0,0,0,0,0,0,0,0,0,0,0,0,0,0,0,0,57.81506581863858,60.35153220317444,62.31929950298696,64.08487694738298,59.43317304305838,61.43201767195225,72.66510834212855,69.26494894372716,60.161965841599994,59.93245055457218,59.29430697209743,3.850495205031087,-2.5364663845358635,-1.618107224419802,2.0,6.0,0.9749279121818236,-0.22252093395631434,0.18170004205022589,-0.983354002747203
2017-06-22,57.0704936527944,2,1,19,0,0,0,0,0,1,0,0,0,0,0,0,0,0,0,0,0,60.822720148576224,57.81506581863858,60.35153220317444,57.52969997744732,64.08487694738298,65.87431065489712,66.55710258690716,64.83672366838013,59.663106056796416,59.46642815474264,59.25078572042771,3.501303637423961,3.007654329937644,-3.262156798806757,3.0,6.0,0.43388373911755823,-0.900968867902419,0.16475757161384025,-0.9863340927879916
2017-06-23,65.10577524755521,2,1,18,0,0,0,0,0,1,0,0,0,0,0,0,0,0,0,0,0,57.0704936527944,60.822720148576224,57.81506581863858,52.90645242345718,57.52969997744732,62.8286253758639,65.5102619367678,76.69114697187112,58.569426540003064,59.40082725122079,58.62194164884895,3.5410521415688208,-3.7522264957818265,-0.459206324652925,4.0,6.0,-0.433883739117558,-0.9009688679024191,0.14776634475907305,-0.9890222987155258
2017-06-24,52.482923515101895,2,1,19,0,0,0,1,0,1,0,0,0,0,0,0,0,0,0,0,0,65.10577524755521,57.0704936527944,60.822720148576224,64.52022700891774,52.90645242345718,63.21412333512362,61.92925494570074,70.87096756901852,60.99966301630861,61.143587654663364,58.78459521111261,2.8506235497294257,8.035281594760818,12.199322824098033,5.0,6.0,-0.9749279121818236,-0.2225209339563146,0.13073138966980175,-0.991417825013754
2017-06-25,41.247318844558286,2,4,22,1,0,0,1,0,1,0,0,0,0,0,0,0,0,0,0,0,52.482923515101895,65.10577524755521,57.0704936527944,62.31929950298696,64.52022700891774,56.20434012775135,59.4950602552721,64.45379319867752,58.219730805150505,59.42397286983253,58.01808093825391,3.7756412380269593,-12.62285173245332,-12.037303493815848,6.0,6.0,-0.7818314824680299,0.6234898018587334,0.11365774747032338,-0.993519962778792
2017-06-26,46.25841789060608,1,1,22,0,0,0,0,0,0,0,0,0,0,0,0,0,0,0,0,0,41.247318844558286,52.482923515101895,65.10577524755521,60.35153220317444,62.31929950298696,41.60655351871213,57.53906061944928,65.50539440360255,52.94533920240514,56.413689918628435,56.949722275168696,7.1550529440561075,-11.235604670543609,-21.07198065842867,0.0,6.0,0.0,1.0,0.09655047073354384,-0.9953280899287085
2017-06-27,52.47821644950604,2,1,20,0,0,0,0,0,1,0,0,0,0,0,0,0,0,0,0,0,46.25841789060608,41.247318844558286,52.482923515101895,57.81506581863858,60.35153220317444,59.43317304305838,58.69796151921617,63.37822875225477,46.66288675008875,54.400387873975816,57.28199830173255,7.723921382579472,5.011099046047796,-14.09311431256836,1.0,6.0,0.7818314824680298,0.6234898018587336,0.07941462198577987,-0.9968416713876159
2017-06-28,50.60560675621713,1,1,20,0,0,0,0,0,0,0,0,0,0,0,0,0,0,0,0,0,52.47821644950604,46.25841789060608,41.247318844558286,60.822720148576224,57.81506581863858,64.08487694738298,61.43201767195225,72.66510834212855,46.66131772822347,53.637980821242586,56.78521568790738,7.61181972415043,6.21979855889996,-5.336849369132537,2.0,6.0,0.9749279121818236,-0.22252093395631434,0.06225527220861048,-0.9980602592440156
2017-06-29,51.78574294035525,2,1,20,0,0,0,0,0,1,0,0,0,0,0,0,0,0,0,0,0,50.60560675621713,52.47821644950604,46.25841789060608,57.0704936527944,60.822720148576224,57.52969997744732,65.87431065489712,66.55710258690716,49.78074703210975,52.178393193762716,55.82241067425268,7.053273176974709,-1.872609693288915,-10.217113392359096,3.0,6.0,0.43388373911755823,-0.900968867902419,0.045077499338235225,-0.9989834928833466
2017-06-30,63.42824132209919,1,1,29,0,0,0,0,0,0,0,0,0,0,0,0,0,0,0,0,0,51.78574294035525,50.60560675621713,52.47821644950604,65.10577524755521,57.0704936527944,52.90645242345718,62.8286253758639,65.5102619367678,51.623188715359476,51.42342880627142,55.4121280287461,6.766222477432589,1.1801361841381208,-5.284750712439148,4.0,6.0,-0.433883739117558,-0.9009688679024191,0.027886386762765406,-0.9996110990947017
2017-07-01,51.278931067845626,1,1,17,0,0,0,1,0,0,0,0,0,0,0,0,0,0,0,0,0,63.42824132209919,51.78574294035525,50.60560675621713,52.482923515101895,65.10577524755521,64.52022700891774,63.21412333512362,61.92925494570074,55.27319700622385,51.18378110263484,56.16368437864911,6.290347123588352,11.642498381743941,-1.677533925456025,5.0,7.0,-0.9749279121818236,-0.2225209339563146,0.010687021817909606,-0.9999428921516786
2017-07-02,58.883462688287935,2,1,22,0,0,0,1,0,1,0,0,0,0,0,0,0,0,0,0,0,51.278931067845626,63.42824132209919,51.78574294035525,41.247318844558286,52.482923515101895,62.31929950298696,56.20434012775135,59.4950602552721,55.49763844343335,51.01178218159823,55.21787752571537,6.268896754759032,-12.149310254253564,-1.2039924472562689,6.0,7.0,-0.7818314824680299,0.6234898018587334,-0.006515505718515781,-0.9999787738673417
2017-07-03,61.93620856571496,2,1,21,0,0,0,0,0,1,0,0,0,0,0,0,0,0,0,0,0,58.883462688287935,51.278931067845626,63.42824132209919,46.25841789060608,41.247318844558286,60.35153220317444,41.60655351871213,57.53906061944928,57.86354502607758,53.53123130213104,54.972460610379734,5.308735500436001,7.604531620442309,17.63614384372965,0.0,7.0,0.0,1.0,-0.0237161051327942,-0.9997187336232778
2017-07-04,63.12591934861423,2,1,19,0,0,0,0,0,1,0,0,0,0,0,0,0,0,0,0,0,61.93620856571496,58.883462688287935,51.278931067845626,52.47821644950604,46.25841789060608,57.81506581863858,59.43317304305838,58.69796151921617,57.36620077394951,55.77091568428945,55.085651779132625,5.069731371523163,3.0527458774270286,15.67779067510888,1.0,7.0,0.7818314824680298,0.6234898018587336,-0.04090968628179356,-0.999162848372739
2017-07-05,63.028408209292685,2,1,20,0,0,0,0,0,1,0,0,0,0,0,0,0,0,0,0,0,63.12591934861423,61.93620856571496,58.883462688287935,50.60560675621713,52.47821644950604,60.822720148576224,64.08487694738298,61.43201767195225,61.31519686753904,57.29201609844777,55.46499845984517,5.437610013569032,1.1897107828992688,10.64770289910819,2.0,7.0,0.9749279121818236,-0.22252093395631434,-0.05809116109928645,-0.99831128261787
2017-07-06,63.47327938039879,2,1,17,0,0,0,0,0,1,0,0,0,0,0,0,0,0,0,0,0,63.028408209292685,63.12591934861423,61.93620856571496,51.78574294035525,50.60560675621713,57.0704936527944,57.52969997744732,65.87431065489712,62.69684537454063,59.0667020203157,55.62254760703921,4.973138881261807,-0.09751113932154709,12.422801453075557,3.0,7.0,0.43388373911755823,-0.900968867902419,-0.07525544510164994,-0.9971642883610266
2017-07-07,66.50243644065664,2,1,18,0,0,0,0,0,1,0,0,0,0,0,0,0,0,0,0,0,63.47327938039879,63.028408209292685,63.12591934861423,63.42824132209919,51.78574294035525,65.10577524755521,52.90645242345718,62.8286253758639,63.209202312768575,60.73635008317906,56.07988944472523,4.1406738350142485,0.44487117110610797,11.687536440043544,4.0,7.0,-0.433883739117558,-0.9009688679024191,-0.09239745889250749,-0.9957222050302019
2017-07-08,58.91914010458558,2,1,20,0,0,0,1,0,1,0,0,0,0,0,0,0,0,0,0,0,66.50243644065664,63.47327938039879,63.028408209292685,51.278931067845626,63.42824132209919,52.482923515101895,64.52022700891774,63.21412333512362,64.33470801011605,61.17552081440156,56.1796509585182,4.54607578934652,3.0291570602578446,3.074195118557448,5.0,7.0,-0.9749279121818236,-0.2225209339563146,-0.10951212966586969,-0.9939854593785795
2017-07-09,60.08515509193607,2,2,22,0,0,0,1,0,1,0,0,0,0,0,0,0,0,0,0,0,58.91914010458558,66.50243644065664,63.47327938039879,58.883462688287935,51.278931067845626,41.247318844558286,62.31929950298696,56.20434012775135,62.96495197521367,62.266979248221546,56.6393807149099,2.492200126224527,-7.583296336071058,7.640209036739954,6.0,7.0,-0.7818314824680299,0.6234898018587334,-0.12659439270731607,-0.9919545653582456
2017-07-10,59.10250169761857,2,2,21,0,0,0,0,0,1,0,0,0,0,0,0,0,0,0,0,0,60.08515509193607,58.91914010458558,66.50243644065664,61.93620856571496,58.883462688287935,46.25841789060608,60.35153220317444,41.60655351871213,61.835577212392764,62.438649591599855,57.984940446865444,2.2860854775330117,1.1660149873504935,1.2016924036481385,0.0,7.0,0.0,1.0,-0.14363919289279092,-0.9896301239680952
2017-07-11,55.00746176807868,2,1,20,0,0,0,0,0,1,0,0,0,0,0,0,0,0,0,0,0,59.10250169761857,60.08515509193607,58.91914010458558,63.12591934861423,61.93620856571496,52.47821644950604,57.81506581863858,59.43317304305838,59.36893229804674,62.033834324728936,58.90237500450919,2.5722034927856883,-0.9826533943175022,-2.8337068680963924,1.0,7.0,0.7818314824680298,0.6234898018587336,-0.16064148618455396,-0.987012823075981
2017-07-12,66.42621407489612,2,1,21,0,0,0,0,0,1,0,0,0,0,0,0,0,0,0,0,0,55.00746176807868,59.10250169761857,60.08515509193607,63.028408209292685,63.12591934861423,50.60560675621713,60.822720148576224,64.08487694738298,58.065039519211105,60.87405467036672,59.08303538440724,3.48620250491311,-4.095039929539894,-8.118457580535555,2.0,7.0,0.9749279121818236,-0.22252093395631434,-0.17759624112385647,-0.9841034372151523
2017-07-13,67.28996057795145,2,1,21,0,0,0,0,0,1,0,0,0,0,0,0,0,0,0,0,0,66.42621407489612,55.00746176807868,59.10250169761857,63.47327938039879,63.028408209292685,51.78574294035525,57.0704936527944,57.52969997744732,60.17872584686446,61.35945550831006,60.213078764312876,3.957112807611236,11.418752306817446,3.397805865603438,3.0,7.0,0.43388373911755823,-0.900968867902419,-0.19449844031989072,-0.9809028273550494
2017-07-14,60.98693254408696,2,1,17,0,0,0,0,0,1,0,0,0,0,0,0,0,0,0,0,0,67.28996057795145,66.42621407489612,55.00746176807868,66.50243644065664,63.47327938039879,63.42824132209919,65.10577524755521,52.90645242345718,62.90787880697542,61.904695679389015,61.320522881284035,4.443821127859109,0.8637465030553244,3.8166811975526542,4.0,7.0,-0.433883739117558,-0.9009688679024191,-0.21134308193457638,-0.9774119406465193
2017-07-15,57.95793595139849,2,1,16,0,0,0,1,0,1,0,0,0,0,0,0,0,0,0,0,0,60.98693254408696,67.28996057795145,66.42621407489612,58.91914010458558,66.50243644065664,51.278931067845626,52.482923515101895,64.52022700891774,64.90103573231151,61.116766551307634,61.14614368285459,4.02829397429505,-6.303028033864486,-5.515503896569676,5.0,7.0,-0.9749279121818236,-0.2225209339563146,-0.22812518116274869,-0.9736318101415252
2017-07-16,69.76930030505926,2,4,16,1,0,0,1,0,1,0,0,0,0,0,0,0,0,0,0,0,57.95793595139849,60.98693254408696,67.28996057795145,60.08515509193607,58.91914010458558,58.883462688287935,41.247318844558286,62.31929950298696,62.07827635781231,60.97945167228091,61.62321546025123,4.1162869456234095,-3.028996592688472,-0.9612041531870901,6.0,7.0,-0.7818314824680299,0.6234898018587334,-0.24483977170729954,-0.9695635544874391
2017-08-07,66.98319898481957,2,1,28,0,0,0,0,0,1,0,0,0,0,0,0,0,0,0,0,0,69.76930030505926,57.95793595139849,60.98693254408696,59.10250169761857,60.08515509193607,61.93620856571496,46.25841789060608,60.35153220317444,62.904722933514904,62.36290098844136,62.400775290020604,5.094406962147155,11.811364353660771,9.684145213123188,0.0,8.0,0.0,1.0,-0.5857584403363858,-0.8104856874582578
2017-08-08,59.96630168986369,2,1,22,0,0,0,0,0,1,0,0,0,0,0,0,0,0,0,0,0,66.98319898481957,69.76930030505926,57.95793595139849,55.00746176807868,59.10250169761857,63.12591934861423,52.47821644950604,57.81506581863858,64.9034784137591,63.48871488661293,62.76127460567094,5.1202068537781775,-2.7861013202396947,7.880697287200995,1.0,8.0,0.7818314824680298,0.6234898018587336,-0.5996136860355509,-0.800289589785385
2017-08-09,62.50036105241181,2,1,24,0,0,0,0,0,1,0,0,0,0,0,0,0,0,0,0,0,59.96630168986369,66.98319898481957,69.76930030505926,66.42621407489612,55.00746176807868,63.028408209292685,50.60560675621713,60.822720148576224,65.57293365991417,64.19712058972507,62.535587630045896,4.14864000719191,-7.016897294955875,4.958839921785014,2.0,8.0,0.9749279121818236,-0.22252093395631434,-0.6132914891112445,-0.7898566638218052
2017-08-10,58.64329537296565,2,1,28,0,0,0,0,0,1,0,0,0,0,0,0,0,0,0,0,0,62.50036105241181,59.96630168986369,66.98319898481957,67.28996057795145,66.42621407489612,63.47327938039879,51.78574294035525,57.0704936527944,63.149953909031694,63.63628444365589,62.49786997598297,4.074079602412938,2.5340593625481205,-3.9258530224843113,3.0,8.0,0.43388373911755823,-0.900968867902419,-0.6267878019152604,-0.7791899969649484
2017-08-11,66.96891732046255,1,1,31,0,0,0,0,0,0,0,0,0,0,0,0,0,0,0,0,0,58.64329537296565,62.50036105241181,59.96630168986369,60.98693254408696,67.28996057795145,66.50243644065664,63.42824132209919,65.10577524755521,60.36998603841372,62.40104655722935,62.15287111830918,4.0898266529951455,-3.8570656794461584,-8.646665204985794,4.0,8.0,-0.433883739117558,-0.9009688679024191,-0.6400986305074876,-0.768292745782777
2017-08-12,63.661508506597045,1,1,28,0,0,0,1,0,0,0,0,0,0,0,0,0,0,0,0,0,66.96891732046255,58.64329537296565,62.50036105241181,57.95793595139849,60.98693254408696,58.91914010458558,51.278931067845626,52.482923515101895,62.70419124861334,63.25561581099729,62.186191181152466,4.323366396056982,8.325621947496899,5.98198477637559,5.0,8.0,-0.9749279121818236,-0.2225209339563146,-0.6532200358378337,-0.757168135079666
2017-08-13,57.5154718022801,1,1,24,0,0,0,1,0,0,0,0,0,0,0,0,0,0,0,0,0,63.661508506597045,66.96891732046255,58.64329537296565,69.76930030505926,57.95793595139849,60.08515509193607,58.883462688287935,41.247318844558286,63.09124040000842,64.07041189031136,62.52493178129613,3.7472383619972494,-3.307408813865507,5.703572555198555,6.0,8.0,-0.7818314824680299,0.6234898018587334,-0.6661481349118972,-0.7458194569420945
2017-08-14,51.07198065764344,1,3,24,1,0,0,0,0,0,0,0,0,0,0,0,0,0,0,0,0,57.5154718022801,63.661508506597045,66.96891732046255,66.98319898481957,69.76930030505926,59.10250169761857,61.93620856571496,46.25841789060608,62.71529920977989,62.31986496134292,62.34138297489214,3.532129586921655,-6.146036704316941,-12.253828502779157,0.0,8.0,0.0,1.0,-0.6788791019400585,-0.7342500697644226
2017-08-15,64.0089220275714,2,1,20,0,0,0,0,0,1,0,0,0,0,0,0,0,0,0,0,0,51.07198065764344,57.5154718022801,63.661508506597045,59.96630168986369,66.98319898481957,55.00746176807868,63.12591934861423,52.47821644950604,57.41632032217353,60.04683377174633,61.76777432917963,4.719762365452496,-6.443491144636667,-15.91121832717613,1.0,8.0,0.7818314824680298,0.6234898018587336,-0.6914091694696364,-0.7224633972550496
2017-08-16,60.703813257314046,1,1,23,0,0,0,0,0,0,0,0,0,0,0,0,0,0,0,0,0,64.0089220275714,51.07198065764344,57.5154718022801,62.50036105241181,59.96630168986369,66.42621407489612,63.028408209292685,50.60560675621713,57.53212482916498,60.62435096284742,62.41073577628625,4.917753155558019,12.936941369927965,4.04262033770771,2.0,8.0,0.9749279121818236,-0.22252093395631434,-0.703734629499786,-0.7104629274232391
2017-08-17,62.56214128624594,1,1,26,0,0,0,0,0,0,0,0,0,0,0,0,0,0,0,0,0,60.703813257314046,64.0089220275714,51.07198065764344,58.64329537296565,62.50036105241181,67.28996057795145,63.47327938039879,51.78574294035525,58.594905314176295,60.36770127783346,62.00199286074468,4.859686786899748,-3.3051087702573554,-1.7965477950977657,3.0,8.0,0.43388373911755823,-0.900968867902419,-0.715851834578799,-0.6982522115469223
2017-08-18,56.30420479987084,1,1,34,0,0,0,0,0,0,0,0,0,0,0,0,0,0,0,0,0,62.56214128624594,60.703813257314046,64.0089220275714,66.96891732046255,58.64329537296565,60.98693254408696,66.50243644065664,63.42824132209919,62.4249588570438,60.92753640830207,61.66429148276571,4.854511499331716,1.8583280289318935,3.918845913280286,4.0,8.0,-0.433883739117558,-0.9009688679024191,-0.7277571988834893,-0.6858348631217702
2017-08-19,57.81752632981612,1,1,29,0,0,0,1,0,0,0,0,0,0,0,0,0,0,0,0,0,56.30420479987084,62.56214128624594,60.703813257314046,63.661508506597045,66.96891732046255,57.95793595139849,58.91914010458558,51.278931067845626,59.8567197811436,59.40400604821754,61.329810929607426,4.368603435048346,-6.257936486375101,-10.664712520591713,5.0,8.0,-0.9749279121818236,-0.2225209339563146,-0.7394471992803373,-0.6732145567918634
2017-08-20,51.85945130574846,1,1,37,0,0,0,1,0,0,0,0,0,0,0,0,0,0,0,0,0,57.81752632981612,56.30420479987084,62.56214128624594,57.5154718022801,63.661508506597045,69.76930030505926,60.08515509193607,58.883462688287935,58.8946241386443,58.56915145153455,61.319781670922964,4.019676375381224,1.51332152994528,-5.843982176780926,6.0,8.0,-0.7818314824680299,0.6234898018587334,-0.7509183763680874,-0.6603950272622556
2017-08-21,58.31246355995645,2,1,63,0,0,0,0,0,1,0,0,0,0,0,0,0,0,0,0,0,51.85945130574846,57.81752632981612,56.30420479987084,51.07198065764344,57.5154718022801,66.98319898481957,59.10250169761857,61.93620856571496,55.327060811811805,57.7611485234586,60.04050674240076,4.666665087316315,-5.958075024067661,-5.656020496531646,0.0,8.0,0.0,1.0,-0.76216733550148,-0.6473800681937733
2017-08-22,56.380320187251776,2,1,67,0,0,0,0,0,1,0,0,0,0,0,0,0,0,0,0,0,58.31246355995645,51.85945130574846,57.81752632981612,64.0089220275714,51.07198065764344,59.96630168986369,55.00746176807868,63.12591934861423,55.99648039850701,58.795503223789034,59.421168497767674,3.7893477627608436,6.453012254207991,7.240482902313012,1.0,8.0,0.7818314824680298,0.6234898018587336,-0.7731907477958236,-0.6341735310803621
2017-08-23,68.57744994764407,2,6,36,1,0,0,0,0,1,0,0,0,0,0,0,0,0,0,0,0,56.380320187251776,58.31246355995645,51.85945130574846,60.703813257314046,64.0089220275714,62.50036105241181,66.42621407489612,63.028408209292685,55.517411684318894,57.705702960886235,59.16502696186683,3.1815049550974717,-1.9321433727046724,-7.628601840319625,2.0,8.0,0.9749279121818236,-0.22252093395631434,-0.7839853511121072,-0.6207793241093215
2017-08-24,65.5030943599944,2,4,25,1,0,0,0,0,1,0,0,0,0,0,0,0,0,0,0,0,68.57744994764407,56.380320187251776,58.31246355995645,62.56214128624594,60.703813257314046,58.64329537296565,67.28996057795145,63.47327938039879,61.0900778982841,58.830508202361955,59.59910474009771,4.945470161542376,12.197129760392293,7.873636690330024,3.0,8.0,0.43388373911755823,-0.900968867902419,-0.7945479510223574,-0.6072014110047618
2017-08-25,63.37100768629157,2,1,28,0,0,0,0,0,1,0,0,0,0,0,0,0,0,0,0,0,65.5030943599944,68.57744994764407,56.380320187251776,56.30420479987084,62.56214128624594,66.96891732046255,60.98693254408696,66.50243644065664,63.48695483163008,59.250644355754595,60.08909038202834,5.352788934985466,-3.074355587649663,2.9409530737484673,4.0,8.0,-0.433883739117558,-0.9009688679024191,-0.8048754217549614,-0.5934438098546255
2017-08-26,70.59266232622107,2,1,29,0,0,0,1,0,1,0,0,0,0,0,0,0,0,0,0,0,63.37100768629157,65.5030943599944,68.57744994764407,57.81752632981612,56.30420479987084,63.661508506597045,57.95793595139849,58.91914010458558,65.81718399797668,60.26018762524326,59.8320968367304,5.368267748084753,-2.1320866737028368,7.0668028864207315,5.0,8.0,-0.9749279121818236,-0.2225209339563146,-0.8149647071196691,-0.5795105919216249
2017-08-27,77.72391991593548,2,6,20,1,0,0,1,0,1,0,0,0,0,0,0,0,0,0,0,0,70.59266232622107,63.37100768629157,65.5030943599944,51.85945130574846,57.81752632981612,57.5154718022801,69.76930030505926,60.08515509193607,66.48892145750234,62.08520705330112,60.32717925241783,6.31558908188458,7.221654639929504,12.775135996404956,6.0,8.0,-0.7818314824680299,0.6234898018587334,-0.8248128214120084,-0.5654058804384355
2017-08-28,76.12239439795798,2,1,17,0,0,0,0,0,1,0,0,0,0,0,0,0,0,0,0,0,77.72391991593548,70.59266232622107,63.37100768629157,58.31246355995645,51.85945130574846,51.07198065764344,66.98319898481957,59.10250169761857,70.56252997614938,65.78013114047069,61.77063983196465,6.799607861384762,7.131257589714409,25.864468610187025,0.0,8.0,0.0,1.0,-0.8344168502968383,-0.5511338493875183
2017-08-29,63.94687434778832,1,1,39,0,0,0,0,0,0,0,0,0,0,0,0,0,0,0,0,0,76.12239439795798,77.72391991593548,70.59266232622107,56.380320187251776,58.31246355995645,64.0089220275714,59.96630168986369,55.00746176807868,74.81299221337152,68.3244069744709,63.55995509912998,6.861129051589993,-1.6015255179775068,17.809930838001527,1.0,8.0,0.7818314824680298,0.6234898018587336,-0.8437739516707836,-0.536698722265919
2017-08-30,67.88722299138881,2,1,80,0,0,0,0,0,1,0,0,0,0,0,0,0,0,0,0,0,63.94687434778832,76.12239439795798,77.72391991593548,68.57744994764407,56.380320187251776,60.703813257314046,62.50036105241181,66.42621407489612,72.59772955389393,69.40534328311898,63.55552312200261,5.316393281050306,-12.17552005016966,7.5665541605365405,2.0,8.0,0.9749279121818236,-0.22252093395631434,-0.8528813565032917,-0.5221047708354187
2017-08-31,70.54259626718684,2,1,55,0,0,0,0,0,1,0,0,0,0,0,0,0,0,0,0,0,67.88722299138881,63.94687434778832,76.12239439795798,65.5030943599944,68.57744994764407,62.56214128624594,58.64329537296565,67.28996057795145,69.31883057904504,69.30673943222538,64.06862381729367,5.337194092149646,3.940348643600494,-0.690226956255259,3.0,8.0,0.43388373911755823,-0.900968867902419,-0.8617363696560699,-0.507356313858394
2017-09-01,61.24630254612131,2,1,56,0,0,0,0,0,1,0,0,0,0,0,0,0,0,0,0,0,70.54259626718684,67.88722299138881,63.94687434778832,63.37100768629157,65.5030943599944,56.30420479987084,66.96891732046255,60.98693254408696,67.45889786878799,70.02666827611002,64.6386563159323,5.110647553884155,2.655373275798027,5.039501907192431,4.0,9.0,-0.433883739117558,-0.9009688679024191,-0.8703363706806498,-0.4924577158197792
2017-09-02,67.60651072660363,2,1,58,0,0,0,1,0,1,0,0,0,0,0,0,0,0,0,0,0,61.24630254612131,70.54259626718684,67.88722299138881,70.59266232622107,63.37100768629157,57.81752632981612,63.661508506597045,57.95793595139849,66.55870726823233,69.72313897037141,64.99166329780734,5.5418295474323145,-9.296293721065524,-2.1247051401702564,5.0,9.0,-0.9749279121818236,-0.2225209339563146,-0.878678814593855,-0.4774133856354865
2017-09-03,75.36354056927964,2,5,57,1,0,0,1,0,1,0,0,0,0,0,0,0,0,0,0,0,67.60651072660363,61.24630254612131,70.54259626718684,77.72391991593548,70.59266232622107,51.85945130574846,57.5154718022801,69.76930030505926,66.46513651330393,69.29654588471178,65.69087646900644,5.573320320449866,6.360208180482317,-2.9861515996174433,6.0,9.0,-0.7818314824680299,0.6234898018587334,-0.8867612326309313,-0.46222777534768655
2017-09-04,72.12497258611923,2,1,28,0,0,0,0,0,1,0,0,0,0,0,0,0,0,0,0,0,75.36354056927964,67.60651072660363,61.24630254612131,76.12239439795798,77.72391991593548,58.31246355995645,51.07198065764344,66.98319898481957,68.07211794733486,68.9593488351895,67.3697399878301,5.104972005650972,7.757029842676005,-2.360379346655847,0.0,9.0,0.0,1.0,-0.8945812329761252,-0.44690537880732156
2017-09-05,65.2864623726515,2,1,27,0,0,0,0,0,1,0,0,0,0,0,0,0,0,0,0,0,72.12497258611923,75.36354056927964,67.60651072660363,63.94687434778832,76.12239439795798,56.380320187251776,64.0089220275714,59.96630168986369,71.69834129400083,68.3882885763554,68.35634777541316,4.453800263546625,-3.238567983160408,-3.9974218118387483,1.0,9.0,0.7818314824680298,0.6234898018587336,-0.9021365014704882,-0.4314507303442513
2017-09-06,66.49997592947912,2,1,37,0,0,0,0,0,1,0,0,0,0,0,0,0,0,0,0,0,65.2864623726515,72.12497258611923,75.36354056927964,67.88722299138881,63.94687434778832,68.57744994764407,60.703813257314046,62.50036105241181,70.92499184268345,68.579658294193,68.99250078865599,4.284409717284039,-6.838510213467728,1.3395880248631826,2.0,9.0,0.9749279121818236,-0.22252093395631434,-0.9094248022967037,-0.4158684034254122
2017-09-07,56.02573908950402,2,1,31,0,0,0,0,0,1,0,0,0,0,0,0,0,0,0,0,0,66.49997592947912,65.2864623726515,72.12497258611923,70.54259626718684,67.88722299138881,65.5030943599944,62.56214128624594,58.64329537296565,67.97047029608328,68.3814801424916,68.84410978735849,4.343531420560187,1.2135135568276212,-1.3872470619096902,3.0,9.0,0.43388373911755823,-0.900968867902419,-0.9164439786407274,-0.4001630093014021
2017-09-08,63.63749177590952,2,1,27,0,0,0,0,0,1,0,0,0,0,0,0,0,0,0,0,0,56.02573908950402,66.49997592947912,65.2864623726515,61.24630254612131,70.54259626718684,63.37100768629157,56.30420479987084,66.96891732046255,62.604059130544876,66.30764340282263,68.16715583946633,5.975571445646898,-10.474236839975099,-14.516857177682816,4.0,9.0,-0.433883739117558,-0.9009688679024191,-0.9231919533300499,-0.38433919564187974
2017-09-09,38.15397452847858,2,1,25,0,0,0,1,0,1,0,0,0,0,0,0,0,0,0,0,0,63.63749177590952,56.02573908950402,66.49997592947912,67.60651072660363,61.24630254612131,70.59266232622107,57.81752632981612,63.661508506597045,62.05440226496422,66.64924186422095,68.18619041729617,5.740182806887385,7.611752686405495,2.3911892297882034,5.0,9.0,-0.9749279121818236,-0.2225209339563146,-0.9296667294483892,-0.3684016451601911
2017-09-10,61.619711906252576,2,1,25,0,0,0,1,0,1,0,0,0,0,0,0,0,0,0,0,0,38.15397452847858,63.63749177590952,56.02573908950402,75.36354056927964,67.60651072660363,77.72391991593548,51.85945130574846,57.5154718022801,52.60573513129737,62.44173669306023,65.869141288886,11.450452823850162,-25.48351724743094,-29.452536198125053,6.0,9.0,-0.7818314824680299,0.6234898018587334,-0.9358663909266379,-0.35235507422761664
2017-09-11,46.12025482344205,1,1,35,0,0,0,0,0,0,0,0,0,0,0,0,0,0,0,0,0,61.619711906252576,38.15397452847858,63.63749177590952,72.12497258611923,75.36354056927964,76.12239439795798,58.31246355995645,51.07198065764344,54.47039273688023,60.47833259834208,64.7188407167658,10.17355190789952,23.465737377773998,-13.74382866302706,0.0,9.0,0.0,1.0,-0.9417891031098783,-0.3362042314776705
2017-09-12,50.48407888620804,2,1,50,0,0,0,0,0,1,0,0,0,0,0,0,0,0,0,0,0,46.12025482344205,61.619711906252576,38.15397452847858,65.2864623726515,72.12497258611923,63.94687434778832,56.380320187251776,64.0089220275714,48.6313137527244,56.76337291795962,62.575830747157504,9.98864931063682,-15.499457082810522,-26.004717762677174,1.0,9.0,0.7818314824680298,0.6234898018587336,-0.9474331133003114,-0.3199538964008396
2017-09-13,52.475648959948906,1,1,42,0,0,0,0,0,0,0,0,0,0,0,0,0,0,0,0,0,50.48407888620804,46.12025482344205,61.619711906252576,66.49997592947912,65.2864623726515,67.88722299138881,68.57744994764407,60.703813257314046,52.74134853863422,54.648746705610556,61.61420249990177,9.516127490551668,4.3638240627659854,-14.80238348644346,2.0,9.0,0.9749279121818236,-0.22252093395631434,-0.9527967512759288,-0.3036088779302013
2017-09-14,48.55674955747882,2,1,46,0,0,0,0,0,1,0,0,0,0,0,0,0,0,0,0,0,52.475648959948906,50.48407888620804,46.12025482344205,56.02573908950402,66.49997592947912,70.54259626718684,65.5030943599944,62.56214128624594,49.693327556533,52.645271424249096,60.51337578337035,8.194685596595694,1.991570073740867,-14.024326969530215,3.0,9.0,0.43388373911755823,-0.900968867902419,-0.9578784297847783,-0.287174013018322
2017-09-15,48.65666771878811,1,1,53,0,0,0,0,0,0,0,0,0,0,0,0,0,0,0,0,0,48.55674955747882,52.475648959948906,50.48407888620804,63.63749177590952,56.02573908950402,61.24630254612131,63.37100768629157,56.30420479987084,50.50549246787858,51.57827291967407,58.94295816124835,8.171283803201456,-3.918899402470089,-7.468989532025205,4.0,9.0,-0.433883739117558,-0.9009688679024191,-0.9626766450146765,-0.2706541652058703
2017-09-16,48.62575085727615,1,1,73,0,0,0,1,0,0,0,0,0,0,0,0,0,0,0,0,0,48.65666771878811,48.55674955747882,52.475648959948906,38.15397452847858,63.63749177590952,67.60651072660363,70.59266232622107,57.81752632981612,49.896355412071934,49.43815519722816,58.04369853072455,6.529487437912565,0.0999181613092901,-14.98082405712141,5.0,9.0,-0.9749279121818236,-0.2225209339563146,-0.9671899770382298,-0.25405422318235227
2017-09-17,59.17845661743013,1,1,86,0,0,0,1,0,0,0,0,0,0,0,0,0,0,0,0,0,48.62575085727615,48.65666771878811,48.55674955747882,61.619711906252576,38.15397452847858,75.36354056927964,77.72391991593548,51.85945130574846,48.61305604451436,50.934123244199235,56.68792996862974,4.722306761934536,-0.030916861511954608,10.471776328797574,6.0,9.0,-0.7818314824680299,0.6234898018587334,-0.971417090233031,-0.23737909933941392
2017-09-18,67.12328767126318,1,1,69,0,0,0,0,0,0,0,0,0,0,0,0,0,0,0,0,0,59.17845661743013,48.62575085727615,48.65666771878811,46.12025482344205,61.619711906252576,72.12497258611923,76.12239439795798,58.31246355995645,52.15362506449813,50.58537248865317,55.53185254349763,3.946736557218535,10.552705760153977,-2.441255288822447,0.0,9.0,0.0,1.0,-0.9753567336769071,-0.2206337283171249
2017-09-19,54.90502960640207,2,1,47,0,0,0,0,0,1,0,0,0,0,0,0,0,0,0,0,0,67.12328767126318,59.17845661743013,48.62575085727615,50.48407888620804,46.12025482344205,65.2864623726515,63.94687434778832,56.380320187251776,58.309165048656496,53.58580575262762,55.17458933529362,6.541999154765518,7.944831053833056,21.00303284782113,1.0,9.0,0.7818314824680298,0.6234898018587336,-0.9790077415181033,-0.2038230655436782
2017-09-20,61.73867228670454,2,1,46,0,0,0,0,0,1,0,0,0,0,0,0,0,0,0,0,0,54.90502960640207,67.12328767126318,59.17845661743013,52.475648959948906,50.48407888620804,66.49997592947912,67.88722299138881,68.57744994764407,60.402257965031794,54.217370141226766,54.433058423418665,6.424415455016028,-12.218258064861118,4.420950720194028,2.0,9.0,0.9749279121818236,-0.22252093395631434,-0.9823690333202907,-0.1869520857689416
2017-09-21,62.642856760843166,2,1,41,0,0,0,0,0,1,0,0,0,0,0,0,0,0,0,0,0,61.73867228670454,54.90502960640207,67.12328767126318,48.55674955747882,52.475648959948906,56.02573908950402,70.54259626718684,65.5030943599944,61.255663188123265,55.54065918790615,54.09296530607762,6.86804748250255,6.833642680302475,9.263023326755636,3.0,9.0,0.43388373911755823,-0.900968867902419,-0.9854396143822979,-0.17002578159228698
2017-09-22,56.25654576282434,2,1,33,0,0,0,0,0,1,0,0,0,0,0,0,0,0,0,0,0,62.642856760843166,61.73867228670454,54.90502960640207,48.65666771878811,48.55674955747882,63.63749177590952,61.24630254612131,63.37100768629157,59.76218621798326,57.55296021695819,54.56561656831612,6.5847362694964815,0.9041844741386242,14.08610720336435,4.0,9.0,-0.433883739117558,-0.9009688679024191,-0.9882185760324722,-0.1530491619851375
2017-09-23,73.19090894459104,2,1,30,0,0,0,1,0,1,0,0,0,0,0,0,0,0,0,0,0,56.25654576282434,62.642856760843166,61.73867228670454,48.62575085727615,48.65666771878811,38.15397452847858,67.60651072660363,70.59266232622107,60.21269160345736,58.638657080391944,54.038406138810046,5.577976702312124,-6.386310998018828,7.599878044036231,5.0,9.0,-0.9749279121818236,-0.2225209339563146,-0.9907050958975805,-0.13602725080867392
2017-09-24,63.94211379300264,2,4,28,1,0,0,1,0,1,0,0,0,0,0,0,0,0,0,0,0,73.19090894459104,56.25654576282434,62.642856760843166,59.17845661743013,48.62575085727615,61.619711906252576,75.36354056927964,77.72391991593548,64.03010382275285,62.147965378579784,56.54104431138951,5.893092794654038,16.934363181766706,24.56515808731489,6.0,9.0,-0.7818314824680299,0.6234898018587334,-0.9928984381461724,-0.11896508532713071
2017-09-25,64.36799623415587,1,1,18,0,0,0,0,0,0,0,0,0,0,0,0,0,0,0,0,0,63.94211379300264,73.19090894459104,56.25654576282434,67.12328767126318,59.17845661743013,46.12025482344205,72.12497258611923,76.12239439795798,64.46318950013935,62.828487832232994,56.706930160443086,5.784943627157999,-9.248795151588403,4.7636571755725114,0.0,9.0,0.0,1.0,-0.994797953706334,-0.10186771471713056
2017-09-26,63.93494621622924,1,1,23,0,0,0,0,0,0,0,0,0,0,0,0,0,0,0,0,0,64.36799623415587,63.94211379300264,73.19090894459104,54.90502960640207,67.12328767126318,50.48407888620804,65.2864623726515,63.94687434778832,67.16700632391652,62.4348747697891,58.01034026120836,5.569037761813637,0.4258824411532274,-2.755291437107317,1.0,9.0,0.7818314824680298,0.6234898018587336,-0.9964030804577665,-0.08474019857348533
2017-09-27,65.45318876852956,1,1,67,0,0,0,0,0,0,0,0,0,0,0,0,0,0,0,0,0,63.93494621622924,64.36799623415587,63.94211379300264,61.73867228670454,54.90502960640207,52.475648959948906,66.49997592947912,67.88722299138881,64.0816854144626,63.72486285690727,58.971116499067016,4.64454261092734,-0.43305001792662523,9.029916609827175,2.0,9.0,0.9749279121818236,-0.22252093395631434,-0.9977133433981337,-0.06758760541192248
2017-09-28,66.58336587201305,1,1,45,0,0,0,0,0,0,0,0,0,0,0,0,0,0,0,0,0,65.45318876852956,63.93494621622924,64.36799623415587,62.642856760843166,61.73867228670454,48.55674955747882,56.02573908950402,70.54259626718684,64.58537707297157,64.25550806859655,59.89808362825135,4.5992778865482125,1.5182425523003147,3.714516481825015,3.0,9.0,0.43388373911755823,-0.900968867902419,-0.9987283547836282,-0.050415011169167266
2017-09-29,59.30945210782076,2,1,21,0,0,0,0,0,1,0,0,0,0,0,0,0,0,0,0,0,66.58336587201305,65.45318876852956,63.93494621622924,56.25654576282434,62.642856760843166,48.65666771878811,63.63749177590952,61.24630254612131,65.32383361892396,64.81843794162083,61.185699079289506,4.608587434077611,1.13017710348349,3.940509111169881,4.0,9.0,-0.433883739117558,-0.9009688679024191,-0.999447814243716,-0.03322749770082888
2017-09-30,57.42962134856866,2,1,36,0,1,0,0,1,1,0,0,0,0,0,0,0,0,0,0,0,59.30945210782076,66.58336587201305,65.45318876852956,73.19090894459104,56.25654576282434,48.62575085727615,38.15397452847858,67.60651072660363,63.78200224945447,65.25456741947745,61.946612249934695,3.8616245979463724,-7.273913764192287,3.0529063449964227,5.0,9.0,-0.9749279121818236,-0.2225209339563146,-0.9998715088700244,-0.01603015127753844
2017-10-01,48.65196065319224,2,1,29,0,1,0,0,1,1,0,0,0,0,0,0,0,0,0,0,0,57.42962134856866,59.30945210782076,66.58336587201305,63.94211379300264,73.19090894459104,59.17845661743013,61.619711906252576,75.36354056927964,61.10747977613416,63.00295490575997,62.57546014216988,3.0970253833116104,-1.8798307592521013,-15.761287596022385,6.0,10.0,-0.7818314824680299,0.6234898018587334,-0.9999993132793479,0.001171938920223869
2017-10-02,49.34908773874909,2,1,25,0,0,1,0,1,1,0,0,0,0,0,0,0,0,0,0,0,48.65196065319224,57.42962134856866,59.30945210782076,64.36799623415587,63.94211379300264,67.12328767126318,46.12025482344205,72.12497258611923,55.13034470319389,60.818647314358486,61.82356757329574,5.8408852389110155,-8.777660695376419,-15.2901531398104,0.0,10.0,0.0,1.0,-0.9998311896507523,0.018373682308162793
2017-10-03,51.6595080047503,1,1,25,0,0,1,0,1,0,0,0,0,0,0,0,0,0,0,0,0,49.34908773874909,48.65196065319224,57.42962134856866,63.93494621622924,64.36799623415587,54.90502960640207,50.48407888620804,65.2864623726515,51.81022324683667,58.673088957871805,60.55398186383045,6.81951566247567,0.6971270855568505,-15.018908495406777,1.0,10.0,0.7818314824680298,0.6234898018587336,-0.9993671877367676,0.03556998840461302
2017-10-04,52.24960284141426,1,1,34,0,0,1,0,1,0,0,0,0,0,0,0,0,0,0,0,0,51.6595080047503,49.34908773874909,48.65196065319224,65.45318876852956,63.93494621622924,61.73867228670454,52.475648959948906,66.49997592947912,49.88685213223056,56.91945492766052,60.322158892283895,6.819270037291494,2.310420266001209,-12.275438211478942,2.0,10.0,0.9749279121818236,-0.22252093395631434,-0.9986074448486638,0.05275576833695822
2017-10-05,49.689387172139845,2,1,37,0,0,1,0,1,1,0,0,0,0,0,0,0,0,0,0,0,52.24960284141426,51.6595080047503,49.34908773874909,66.58336587201305,65.45318876852956,62.642856760843166,48.55674955747882,56.02573908950402,51.08606619497122,55.033228366644046,59.644368217620304,5.971301098405691,0.5900948366639582,-13.203585927115299,3.0,10.0,0.43388373911755823,-0.900968867902419,-0.9975521858158177,0.06992593634756863
2017-10-06,50.5078816601364,1,1,44,0,0,1,0,1,0,0,0,0,0,0,0,0,0,0,0,0,49.689387172139845,52.24960284141426,51.6595080047503,59.30945210782076,66.58336587201305,56.25654576282434,48.65666771878811,63.63749177590952,51.199499339434816,52.619802838090735,58.71912038985578,3.854008312334146,-2.560215669274413,-16.893978699873202,4.0,10.0,-0.433883739117558,-0.9009688679024191,-0.9962017229191789,0.08707541129882572
2017-10-07,51.05277797093139,1,1,46,0,0,1,0,1,0,0,0,0,0,0,0,0,0,0,0,0,50.5078816601364,49.689387172139845,52.24960284141426,57.42962134856866,59.30945210782076,73.19090894459104,48.62575085727615,38.15397452847858,50.81562389123018,51.362435631278686,58.30850152537807,2.7416277271856617,0.8184944879965528,-8.801570447684362,5.0,10.0,-0.9749279121818236,-0.2225209339563146,-0.9945564557988568,0.10419911817677069
2017-10-08,56.87761095019006,1,1,49,0,1,0,0,1,0,0,0,0,0,0,0,0,0,0,0,0,51.05277797093139,50.5078816601364,49.689387172139845,48.65196065319224,57.42962134856866,63.94211379300264,59.17845661743013,61.619711906252576,50.41668226773589,50.451458005901934,56.727206455830945,1.2006927680228723,0.5448963107949893,-6.376843377637272,6.0,10.0,-0.7818314824680299,0.6234898018587334,-0.9926168713358567,0.12129198959294538
2017-10-09,47.48134557862546,1,1,42,0,0,0,0,0,0,0,0,0,0,0,0,0,0,0,0,0,56.87761095019006,51.05277797093139,50.5078816601364,49.34908773874909,48.65196065319224,64.36799623415587,67.12328767126318,46.12025482344205,52.81275686041929,51.626550905473046,56.22259910991577,2.344689731069947,5.824832979258673,8.22565029699782,0.0,10.0,0.0,1.0,-0.9903835435079973,0.13834896728397644
2017-10-10,62.49549351924656,1,4,41,1,0,0,0,0,0,0,0,0,0,0,0,0,0,0,0,0,47.48134557862546,56.87761095019006,51.05277797093139,51.6595080047503,49.34908773874909,63.93494621622924,54.90502960640207,50.48407888620804,51.80391149991564,51.359730596883956,55.01640977737788,2.672091923443028,-9.396265371564603,-1.8677421601236333,1.0,10.0,0.7818314824680298,0.6234898018587336,-0.9878571332200545,0.1553650036084558
2017-10-11,58.94058934571599,1,1,38,0,0,0,0,0,0,0,0,0,0,0,0,0,0,0,0,0,62.49549351924656,47.48134557862546,56.87761095019006,52.24960284141426,51.6595080047503,65.45318876852956,61.73867228670454,52.475648959948906,55.61815001602071,52.90772852752628,54.913591727593406,4.737717849453241,15.0141479406211,10.835985514496258,2.0,10.0,0.9749279121818236,-0.22252093395631434,-0.9850383881081815,0.17233506304068183
2017-10-12,70.25953046960372,1,1,47,0,0,0,0,0,0,0,0,0,0,0,0,0,0,0,0,0,58.94058934571599,62.49549351924656,47.48134557862546,49.689387172139845,52.24960284141426,66.58336587201305,62.642856760843166,48.55674955747882,56.30580948119601,53.863583742426535,54.44840605453529,5.164279217265457,-3.5549041735305664,6.690986504301733,3.0,10.0,0.43388373911755823,-0.900968867902419,-0.9819281423186611,0.18925412366081565
2017-10-13,52.402154551314894,1,1,45,0,0,0,0,0,0,0,0,0,0,0,0,0,0,0,0,0,70.25953046960372,58.94058934571599,62.49549351924656,50.5078816601364,49.689387172139845,59.30945210782076,56.25654576282434,48.65666771878811,63.89853777818877,56.80217564206423,54.71098924007749,7.345011469813913,11.318941123887726,20.570143297463872,4.0,10.0,-0.433883739117558,-0.9009688679024191,-0.9785273162610595,0.20611717864100626
2017-10-14,37.79725385469206,2,5,45,1,0,0,1,0,1,0,0,0,0,0,0,0,0,0,0,0,52.402154551314894,70.25953046960372,58.94058934571599,51.05277797093139,50.5078816601364,57.42962134856866,73.19090894459104,48.62575085727615,60.534091455544875,57.07278605508973,54.21761084318421,7.140165997875548,-17.857375918288824,1.8942728911784954,5.0,10.0,-0.9749279121818236,-0.2225209339563146,-0.9748369163358501,0.22291923772705394
2017-10-15,29.32410819802917,2,6,24,1,0,0,1,0,1,0,0,0,0,0,0,0,0,0,0,0,37.79725385469206,52.402154551314894,70.25953046960372,56.87761095019006,51.05277797093139,48.65196065319224,63.94211379300264,59.17845661743013,53.48631295853691,55.17913975276982,52.81529887933588,9.762012112467483,-14.604900696622835,-13.255524116239329,6.0,10.0,-0.7818314824680299,0.6234898018587334,-0.9708580346365923,0.23965532871516415
2017-10-16,47.95959412242106,2,4,25,1,0,0,0,0,1,0,0,0,0,0,0,0,0,0,0,0,29.32410819802917,37.79725385469206,52.402154551314894,47.48134557862546,56.87761095019006,49.34908773874909,64.36799623415587,67.12328767126318,39.84117220134538,51.242925073889694,51.43473798968137,13.224541653889888,-8.47314565666289,-27.55350275216089,0.0,10.0,0.0,1.0,-0.9665918486267487,0.2563204989233681
2017-10-17,40.92841516310817,1,1,28,0,0,0,0,0,0,0,0,0,0,0,0,0,0,0,0,0,47.95959412242106,29.32410819802917,37.79725385469206,62.49549351924656,47.48134557862546,51.6595080047503,63.93494621622924,54.90502960640207,38.36031872504744,51.31124629443192,51.33548844565794,13.206154523023,18.63548592439189,0.4782485437956012,1.0,10.0,0.7818314824680298,0.6234898018587336,-0.962039620791242,0.2729098166571578
2017-10-18,36.76202040097301,1,1,35,0,0,0,0,0,0,0,0,0,0,0,0,0,0,0,0,0,40.92841516310817,47.95959412242106,29.32410819802917,58.94058934571599,62.49549351924656,52.24960284141426,65.45318876852956,61.73867228670454,39.40403916118614,48.23023510069787,50.56898181411207,12.745223236772361,-7.031178959312889,-21.56707835613839,2.0,10.0,0.9749279121818236,-0.22252093395631434,-0.9572026982628482,0.28941837266891457
2017-10-19,25.42655105830991,1,1,32,0,0,0,0,0,0,0,0,0,0,0,0,0,0,0,0,0,36.76202040097301,40.92841516310817,47.95959412242106,70.25953046960372,58.94058934571599,49.689387172139845,66.58336587201305,62.642856760843166,41.88334322883409,45.061868108591725,49.462725925509126,12.44199927695745,-4.1663947621351625,-22.178568944742985,3.0,10.0,0.43388373911755823,-0.900968867902419,-0.9520825124235439,0.30584128161069496
2017-10-20,24.034596930804348,1,1,33,0,0,0,0,0,0,0,0,0,0,0,0,0,0,0,0,0,25.42655105830991,36.76202040097301,40.92841516310817,52.402154551314894,70.25953046960372,50.5078816601364,59.30945210782076,56.25654576282434,34.372328874130375,38.65715676412118,47.7296662030927,8.840690159050004,-11.335469342663096,-44.832979411293806,4.0,10.0,-0.433883739117558,-0.9009688679024191,-0.9466805784809191,0.32217368347993974
2017-10-21,29.357378592339067,1,1,38,0,0,0,1,0,0,0,0,0,0,0,0,0,0,0,0,0,24.034596930804348,25.42655105830991,36.76202040097301,37.79725385469206,52.402154551314894,51.05277797093139,57.42962134856866,73.19090894459104,28.741056130029097,34.60464853261968,45.8387172938547,8.080303641417391,-1.3919541275055636,-28.367557620510546,5.0,10.0,-0.9749279121818236,-0.2225209339563146,-0.9409984950197837,0.33841074505769186
2017-10-22,36.70965429833064,1,1,33,0,0,0,1,0,0,0,0,0,0,0,0,0,0,0,0,0,29.357378592339067,24.034596930804348,25.42655105830991,29.32410819802917,37.79725385469206,56.87761095019006,48.65196065319224,63.94211379300264,26.272842193817784,33.39895206656925,44.28904590966953,8.14339639452416,5.322781661534719,-8.439875262352992,6.0,10.0,-0.7818314824680299,0.6234898018587334,-0.935037943529103,0.3545476613388757
2017-10-23,48.14509529149282,1,1,53,0,0,0,0,0,0,0,0,0,0,0,0,0,0,0,0,0,36.70965429833064,29.357378592339067,24.034596930804348,47.95959412242106,29.32410819802917,47.48134557862546,49.34908773874909,64.36799623415587,30.03387660715803,34.45403008089803,42.848477577393865,8.024679817988428,7.352275705991573,7.385546100301472,0.0,10.0,0.0,1.0,-0.9288006879043954,0.3705796569542396
2017-10-24,52.16155932247425,1,1,72,0,0,0,0,0,0,0,0,0,0,0,0,0,0,0,0,0,48.14509529149282,36.70965429833064,29.357378592339067,40.92841516310817,47.95959412242106,62.49549351924656,51.6595080047503,63.93494621622924,38.070709394054184,34.48053024790828,42.89588827117011,8.069417521709743,11.435440993162182,0.18550116907176317,1.0,10.0,0.7818314824680298,0.6234898018587336,-0.9222885739257473,0.38650198758351995
2017-10-25,53.49167972695589,1,1,84,0,0,0,0,0,0,0,0,0,0,0,0,0,0,0,0,0,52.16155932247425,48.14509529149282,36.70965429833064,36.76202040097301,40.92841516310817,58.94058934571599,52.24960284141426,65.45318876852956,45.67210297076591,36.08526512781772,42.157750114257794,10.062844279754627,4.016464030981425,11.233144159366077,2.0,10.0,0.9749279121818236,-0.22252093395631434,-0.915503528711595,0.40230994135941717
2017-10-26,48.030895465826525,1,1,72,0,0,0,0,0,0,0,0,0,0,0,0,0,0,0,0,0,53.49167972695589,52.16155932247425,48.14509529149282,25.42655105830991,36.76202040097301,70.25953046960372,49.689387172139845,66.58336587201305,51.26611144697433,38.47521646010099,41.76854228434636,11.779934785732063,1.3301204044816402,16.72965932598288,3.0,10.0,0.43388373911755823,-0.900968867902419,-0.9084475601484346,0.41799884026197515
2017-10-27,52.437564521663546,1,1,70,0,0,0,0,0,0,0,0,0,0,0,0,0,0,0,0,0,48.030895465826525,53.49167972695589,52.16155932247425,24.034596930804348,25.42655105830991,52.402154551314894,50.5078816601364,59.30945210782076,51.228044838418896,41.70440851831764,40.180782641219416,10.81941117980166,-5.460784261129362,22.604344407516614,4.0,10.0,-0.433883739117558,-0.9009688679024191,-0.9011227562966325,0.43356404150293626
2017-10-28,48.12605307235013,1,1,72,0,0,0,1,0,0,0,0,0,0,0,0,0,0,0,0,0,52.437564521663546,48.030895465826525,53.49167972695589,29.357378592339067,24.034596930804348,37.79725385469206,51.05277797093139,57.42962134856866,51.32004657148199,45.761975317011824,40.18331192481575,8.511748736861177,4.406669055837021,28.4029675908592,5.0,10.0,-0.9749279121818236,-0.2225209339563146,-0.8935312847725092,0.4490009388996743
2017-10-29,29.983043866921065,1,1,78,0,0,0,1,0,0,0,0,0,0,0,0,0,0,0,0,0,48.12605307235013,52.437564521663546,48.030895465826525,36.70965429833064,29.357378592339067,29.32410819802917,56.87761095019006,48.65196065319224,49.53150435328008,48.44321452844197,40.92108329750561,5.2549817165370785,-4.311511449313414,18.768674480011065,6.0,10.0,-0.7818314824680299,0.6234898018587334,-0.8856753921068801,0.46430496423829476
2017-10-30,36.883334314222914,1,5,77,1,0,0,0,0,0,0,0,0,0,0,0,0,0,0,0,0,29.983043866921065,48.12605307235013,52.437564521663546,48.14509529149282,36.70965429833064,47.95959412242106,47.48134557862546,49.34908773874909,43.515553820311595,47.482270181097746,40.96815013099789,7.463639449222668,-18.143009205429067,-6.726610431409576,0.0,10.0,0.0,1.0,-0.8775574030802451,0.4794715886254953
2017-10-31,46.1297224438236,1,1,64,0,0,0,0,0,0,0,0,0,0,0,0,0,0,0,0,0,36.883334314222914,29.983043866921065,48.12605307235013,52.16155932247425,48.14509529149282,40.92841516310817,62.49549351924656,51.6595080047503,38.33081041783138,45.873447184344904,40.17698871612659,8.312824181733902,6.900290447301849,-11.261760977269908,1.0,10.0,0.7818314824680298,0.6234898018587336,-0.869179720034818,0.49449632382879777
2017-11-01,47.52643712611484,1,1,79,0,0,0,0,0,0,0,0,0,0,0,0,0,0,0,0,0,46.1297224438236,36.883334314222914,29.983043866921065,53.49167972695589,52.16155932247425,36.76202040097301,58.94058934571599,52.24960284141426,37.665366874989196,45.01175620168052,40.548510664749124,7.919677702989785,9.246388129600689,-6.031836878650644,2.0,11.0,0.9749279121818236,-0.22252093395631434,-0.8605448221636071,0.5093747236047407
2017-11-02,52.79209213022151,1,1,69,0,0,0,0,0,0,0,0,0,0,0,0,0,0,0,0,0,47.52643712611484,46.1297224438236,36.883334314222914,48.030895465826525,53.49167972695589,25.42655105830991,70.25953046960372,49.689387172139845,43.513164628053794,44.15957868727467,41.31739757368782,7.254359634822728,1.3967146822912397,-5.965242600841044,3.0,11.0,0.43388373911755823,-0.900968867902419,-0.8516552647767522,0.5241023850146458
2017-11-03,44.77344573261566,1,1,72,0,0,0,0,0,0,0,0,0,0,0,0,0,0,0,0,0,52.79209213022151,47.52643712611484,46.1297224438236,52.437564521663546,48.030895465826525,24.034596930804348,52.402154551314894,50.5078816601364,48.81608390005332,44.839749639331096,43.27207907882437,7.788956495797926,5.265655004106669,4.761196664394987,4.0,11.0,-0.433883739117558,-0.9009688679024191,-0.8425136785453353,0.5386749497275768
2017-11-04,34.73947997653039,2,5,69,1,0,0,1,0,1,0,0,0,0,0,0,0,0,0,0,0,44.77344573261566,52.79209213022151,47.52643712611484,48.12605307235013,52.437564521663546,29.357378592339067,37.79725385469206,51.05277797093139,48.36399166298401,43.74487552660997,44.75342542181089,7.157027146367945,-8.018646397605849,-7.664118789047883,5.0,11.0,-0.9749279121818236,-0.2225209339563146,-0.8331227687228905,0.55308810531009
2017-11-05,41.309099078392414,2,4,103,1,0,0,1,0,1,1,0,0,0,0,0,0,0,0,0,0,34.73947997653039,44.77344573261566,52.79209213022151,29.983043866921065,48.12605307235013,36.70965429833064,29.32410819802917,56.87761095019006,44.10167261312253,41.83250794149286,45.13786123496742,7.510598671960484,-10.033965756085273,-13.386573095819742,6.0,11.0,-0.7818314824680299,0.6234898018587334,-0.8234853143448451,0.5673375865024032
2017-11-06,53.156194337540605,2,1,77,0,0,0,0,0,1,0,0,0,0,0,0,0,0,0,0,0,41.309099078392414,34.73947997653039,44.77344573261566,36.883334314222914,29.983043866921065,48.14509529149282,47.95959412242106,47.48134557862546,40.27400826251283,43.4505158288459,45.46639300497183,5.811345531402102,6.569619101862024,11.326055211471349,0.0,11.0,0.0,1.0,-0.8136041674061217,0.5814191764806106
2017-11-07,37.96836638102722,2,1,65,0,0,0,0,0,1,0,0,0,0,0,0,0,0,0,0,0,53.156194337540605,41.309099078392414,34.73947997653039,46.1297224438236,36.883334314222914,52.16155932247425,40.92841516310817,62.49549351924656,43.06825779748781,45.775210117891284,45.824328651118094,5.9718991440019815,11.84709525914819,16.27286002331769,1.0,11.0,0.7818314824680298,0.6234898018587336,-0.8034822520171546,0.5953287081045576
2017-11-08,38.24913213500219,1,1,46,0,0,0,0,0,0,0,0,0,0,0,0,0,0,0,0,0,37.96836638102722,53.156194337540605,41.309099078392414,47.52643712611484,46.1297224438236,53.49167972695589,36.76202040097301,58.94058934571599,44.14455326565343,44.609302108920375,44.81052915530045,6.5569025292633345,-15.187827956513388,-8.161356062796386,2.0,11.0,0.9749279121818236,-0.22252093395631434,-0.7931225635385611,0.6090620651510165
2017-11-09,50.51499574772001,1,1,56,0,0,0,0,0,0,0,0,0,0,0,0,0,0,0,0,0,38.24913213500219,37.96836638102722,53.156194337540605,52.79209213022151,47.52643712611484,48.030895465826525,25.42655105830991,70.25953046960372,43.12456428452335,43.28397282447571,43.721775755875186,6.767542251184392,0.2807657539749755,-9.27730499111265,3.0,11.0,0.43388373911755823,-0.900968867902419,-0.7825281676947325,0.62261518353179
2017-11-10,48.6423860544311,1,1,66,0,0,0,0,0,0,0,0,0,0,0,0,0,0,0,0,0,50.51499574772001,38.24913213500219,37.96836638102722,44.77344573261566,52.79209213022151,52.437564521663546,24.034596930804348,52.402154551314894,42.24416475458315,42.95867334126121,43.899211490296146,6.3441763887238976,12.265863612717816,-2.2770963825015045,4.0,11.0,-0.433883739117558,-0.9009688679024191,-0.7717021996665964,0.6359840524963944
2017-11-11,52.65408953062687,1,1,64,0,0,0,1,0,0,0,0,0,0,0,0,0,0,0,0,0,48.6423860544311,50.51499574772001,38.24913213500219,34.73947997653039,44.77344573261566,48.12605307235013,29.357378592339067,37.79725385469206,45.802171312384445,43.51137910152056,43.62812731406525,6.639845352439124,-1.8726096932889078,3.868940321815437,5.0,11.0,-0.9749279121818236,-0.2225209339563146,-0.7606478631638292,0.649164715818952
2017-11-12,51.62142356646493,2,4,68,1,0,0,1,0,1,0,0,0,0,0,0,0,0,0,0,0,52.65408953062687,48.6423860544311,50.51499574772001,41.309099078392414,34.73947997653039,29.983043866921065,36.70965429833064,29.32410819802917,50.60382377759267,46.07060903782006,43.95155848965646,6.203779479290684,4.01170347619577,17.91460955409648,6.0,11.0,-0.7818314824680299,0.6234898018587334,-0.7493684294767903,0.6621532729689469
2017-11-13,65.73138703294741,2,1,42,0,0,0,0,0,1,0,0,0,0,0,0,0,0,0,0,0,51.62142356646493,52.65408953062687,48.6423860544311,53.156194337540605,41.309099078392414,36.883334314222914,48.14509529149282,47.95959412242106,50.972633050507646,47.54379825040184,45.49715703962387,6.122041191335875,-1.032665964161943,10.312324488072512,0.0,11.0,0.0,1.0,-0.7378672365084513,0.6749458802655077
2017-11-14,55.894850577492974,1,1,33,0,0,0,0,0,0,0,0,0,0,0,0,0,0,0,0,0,65.73138703294741,51.62142356646493,52.65408953062687,37.96836638102722,53.156194337540605,46.1297224438236,52.16155932247425,40.92841516310817,56.66896671001308,49.34025434974568,47.55773223381849,8.775406646701839,14.109963466482483,12.575192695406805,1.0,11.0,0.7818314824680298,0.6234898018587336,-0.7261476877866176,0.6875387520148583
2017-11-15,54.48385423084473,1,1,37,0,0,0,0,0,0,0,0,0,0,0,0,0,0,0,0,0,55.894850577492974,65.73138703294741,51.62142356646493,38.24913213500219,37.96836638102722,47.52643712611484,53.49167972695589,36.76202040097301,57.74922039230179,51.901180663526496,48.25524138622343,7.623167914309098,-9.836536455454436,17.926484196465758,2.0,11.0,0.9749279121818236,-0.22252093395631434,-0.7142132514567308,0.6999281616306094
2017-11-16,58.66923772293278,1,1,44,0,0,0,0,0,0,0,0,0,0,0,0,0,0,0,0,0,54.48385423084473,55.894850577492974,65.73138703294741,50.51499574772001,38.24913213500219,52.79209213022151,48.030895465826525,25.42655105830991,58.70336394709505,54.22042667721829,48.752199750847,5.20203644978479,-1.410996346648247,16.234722095842535,3.0,11.0,0.43388373911755823,-0.900968867902419,-0.7020674592555421,0.7121104427365658
2017-11-17,52.20199729355757,1,1,47,0,0,0,0,0,0,0,0,0,0,0,0,0,0,0,0,0,58.66923772293278,54.48385423084473,55.894850577492974,48.6423860544311,50.51499574772001,44.77344573261566,52.437564521663546,24.034596930804348,56.34931417709017,55.38531838796297,49.17199586461209,5.154625870268427,4.18538349208805,8.15424197521277,4.0,11.0,-0.433883739117558,-0.9009688679024191,-0.6897139054659751,0.7240819902517062
2017-11-18,42.67960396476757,2,4,51,1,0,0,1,0,1,0,0,0,0,0,0,0,0,0,0,0,52.20199729355757,58.66923772293278,54.48385423084473,52.65408953062687,48.6423860544311,34.73947997653039,48.12605307235013,29.357378592339067,55.118363082445036,55.89383427926675,49.70260669039366,4.611282017131171,-6.4672404293752095,3.5596112391264683,5.0,11.0,-0.9749279121818236,-0.2225209339563146,-0.6771562458534737,0.7358392614570317
2017-11-19,33.8853080722362,2,4,31,1,0,0,1,0,1,0,0,0,0,0,0,0,0,0,0,0,42.67960396476757,52.20199729355757,58.66923772293278,51.62142356646493,52.65408953062687,41.309099078392414,29.983043866921065,36.70965429833064,51.183612993752654,54.468907769858276,50.26975840383916,6.532932843441381,-9.522393328789995,-9.974485565859297,6.0,11.0,-0.7818314824680299,0.6234898018587334,-0.6643981965841613,0.7473787770439526
2017-11-20,25.033939011466583,1,1,33,0,0,0,0,0,0,0,0,0,0,0,0,0,0,0,0,0,33.8853080722362,42.67960396476757,52.20199729355757,65.73138703294741,51.62142356646493,53.156194337540605,36.883334314222914,48.14509529149282,42.92230311018712,51.935176984968464,49.73948761768516,9.778930332605697,-8.794295892531373,-17.736115494228727,0.0,11.0,0.0,1.0,-0.6514435331251178,0.7586971221439182
2017-11-21,40.364530122360286,1,1,37,0,0,0,0,0,0,0,0,0,0,0,0,0,0,0,0,0,25.033939011466583,33.8853080722362,42.67960396476757,55.894850577492974,65.73138703294741,37.96836638102722,46.1297224438236,52.16155932247425,33.86628368282346,46.121255839042625,47.730755094394155,11.74808062336391,-8.851369060769617,-40.697448021480824,1.0,11.0,0.7818314824680298,0.6234898018587336,-0.6382960891271152,0.7697909473389706
2017-11-22,24.37724989699303,1,1,39,0,0,0,0,0,0,0,0,0,0,0,0,0,0,0,0,0,40.364530122360286,25.033939011466583,33.8853080722362,54.48385423084473,55.894850577492974,38.24913213500219,47.52643712611484,53.49167972695589,33.09459240202103,43.90263863116653,47.90190964734651,11.143753464811383,15.330591110893703,-15.530320455132689,2.0,11.0,0.9749279121818236,-0.22252093395631434,-0.6249597552901307,0.7806569696529327
2017-11-23,15.754173509176416,1,1,56,0,0,0,0,0,0,0,0,0,0,0,0,0,0,0,0,0,24.37724989699303,40.364530122360286,25.033939011466583,58.66923772293278,54.48385423084473,50.51499574772001,52.79209213022151,48.030895465826525,29.925239676939977,39.601695154902,46.911060916060144,12.006394529244046,-15.987280225367257,-30.1066043338517,3.0,11.0,0.43388373911755823,-0.900968867902419,-0.6114384782119812,0.791291973522932
2017-11-24,19.39466069046947,1,1,57,0,0,0,0,0,0,0,0,0,0,0,0,0,0,0,0,0,15.754173509176416,24.37724989699303,40.364530122360286,52.20199729355757,58.66923772293278,48.6423860544311,44.77344573261566,52.437564521663546,26.83198450950992,33.47097169579395,44.42814504187846,11.656434674696754,-8.623076387816612,-42.91506421375636,4.0,11.0,-0.433883739117558,-0.9009688679024191,-0.5977362592204096,0.8016928117509794
2017-11-25,33.41176659403647,2,1,57,0,0,0,1,0,1,0,0,0,0,0,0,0,0,0,0,0,19.39466069046947,15.754173509176416,24.37724989699303,42.67960396476757,52.20199729355757,52.65408953062687,34.73947997653039,48.12605307235013,19.842028032212983,28.784209323924223,42.339021801595486,9.596415299030266,3.640487181293052,-32.8073366030881,5.0,11.0,-0.9749279121818236,-0.2225209339563146,-0.5838571531889813,0.8118564064353119
2017-11-26,29.221622547162763,1,1,50,0,0,0,1,0,0,0,0,0,0,0,0,0,0,0,0,0,33.41176659403647,19.39466069046947,15.754173509176416,33.8853080722362,42.67960396476757,51.62142356646493,41.309099078392414,29.983043866921065,22.85353359789413,27.46023255667692,40.964570163267595,8.112602179344636,14.017105903567003,-9.267837370731101,6.0,11.0,-0.7818314824680299,0.6234898018587334,-0.5698052673371348,0.8217797498812296
2017-11-27,46.78881858028488,1,1,46,0,0,0,0,0,0,0,0,0,0,0,0,0,0,0,0,0,29.221622547162763,33.41176659403647,19.39466069046947,25.033939011466583,33.8853080722362,65.73138703294741,53.156194337540605,36.883334314222914,27.342683277222914,26.79399176738072,39.36458437617459,7.740560709063114,-4.190144046873709,-4.663685525073436,0.0,11.0,0.0,1.0,-0.555584760014732,0.8314599054911623
2017-11-28,57.60800843005681,1,1,64,0,0,0,0,0,0,0,0,0,0,0,0,0,0,0,0,0,46.78881858028488,29.221622547162763,33.41176659403647,40.364530122360286,25.033939011466583,55.894850577492974,37.96836638102722,46.1297224438236,36.47406924049472,29.90183170578333,38.011543772412985,10.34061749075087,17.56719603312212,21.7548795688183,1.0,11.0,0.7818314824680298,0.6234898018587336,-0.5411998394714944,0.8408940086336855
2017-11-29,60.706006322542606,1,1,68,0,0,0,0,0,0,0,0,0,0,0,0,0,0,0,0,0,57.60800843005681,46.78881858028488,29.221622547162763,24.37724989699303,40.364530122360286,54.48385423084473,38.24913213500219,47.52643712611484,44.53948318583483,32.36518574973998,38.13391219045325,13.960075568407055,10.81918984977193,17.243478307696527,2.0,11.0,0.9749279121818236,-0.22252093395631434,-0.5266547626116581,0.8500792674912487
2017-11-30,53.44166715711146,1,1,57,0,0,0,0,0,0,0,0,0,0,0,0,0,0,0,0,0,60.706006322542606,57.60800843005681,46.78881858028488,15.754173509176416,24.37724989699303,58.66923772293278,50.51499574772001,52.79209213022151,55.03427777762812,37.55500809624706,38.578351625574534,16.540172605609616,3.097997892485793,36.32875642554958,3.0,11.0,0.43388373911755823,-0.900968867902419,-0.5119538337342339,0.8590129638863552
2017-12-01,17.38645541957365,1,1,39,0,0,0,0,0,0,0,0,0,0,0,0,0,0,0,0,0,53.44166715711146,60.706006322542606,57.60800843005681,19.39466069046947,15.754173509176416,52.20199729355757,48.6423860544311,44.77344573261566,57.25189396990364,42.938935760237776,38.204953728015866,14.585922648466074,-7.264339165431146,37.68749364793504,4.0,12.0,-0.433883739117558,-0.9009688679024191,-0.49710140325924973,0.8676924540859421
2017-12-02,38.065931009538566,1,1,44,0,0,0,1,0,0,0,0,0,0,0,0,0,0,0,0,0,17.38645541957365,53.44166715711146,60.706006322542606,33.41176659403647,19.39466069046947,42.67960396476757,52.65408953062687,34.73947997653039,43.84470963307592,42.65204929296694,35.71812930844558,15.058287763756258,-36.05521173753781,-2.008205270895818,5.0,12.0,-0.9749279121818236,-0.2225209339563146,-0.4821018664403299,0.8761151695837427
2017-12-03,51.31926206054934,1,1,55,0,0,0,1,0,0,0,0,0,0,0,0,0,0,0,0,0,38.065931009538566,17.38645541957365,53.44166715711146,29.221622547162763,33.41176659403647,33.8853080722362,51.62142356646493,41.309099078392414,36.29801786207457,43.31692992375296,35.38858124021494,14.734892531547217,20.679475589964916,4.654164415502095,6.0,12.0,-0.7818314824680299,0.6234898018587334,-0.4669596620640253,0.8842786178603729
2017-12-04,36.3908041060703,1,1,61,0,0,0,0,0,0,0,0,0,0,0,0,0,0,0,0,0,51.31926206054934,38.065931009538566,17.38645541957365,46.78881858028488,29.221622547162763,25.033939011466583,65.73138703294741,53.156194337540605,35.59054949655387,46.47373556852248,36.633863667951594,13.708293015797969,13.253331051010775,22.09763951338658,0.0,12.0,0.0,1.0,-0.45167927113624246,0.892180383120943
2017-12-05,45.15418313708971,1,1,59,0,0,0,0,0,0,0,0,0,0,0,0,0,0,0,0,0,36.3908041060703,51.31926206054934,38.065931009538566,57.60800843005681,46.78881858028488,40.364530122360286,55.894850577492974,37.96836638102722,41.92533239205275,44.988304929348956,37.44506831756615,14.149920656690552,-14.928457954479043,-10.398014474214584,1.0,12.0,0.7818314824680298,0.6234898018587336,-0.4362652155561949,0.8998181270099568
2017-12-22,56.2802950475629,1,1,70,0,0,0,0,0,0,0,0,0,0,0,0,0,0,0,0,0,45.15418313708971,36.3908041060703,51.31926206054934,60.706006322542606,57.60800843005681,24.37724989699303,54.48385423084473,38.24913213500219,44.288083101236474,43.209187030353654,37.78718639004682,13.202573113811741,8.763379031019412,-12.453825292967103,4.0,12.0,-0.433883739117558,-0.9009688679024191,-0.15832760902584103,0.9873866356297114
2017-12-23,63.43519494211343,1,1,91,0,0,0,1,0,0,0,0,0,0,0,0,0,0,0,0,0,56.2802950475629,45.15418313708971,36.3908041060703,53.44166715711146,60.706006322542606,15.754173509176416,58.66923772293278,50.51499574772001,45.941760763574315,42.57694256249942,40.06597532937324,12.43309297090932,11.126111910473192,-4.4257112749797045,5.0,12.0,-0.9749279121818236,-0.2225209339563146,-0.14131922780801567,0.9899640780612932
2017-12-24,40.71654373055094,1,4,101,1,0,0,1,0,0,1,0,0,0,0,0,0,0,0,0,0,63.43519494211343,56.2802950475629,45.15418313708971,17.38645541957365,53.44166715711146,19.39466069046947,52.20199729355757,48.6423860544311,54.95655770892203,44.00458938892827,43.471762574583025,14.065305996116535,7.154899894550525,9.993527785001966,6.0,12.0,-0.7818314824680299,0.6234898018587334,-0.1242690262396651,0.9922485621644637
2017-12-25,44.64972479737803,1,4,78,1,0,0,0,0,0,0,0,0,0,0,0,0,0,0,0,0,40.71654373055094,63.43519494211343,56.2802950475629,38.065931009538566,17.38645541957365,33.41176659403647,42.67960396476757,52.65408953062687,53.477344573409106,47.337459147639315,44.994754220303136,9.330134525075891,-22.718651211562488,23.33008831097729,0.0,12.0,0.0,1.0,-0.10718204995695312,0.9942394118958598
2017-12-26,55.24762908340097,1,1,92,0,0,0,0,0,0,0,0,0,0,0,0,0,0,0,0,0,44.64972479737803,40.71654373055094,63.43519494211343,51.31926206054934,38.065931009538566,29.221622547162763,33.8853080722362,51.62142356646493,49.600487823347486,48.27800111733067,45.79746552054181,8.655553290368116,3.933181066827089,6.583793787839461,1.0,12.0,0.7818314824680298,0.6234898018587336,-0.09006335547871394,0.9959360381068229
2017-12-27,53.62486828257508,1,1,71,0,0,0,0,0,0,0,0,0,0,0,0,0,0,0,0,0,55.24762908340097,44.64972479737803,40.71654373055094,36.3908041060703,51.31926206054934,46.78881858028488,25.033939011466583,65.73138703294741,46.87129920377666,48.83919640630946,47.65646598741597,8.956658210762173,10.597904286022946,3.9283670228516314,2.0,12.0,0.9749279121818236,-0.22252093395631434,-0.07291800871009775,0.9973379387177418
2017-12-28,57.976817702971786,1,1,70,0,0,0,0,0,0,0,0,0,0,0,0,0,0,0,0,0,53.62486828257508,55.24762908340097,44.64972479737803,45.15418313708971,36.3908041060703,57.60800843005681,40.364530122360286,55.894850577492974,51.174074054451374,51.301205574381584,48.14475525186527,7.436030474960821,-1.622760800825894,17.23406417650478,3.0,12.0,0.43388373911755823,-0.900968867902419,-0.055751083443415735,0.9984446988666349
2017-12-29,44.62592202344967,1,1,77,0,0,0,0,0,0,0,0,0,0,0,0,0,0,0,0,0,57.976817702971786,53.62486828257508,55.24762908340097,56.2802950475629,45.15418313708971,60.706006322542606,24.37724989699303,54.48385423084473,55.61643835631596,53.13301051236473,48.1710987713592,7.273741341319052,4.351949420396707,12.822634565882076,4.0,12.0,-0.433883739117558,-0.9009688679024191,-0.03856765985666961,0.9992559910319179
2017-12-30,37.74467379529051,1,1,56,0,0,0,1,0,0,0,0,0,0,0,0,0,0,0,0,0,44.62592202344967,57.976817702971786,53.62486828257508,63.43519494211343,56.2802950475629,53.44166715711146,15.754173509176416,58.66923772293278,52.0758693363322,51.468100080348556,47.02252132142399,7.684984051374628,-13.350895679522118,-11.654373024113234,5.0,12.0,-0.9749279121818236,-0.2225209339563146,-0.021372823010177244,0.999771575129327
2017-12-31,26.81839820743589,1,4,70,1,1,0,0,1,0,0,0,0,0,0,0,0,0,0,0,0,37.74467379529051,44.62592202344967,57.976817702971786,40.71654373055094,63.43519494211343,17.38645541957365,19.39466069046947,52.20199729355757,46.78247117390401,47.79802563080243,45.901307509865354,7.213556715395972,-6.8812482281591585,-25.690521146822917,6.0,12.0,-0.7818314824680299,0.6234898018587334,-0.004171661341762418,0.9999912985829675
2018-01-01,55.8020465037673,1,1,97,0,1,0,0,1,0,0,0,0,0,0,0,0,0,0,0,0,26.81839820743589,37.74467379529051,44.62592202344967,44.64972479737803,40.71654373055094,38.065931009538566,33.41176659403647,42.67960396476757,36.3963313420587,45.81257627035742,46.57501770899836,10.188586893347754,-10.926275587854619,-13.898145523115048,0.0,1.0,0.0,1.0,0.01720192860577051,0.9998520358794305
2018-01-02,54.51001053757102,1,1,89,0,0,0,0,0,0,0,0,0,0,0,0,0,0,0,0,0,55.8020465037673,26.81839820743589,37.74467379529051,55.24762908340097,44.64972479737803,51.31926206054934,29.221622547162763,33.8853080722362,40.121706168831246,47.40576508555589,47.84188310144327,10.739251490097574,28.98364829633141,11.152321706389273,1.0,1.0,0.7818314824680298,0.6234898018587336,0.03439876667506451,0.999408187304484
2018-01-03,53.772391991741074,2,1,58,0,0,0,0,0,1,0,0,0,0,0,0,0,0,0,0,0,54.51001053757102,55.8020465037673,26.81839820743589,53.62486828257508,55.24762908340097,36.3908041060703,46.78881858028488,25.033939011466583,45.71015174959141,47.30039100758018,48.06979370694482,10.665152899450186,-1.2920359661962806,-0.7376185458299531,2.0,1.0,0.9749279121818236,-0.22252093395631434,0.05158542517783902,0.9986685856224885
2018-01-04,52.44467860924716,2,1,50,0,0,0,0,0,1,0,0,0,0,0,0,0,0,0,0,0,53.772391991741074,54.51001053757102,55.8020465037673,57.976817702971786,53.62486828257508,45.15418313708971,57.60800843005681,40.364530122360286,54.694816344359815,47.32146582317533,49.31133569877845,10.67776782105592,-0.737618545829946,0.1475237091659949,3.0,1.0,0.43388373911755823,-0.900968867902419,0.06875681809647223,0.9976334497024689
2018-01-05,48.70662679944276,2,1,51,0,0,0,0,0,1,0,0,0,0,0,0,0,0,0,0,0,52.44467860924716,53.772391991741074,54.51001053757102,44.62592202344967,57.976817702971786,56.2802950475629,60.706006322542606,24.37724989699303,53.5756937128531,46.53116023835752,49.832085375361125,10.045907373012081,-1.3277133824939114,-5.5321390937246235,4.0,1.0,-0.433883739117558,-0.9009688679024191,0.08590786393085985,0.9963030858703775
2018-01-06,54.36248682840502,2,1,38,0,0,0,1,0,1,0,0,0,0,0,0,0,0,0,0,0,48.70662679944276,52.44467860924716,53.772391991741074,37.74467379529051,44.62592202344967,63.43519494211343,53.44166715711146,15.754173509176416,51.641232466810344,47.11411806349939,49.29110907192398,10.036829521827281,-3.7380518098044035,4.080704775993091,5.0,1.0,-0.9749279121818236,-0.2225209339563146,0.1030334872021744,0.9946778878184431
2018-01-07,49.86301369884232,2,5,19,1,0,0,1,0,1,0,0,0,0,0,0,0,0,0,0,0,54.36248682840502,48.70662679944276,52.44467860924716,26.81839820743589,37.74467379529051,40.71654373055094,17.38645541957365,19.39466069046947,51.83793074569832,49.48809135394432,48.64305849237337,9.490354106913967,5.655860028962259,16.61781303311451,6.0,1.0,-0.7818314824680299,0.6234898018587334,0.12012861995484278,0.9927583364886667
2018-01-08,27.777302317014826,2,1,22,0,0,0,0,0,1,0,0,0,0,0,0,0,0,0,0,0,49.86301369884232,54.36248682840502,48.70662679944276,55.8020465037673,26.81839820743589,44.64972479737803,38.065931009538566,33.41176659403647,50.97737577556338,52.78017928128809,49.296377775822755,2.415084336907927,-4.499473129562695,23.044615491406432,0.0,1.0,0.0,1.0,0.13718820325629746,0.9905449999304973
2018-01-09,16.08249132181829,2,4,52,1,0,0,0,0,1,0,0,0,0,0,0,0,0,0,0,0,27.777302317014826,49.86301369884232,54.36248682840502,54.51001053757102,55.8020465037673,55.24762908340097,51.31926206054934,29.221622547162763,44.00093428142074,48.77664439746631,48.0912047415111,8.820775480154733,-22.085711381827497,-28.024744186752475,1.0,1.0,0.7818314824680298,0.6234898018587336,0.15420718869405753,0.9880385331327293
2018-01-10,28.63864179808241,1,4,46,1,0,0,0,0,0,0,0,0,0,0,0,0,0,0,0,0,16.08249132181829,27.777302317014826,49.86301369884232,53.772391991741074,54.51001053757102,53.62486828257508,36.3908041060703,46.78881858028488,31.240935779225158,43.28699879521592,45.29369490139805,13.988389352134394,-11.694810995196537,-38.42751921575273,2.0,1.0,0.9749279121818236,-0.22252093395631434,0.17118053986969634,0.9852396778296737
2018-01-11,34.12558236593807,1,1,38,0,0,0,0,0,0,0,0,0,0,0,0,0,0,0,0,0,28.63864179808241,16.08249132181829,27.777302317014826,52.44467860924716,53.772391991741074,57.976817702971786,45.15418313708971,57.60800843005681,24.166145145638524,39.69646305326468,43.50896443822,14.061662777609586,12.556150476264122,-25.133750193658663,3.0,1.0,0.43388373911755823,-0.900968867902419,0.18810323388925426,0.9821492622816578
2018-01-12,41.03539392281128,1,1,37,0,0,0,0,0,0,0,0,0,0,0,0,0,0,0,0,0,34.12558236593807,28.63864179808241,16.08249132181829,48.70662679944276,52.44467860924716,44.62592202344967,56.2802950475629,60.706006322542606,26.282238495279604,37.079449304220525,41.80530477128902,13.118628551634439,5.486940567855662,-18.31909624330909,4.0,1.0,-0.433883739117558,-0.9009688679024191,0.20497026284965483,0.9787682010299187
2018-01-13,50.864762801492304,1,1,52,0,0,0,1,0,0,0,0,0,0,0,0,0,0,0,0,0,41.03539392281128,34.12558236593807,28.63864179808241,54.36248682840502,48.70662679944276,37.74467379529051,63.43519494211343,53.44166715711146,34.59987269561061,35.98355889327318,41.54883847838629,12.402420940518128,6.909811556873208,-7.671232876631478,5.0,1.0,-0.9749279121818236,-0.2225209339563146,0.2217766353206845,0.9750974946259662
2018-01-14,57.31772156651051,1,1,51,0,0,0,1,0,0,0,0,0,0,0,0,0,0,0,0,0,50.864762801492304,41.03539392281128,34.12558236593807,49.86301369884232,54.36248682840502,26.81839820743589,40.71654373055094,17.38645541957365,42.00857969674723,35.483884032285644,42.48598769311498,11.702611608690015,9.829368878681024,-3.4977240269127137,6.0,1.0,-0.7818314824680299,0.6234898018587334,0.23851737782209795,0.9711382293354899
2018-01-15,55.999529293587926,1,1,62,0,0,0,0,0,0,0,0,0,0,0,0,0,0,0,0,0,57.31772156651051,50.864762801492304,41.03539392281128,27.777302317014826,49.86301369884232,55.8020465037673,44.64972479737803,38.065931009538566,49.73929276360471,36.548842299095384,44.66451079019174,13.20538833734102,6.452958765018202,7.4547078676681835,0.0,1.0,0.0,1.0,0.2551875362954114,0.9668915768169035
2018-01-16,55.39515279256696,1,1,73,0,0,0,0,0,0,0,0,0,0,0,0,0,0,0,0,0,55.999529293587926,57.31772156651051,50.864762801492304,16.08249132181829,27.777302317014826,54.51001053757102,55.24762908340097,51.31926206054934,54.72733788719693,40.580589010034394,44.67861670375036,14.183896342040185,-1.3181922729225803,28.2222269765731,1.0,1.0,0.7818314824680298,0.6234898018587336,0.27178217756994844,0.9623587937746176
2018-01-17,62.3287671233685,1,1,130,0,0,0,0,0,0,1,0,0,0,0,0,0,0,0,0,0,55.39515279256696,55.999529293587926,57.31772156651051,28.63864179808241,16.08249132181829,53.772391991741074,53.62486828257508,36.3908041060703,56.237467884221815,46.19668350585564,44.741841150535784,10.735863104005178,-0.6043765010209654,39.31266147074867,2.0,1.0,0.9749279121818236,-0.22252093395631434,0.28829639082270425,0.9575412215871454
2018-01-18,57.53424657547382,2,1,86,0,0,0,0,0,1,0,0,0,0,0,0,0,0,0,0,0,62.3287671233685,55.39515279256696,55.999529293587926,34.12558236593807,28.63864179808241,52.44467860924716,57.976817702971786,45.15418313708971,57.90781640317448,51.00955855232508,45.353010802794884,9.232119597637706,6.933614330801539,33.69012532528609,3.0,1.0,0.43388373911755823,-0.900968867902419,0.3047252890315972,0.9524402859101507
2018-01-19,61.929040988941566,1,1,76,0,0,0,0,0,0,0,0,0,0,0,0,0,0,0,0,0,57.53424657547382,62.3287671233685,55.39515279256696,41.03539392281128,34.12558236593807,48.70662679944276,44.62592202344967,56.2802950475629,58.41938883046978,54.35365343940162,45.71655137181108,6.277469161284445,-4.7945205478946775,23.40866420953575,4.0,1.0,-0.433883739117558,-0.9009688679024191,0.32106401042167637,0.9470574962545567
2018-01-20,52.192476183986216,1,1,62,0,0,0,1,0,0,0,0,0,0,0,0,0,0,0,0,0,61.929040988941566,57.53424657547382,62.3287671233685,50.864762801492304,41.03539392281128,54.36248682840502,37.74467379529051,63.43519494211343,60.597351562594646,57.33846016313451,46.66100952820385,3.6546114748420235,4.394794413467743,20.893647066130285,5.0,1.0,-0.9749279121818236,-0.2225209339563146,0.33730771990385844,0.9413944455398386
2018-01-21,48.554342535491095,1,4,73,1,0,0,1,0,0,0,0,0,0,0,0,0,0,0,0,0,52.192476183986216,61.929040988941566,57.53424657547382,57.31772156651051,50.864762801492304,49.86301369884232,26.81839820743589,40.71654373055094,57.218587916133885,57.528133503490785,46.50600876788821,3.334106369362245,-9.73656480495535,1.3277133824939114,6.0,1.0,-0.7818314824680299,0.6234898018587334,0.3534516105057668,0.9354528096226339
2018-01-22,62.84510010544947,1,1,133,0,0,0,0,0,0,1,0,0,0,0,0,0,0,0,0,0,48.554342535491095,52.192476183986216,61.929040988941566,55.999529293587926,57.31772156651051,27.777302317014826,55.8020465037673,44.64972479737803,54.22528656947298,56.27622221334515,46.41253225622027,4.58767813949066,-3.6381336484951206,-8.763379031019412,0.0,1.0,0.0,1.0,0.3694909047942504,0.929234346800809
2018-01-23,52.29715490008117,1,1,95,0,0,0,0,0,0,0,0,0,0,0,0,0,0,0,0,0,62.84510010544947,48.554342535491095,52.192476183986216,55.39515279256696,55.999529293587926,16.08249132181829,54.51001053757102,55.24762908340097,54.53063960830894,57.25416090075395,48.91737495539417,5.122870069406418,14.290757569958373,6.845570811861542,1.0,1.0,0.7818314824680298,0.6234898018587336,0.3854208562891614,0.9227408972931294
2018-01-24,31.42019652029561,1,5,58,1,0,0,0,0,0,0,0,0,0,0,0,0,0,0,0,0,52.29715490008117,62.84510010544947,48.554342535491095,62.3287671233685,55.39515279256696,28.63864179808241,53.772391991741074,53.62486828257508,54.56553251367393,56.81158977325598,51.50413663955582,5.391150117954927,-10.5479452053683,-3.097997892485793,2.0,1.0,0.9749279121818236,-0.22252093395631434,0.4012367508679725,0.9159743826946868
2018-01-25,46.27248559820392,1,1,43,0,0,0,0,0,0,0,0,0,0,0,0,0,0,0,0,0,31.42019652029561,52.29715490008117,62.84510010544947,57.53424657547382,62.3287671233685,34.12558236593807,52.44467860924716,57.976817702971786,48.85415050860877,52.396079687102706,51.7028191197139,9.86522027360851,-20.876958379785556,-30.90857060307289,3.0,1.0,0.43388373911755823,-0.900968867902419,0.4169339081608189,0.908936805408245
2018-01-26,45.40162500756499,1,1,60,0,0,0,0,0,0,0,0,0,0,0,0,0,0,0,0,0,46.27248559820392,31.42019652029561,52.29715490008117,61.929040988941566,57.53424657547382,41.03539392281128,48.70662679944276,44.62592202344967,43.32994567286025,50.787256690349864,52.57045506487574,9.814256851833981,14.85228907790831,-11.261760977269901,4.0,1.0,-0.433883739117558,-0.9009688679024191,0.43250768293555203,0.9016302480516722
2018-01-27,45.58247260023067,2,5,56,1,0,0,1,0,1,0,0,0,0,0,0,0,0,0,0,0,45.40162500756499,46.27248559820392,31.42019652029561,52.192476183986216,61.929040988941566,50.864762801492304,54.36248682840502,37.74467379529051,41.031435708688186,48.426197264438926,52.88232871378671,8.7837587370416,-0.8708605906389337,-16.527415981376578,5.0,1.0,-0.9749279121818236,-0.2225209339563146,0.44795346647239487,0.8940568728416358
2018-01-28,29.09314105713946,2,4,54,1,0,0,1,0,1,0,0,0,0,0,0,0,0,0,0,0,45.58247260023067,45.40162500756499,46.27248559820392,48.554342535491095,52.192476183986216,57.31772156651051,49.86301369884232,26.81839820743589,45.75219440199987,47.48191103818813,52.50502227083946,8.682832820985437,0.1808475926656854,-6.610003583755542,6.0,1.0,-0.7818314824680299,0.6234898018587334,0.4632666879277925,0.8862189209537411
2018-01-29,28.18419602821516,2,1,24,0,0,0,0,0,1,0,0,0,0,0,0,0,0,0,0,0,29.09314105713946,45.58247260023067,45.40162500756499,62.84510010544947,48.554342535491095,55.999529293587926,27.777302317014826,55.8020465037673,40.02574622164505,44.70173939842362,50.48898080588439,10.76125571704825,-16.489331543091215,-19.461201478351636,0.0,1.0,0.0,1.0,0.4784428156870534,0.8781187118593045
2018-01-30,31.11803501438002,2,1,43,0,0,0,0,0,1,0,0,0,0,0,0,0,0,0,0,0,28.18419602821516,29.09314105713946,45.58247260023067,52.29715490008117,62.84510010544947,55.39515279256696,16.08249132181829,54.51001053757102,34.28660322852844,39.75018167310442,48.50217128692919,9.123396971877265,-0.9089450289243004,-34.660904077234306,1.0,1.0,0.7818314824680298,0.6234898018587336,0.4934773587053823,0.8697586426389562
2018-01-31,37.283060448649856,2,4,28,1,0,0,0,0,1,0,0,0,0,0,0,0,0,0,0,0,31.11803501438002,28.18419602821516,29.09314105713946,31.42019652029561,52.29715490008117,62.3287671233685,28.63864179808241,53.772391991741074,29.465124033244894,36.72459311800426,46.76809144563011,7.889076735689653,2.9338389861648615,-21.179119885701148,2.0,1.0,0.9749279121818236,-0.22252093395631434,0.5083658678369077,0.8611411872732762
2018-02-01,30.02824239279004,1,1,57,0,0,0,0,0,0,0,0,0,0,0,0,0,0,0,0,0,37.283060448649856,31.11803501438002,28.18419602821516,46.27248559820392,31.42019652029561,57.53424657547382,34.12558236593807,52.44467860924716,32.19509716374836,37.56214510776915,44.97911239743593,7.586901601123381,6.165025434269836,5.862863928354244,3.0,2.0,0.43388373911755823,-0.900968867902419,0.523103937151309,0.852268895910674
2018-02-02,22.578295079907534,1,4,63,1,0,0,0,0,0,0,0,0,0,0,0,0,0,0,0,0,30.02824239279004,37.283060448649856,31.11803501438002,45.40162500756499,46.27248559820392,61.929040988941566,41.03539392281128,48.70662679944276,32.80977928527332,35.24153893556717,43.014397812958514,7.031771763626328,-7.254818055859815,-16.24424320541388,4.0,2.0,-0.433883739117558,-0.9009688679024191,0.5376872052376563,0.8431443941127276
2018-02-03,36.742924692640536,1,1,62,0,0,0,1,0,0,0,0,0,0,0,0,0,0,0,0,0,22.578295079907534,30.02824239279004,37.283060448649856,45.58247260023067,45.40162500756499,52.192476183986216,50.864762801492304,54.36248682840502,29.963199307115826,31.981063231616105,40.203630248027515,6.853947581975118,-7.449947312882507,-22.823329927657454,5.0,2.0,-0.9749279121818236,-0.2225209339563146,0.5521113564950746,0.8337703820772051
2018-02-04,49.86301369884232,1,4,75,1,0,0,1,0,0,0,0,0,0,0,0,0,0,0,0,0,36.742924692640536,22.578295079907534,30.02824239279004,29.09314105713946,45.58247260023067,48.554342535491095,57.31772156651051,49.86301369884232,29.783154055112718,30.718270673388947,39.10009085578854,4.710939467130791,14.164629612733002,-8.839547907590138,6.0,2.0,-0.7818314824680299,0.6234898018587334,0.5663721224098525,0.8241496338390009
2018-02-05,40.57378057617061,1,1,64,0,0,0,0,0,0,0,0,0,0,0,0,0,0,0,0,0,49.86301369884232,36.742924692640536,22.578295079907534,28.18419602821516,29.09314105713946,62.84510010544947,55.999529293587926,27.777302317014826,36.394744490463474,33.68539533648935,39.19356736745648,8.085295228439435,13.120089006201788,20.769872641702865,0.0,2.0,0.0,1.0,0.5804652828186154,0.8142849964492191
2018-02-06,49.37524404547538,1,1,54,0,0,0,0,0,0,0,0,0,0,0,0,0,0,0,0,0,40.57378057617061,49.86301369884232,36.742924692640536,31.11803501438002,28.18419602821516,52.29715490008117,55.39515279256696,16.08249132181829,42.39323965588451,35.45533598619728,37.60275882965085,8.04329197507074,-9.28923312267171,12.389584547955454,1.0,2.0,0.7818314824680298,0.6234898018587336,0.5943866671571916,0.8041793891326524
2018-02-07,50.71247853754064,1,1,61,0,0,0,0,0,0,0,0,0,0,0,0,0,0,0,0,0,49.37524404547538,40.57378057617061,49.86301369884232,37.283060448649856,31.11803501438002,31.42019652029561,62.3287671233685,28.63864179808241,46.604012773496116,38.063508704925184,37.394050911464724,9.104124078972399,8.801463469304764,18.257209031095357,2.0,2.0,0.9749279121818236,-0.22252093395631434,0.6081321556947994,0.7938358024238994
2018-02-08,51.15504966503861,1,1,56,0,0,0,0,0,0,0,0,0,0,0,0,0,0,0,0,0,50.71247853754064,49.37524404547538,40.57378057617061,30.02824239279004,37.283060448649856,46.27248559820392,57.53424657547382,34.12558236593807,46.88716771972889,39.98199700333815,38.772071055553646,10.098222499917895,1.3372344920652637,13.429418088890785,3.0,2.0,0.43388373911755823,-0.900968867902419,0.6216976807531925,0.7832572972823819
2018-02-09,52.370916754664165,1,1,55,0,0,0,0,0,0,0,0,0,0,0,0,0,0,0,0,0,51.15504966503861,50.71247853754064,49.37524404547538,22.578295079907534,30.02824239279004,45.40162500756499,61.929040988941566,41.03539392281128,50.41425741601822,43.00011232794509,39.120825631756134,9.825734561785556,0.44257112749797045,21.12680727224857,4.0,2.0,-0.433883739117558,-0.9009688679024191,0.6350792279104001,0.7724470041865203
2018-02-10,42.01810080631856,1,1,77,0,0,0,1,0,0,0,0,0,0,0,0,0,0,0,0,0,52.370916754664165,51.15504966503861,50.71247853754064,36.742924692640536,22.578295079907534,45.58247260023067,52.192476183986216,50.864762801492304,51.41281498574782,47.256201138624604,39.61863218512036,5.603273659102016,1.2158670896255543,29.79262167475663,5.0,2.0,-0.9749279121818236,-0.2225209339563146,0.6482728371887081,0.7614081222073368
2018-02-11,28.66249806120057,1,1,77,0,0,0,0,0,0,0,0,0,0,0,0,0,0,0,0,0,42.01810080631856,52.370916754664165,51.15504966503861,49.86301369884232,36.742924692640536,29.09314105713946,48.554342535491095,57.31772156651051,48.51468907534046,48.0097977262929,39.36403419984092,4.354145621203348,-10.352815948345608,5.275176113678022,6.0,2.0,-0.7818314824680299,0.6234898018587334,0.6612746042265288,0.7501439180617594
2018-02-12,36.6668093052596,1,1,61,0,0,0,0,0,0,0,0,0,0,0,0,0,0,0,0,0,28.66249806120057,42.01810080631856,52.370916754664165,40.57378057617061,49.86301369884232,28.18419602821516,62.84510010544947,55.999529293587926,41.01717187406111,44.98115263520122,39.33327398584528,7.922705579624772,-13.355602745117988,-21.200515637641754,0.0,2.0,0.0,1.0,0.6740806814338108,0.738657725145909
2018-02-13,61.95995785045353,1,1,59,0,0,0,0,0,0,0,0,0,0,0,0,0,0,0,0,0,36.6668093052596,28.66249806120057,42.01810080631856,49.37524404547538,40.57378057617061,31.11803501438002,52.29715490008117,55.39515279256696,35.78246939092625,44.42301388221393,39.9391749342056,8.34015750432157,8.004311244059028,-3.906971270911015,1.0,2.0,0.7818314824680298,0.6234898018587336,0.6866872791306503,0.7269529425486524
2018-02-14,60.04214963129565,1,1,55,0,1,0,0,1,0,0,0,0,0,0,0,0,0,0,0,0,61.95995785045353,36.6668093052596,28.66249806120057,50.71247853754064,49.37524404547538,37.283060448649856,31.42019652029561,62.3287671233685,42.42975507230457,46.22083014006795,42.142169422496565,10.332351464173579,25.29314854519393,12.58471380497815,2.0,2.0,0.9749279121818236,-0.22252093395631434,0.6990906666687643,0.7150330340457165
2018-02-15,57.68177028463981,1,1,60,0,1,0,0,1,0,0,0,0,0,0,0,0,0,0,0,0,60.04214963129565,61.95995785045353,36.6668093052596,51.15504966503861,50.71247853754064,30.02824239279004,46.27248559820392,57.53424657547382,52.889638929002935,47.553640296318676,43.76781864982841,11.374920371578783,-1.9178082191578767,9.32967109375501,3.0,2.0,0.43388373911755823,-0.900968867902419,0.7112871735354942,0.7029015270746591
2018-03-03,53.336988441016494,1,1,50,0,0,0,1,0,0,0,0,0,0,0,0,0,0,0,0,0,57.68177028463981,60.04214963129565,61.95995785045353,52.370916754664165,51.15504966503861,22.578295079907534,45.40162500756499,61.929040988941566,59.89462592212968,48.4860289562617,45.7430706421034,11.88783965442478,-2.36037934665584,6.5267206196012,5.0,3.0,-0.9749279121818236,-0.2225209339563146,0.8755495739965682,0.48312828883685527
2018-03-04,48.25694158436118,2,1,43,0,0,0,1,0,1,0,0,0,0,0,0,0,0,0,0,0,53.336988441016494,57.68177028463981,60.04214963129565,42.01810080631856,52.370916754664165,36.742924692640536,45.58247260023067,52.192476183986216,57.02030278565067,48.62403919716917,47.940120167896886,11.937643034150351,-4.344781843623316,0.9660716863523291,6.0,3.0,-0.7818314824680299,0.6234898018587334,0.8837307624058365,0.4679956619217736
2018-03-05,58.22190604064913,2,1,32,0,0,0,0,0,1,0,0,0,0,0,0,0,0,0,0,0,48.25694158436118,53.336988441016494,57.68177028463981,28.66249806120057,42.01810080631856,49.86301369884232,29.09314105713946,48.554342535491095,53.09190010333918,49.51530216546097,48.762549945876934,11.640367810577281,-5.080046856655315,6.238840778042622,0.0,3.0,0.0,1.0,0.8916504299249455,0.4527245418735987
2018-03-06,41.39708910814262,1,4,38,1,0,0,0,0,0,0,0,0,0,0,0,0,0,0,0,0,58.22190604064913,48.25694158436118,53.336988441016494,36.6668093052596,28.66249806120057,40.57378057617061,28.18419602821516,62.84510010544947,53.27194535534229,53.73807473395363,49.359613684577425,8.147129154589633,9.964964456287952,29.55940797944856,1.0,3.0,0.7818314824680298,0.6234898018587336,0.8993062329006161,0.4373194478480267
2018-03-07,44.480805336271416,2,1,35,0,0,0,0,0,1,0,0,0,0,0,0,0,0,0,0,0,41.39708910814262,58.22190604064913,48.25694158436118,61.95995785045353,36.6668093052596,49.37524404547538,31.11803501438002,52.29715490008117,49.29197891105099,54.413828991508346,49.41842143686114,6.7855446185705,-16.824816932506508,4.730279802883025,2.0,3.0,0.9749279121818236,-0.22252093395631434,0.9066959057645391,0.42178493864743694
2018-03-08,17.80051670754739,2,4,21,1,0,0,0,0,1,0,0,0,0,0,0,0,0,0,0,0,44.480805336271416,41.39708910814262,58.22190604064913,60.04214963129565,61.95995785045353,50.71247853754064,37.283060448649856,31.42019652029561,48.03326682835441,51.916807203768045,49.068818671917995,6.765251382878956,3.083716228128793,-17.47915251418211,3.0,3.0,0.43388373911755823,-0.900968867902419,0.9138172617038212,0.4061256113718145
2018-03-09,16.322872593899753,1,1,31,0,0,0,0,0,0,0,0,0,0,0,0,0,0,0,0,0,17.80051670754739,44.480805336271416,41.39708910814262,57.68177028463981,60.04214963129565,51.15504966503861,30.02824239279004,46.27248559820392,34.559470383987154,45.88228821466116,46.71796425548991,12.89170572535198,-26.680288628724025,-42.241632923748256,4.0,3.0,-0.433883739117558,-0.9009688679024191,0.9206681933081248,0.3903461000583373
2018-03-10,56.05900948381392,1,1,50,0,0,0,1,0,0,0,0,0,0,0,0,0,0,0,0,0,16.322872593899753,17.80051670754739,44.480805336271416,53.336988441016494,57.68177028463981,52.370916754664165,22.578295079907534,45.40162500756499,26.20139821257287,39.973874258841136,44.22995160755141,15.369442419347061,-1.4776441136476386,-41.35889769074006,5.0,3.0,-0.9749279121818236,-0.2225209339563146,0.92724667319331,0.3744510743100344
2018-03-11,45.24934074361333,1,1,46,0,0,0,1,0,0,0,0,0,0,0,0,0,0,0,0,0,56.05900948381392,16.322872593899753,17.80051670754739,48.25694158436118,53.336988441016494,42.01810080631856,36.742924692640536,45.58247260023067,30.060799595087033,40.3627344078122,44.49338680249069,15.732761954519226,39.736136889914164,2.7220210427974223,6.0,3.0,-0.7818314824680299,0.6234898018587334,0.9335507546013952,0.3584452379139183
2018-03-12,34.82757698466018,1,1,44,0,0,0,0,0,0,0,0,0,0,0,0,0,0,0,0,0,45.24934074361333,56.05900948381392,16.322872593899753,58.22190604064913,48.25694158436118,28.66249806120057,49.86301369884232,29.09314105713946,39.21040760710901,39.93307714484822,44.724189655154596,15.551328689272196,-10.809668740200586,-3.0076008407478483,0.0,3.0,0.0,1.0,0.9395785719766574,0.34233332744900147
2018-03-13,50.10098794893605,2,1,45,0,0,0,0,0,1,0,0,0,0,0,0,0,0,0,0,0,34.82757698466018,45.24934074361333,56.05900948381392,41.39708910814262,58.22190604064913,36.6668093052596,40.57378057617061,28.18419602821516,45.37864240402916,36.591030136849795,45.16455243540172,13.66071892111812,-10.421763758953148,-23.394329055988948,1.0,3.0,0.7818314824680298,0.6234898018587336,0.9453283415177025,0.3261201108846096
2018-03-14,37.86133413213433,2,1,41,0,0,0,0,0,1,0,0,0,0,0,0,0,0,0,0,0,50.10098794893605,34.82757698466018,45.24934074361333,44.480805336271416,41.39708910814262,61.95995785045353,49.37524404547538,31.11803501438002,43.392635225736534,37.83444425696315,46.124136624235746,14.416780384690057,15.273410964275868,8.703898840793428,2.0,3.0,0.9749279121818236,-0.22252093395631434,0.9507983617053434,0.30981038616940365
2018-03-15,31.141837788308376,2,1,53,0,0,0,0,0,1,0,0,0,0,0,0,0,0,0,0,0,37.86133413213433,50.10098794893605,34.82757698466018,17.80051670754739,44.480805336271416,60.04214963129565,50.71247853754064,37.283060448649856,40.929966355243536,36.88880551351499,44.40280635864152,14.16470399902397,-12.23965381680172,-6.619471204137085,3.0,3.0,0.43388373911755823,-0.900968867902419,0.9559870138061269,0.29340897981153197
2018-03-16,44.25957326171222,1,1,66,0,0,0,0,0,0,0,0,0,0,0,0,0,0,0,0,0,31.141837788308376,37.86133413213433,50.10098794893605,16.322872593899753,17.80051670754739,57.68177028463981,51.15504966503861,30.02824239279004,39.70138662312627,38.79470852505228,42.338498369856715,12.234082837528643,-6.719496343825956,13.341321080760984,4.0,3.0,-0.433883739117558,-0.9009688679024191,0.9608927623513632,0.27692074545033024
2018-03-17,40.76666327877495,1,4,44,1,0,0,1,0,0,0,0,0,0,0,0,0,0,0,0,0,44.25957326171222,31.141837788308376,37.86133413213433,56.05900948381392,16.322872593899753,53.336988441016494,52.370916754664165,22.578295079907534,37.75424839405166,42.78566576331121,41.37977001107617,8.116091941838793,13.117735473403844,27.936700667812467,5.0,3.0,-0.9749279121818236,-0.2225209339563146,0.9655141555915137,0.2603505624199925
2018-03-18,46.4011810449864,1,4,39,1,0,0,1,0,0,0,0,0,0,0,0,0,0,0,0,0,40.76666327877495,44.25957326171222,31.141837788308376,45.24934074361333,56.05900948381392,48.25694158436118,42.01810080631856,36.742924692640536,38.72269144293187,40.60104487687706,40.48188964234463,6.042508673041924,-3.4929099829372703,-15.292346205038967,6.0,3.0,-0.7818314824680299,0.6234898018587334,0.969849825925805,0.24370333430563806
2018-03-19,37.23796890116047,2,1,49,0,0,0,0,0,1,0,0,0,0,0,0,0,0,0,0,0,46.4011810449864,40.76666327877495,44.25957326171222,34.82757698466018,45.24934074361333,58.22190604064913,28.66249806120057,49.86301369884232,43.809139195157876,40.76559349135893,40.34933531810357,6.180947324812013,5.634517766211452,1.1518403013730705,0.0,3.0,0.0,1.0,0.9738984903069413,0.22698398749220305
2018-03-20,33.24300760049925,1,4,36,1,0,0,0,0,0,0,0,0,0,0,0,0,0,0,0,0,37.23796890116047,46.4011810449864,40.76666327877495,50.10098794893605,34.82757698466018,41.39708910814262,36.6668093052596,40.57378057617061,41.46860440830729,41.10993519371612,38.85048266528296,5.90136625324262,-9.16321214382593,2.410391916500288,1.0,3.0,0.7818314824680298,0.6234898018587336,0.977658950620793,0.21019746970658276
2018-03-21,44.093060822593344,1,1,33,0,0,0,0,0,0,0,0,0,0,0,0,0,0,0,0,0,33.24300760049925,37.23796890116047,46.4011810449864,37.86133413213433,50.10098794893605,44.480805336271416,61.95995785045353,49.37524404547538,38.960719182215385,38.701652286796566,38.26804827187986,5.130213025037042,-3.994961300661224,-16.857980348436804,2.0,3.0,0.9749279121818236,-0.22252093395631434,0.9811300940409537,0.19334874855346035
2018-03-22,53.81288345201417,1,1,47,0,0,0,0,0,0,0,0,0,0,0,0,0,0,0,0,0,44.093060822593344,33.24300760049925,37.23796890116047,31.141837788308376,37.86133413213433,17.80051670754739,60.04214963129565,50.71247853754064,38.191345774751035,39.591898956862146,38.240352235188574,5.438578822235585,10.850053222094097,6.231726690459013,3.0,3.0,0.43388373911755823,-0.900968867902419,0.9843108933580564,0.17644281004525206
2018-03-23,56.2731809599793,1,1,55,0,0,0,0,0,0,0,0,0,0,0,0,0,0,0,0,0,53.81288345201417,44.093060822593344,33.24300760049925,44.25957326171222,31.141837788308376,16.322872593899753,57.68177028463981,51.15504966503861,43.71631729170227,42.83061976596297,40.81266414550762,6.146481643342475,9.719822629420825,22.671045663705794,4.0,3.0,-0.433883739117558,-0.9009688679024191,0.9872004072837537,0.15948465712660548
2018-03-24,52.57080656647254,1,1,63,0,0,0,1,0,0,0,0,0,0,0,0,0,0,0,0,0,56.2731809599793,53.81288345201417,44.093060822593344,40.76666327877495,44.25957326171222,56.05900948381392,53.336988441016494,52.370916754664165,51.39304174486228,44.54684943714398,43.666257600227596,7.76895920144288,2.46029750796513,12.01360769826708,5.0,3.0,-0.9749279121818236,-0.2225209339563146,0.9897977807292717,0.14247930819388652
2018-03-25,57.707980080555885,1,1,56,0,0,0,1,0,0,0,0,0,0,0,0,0,0,0,0,0,52.57080656647254,56.2731809599793,53.81288345201417,46.4011810449864,40.76666327877495,45.24934074361333,48.25694158436118,42.01810080631856,54.21895699282202,46.23315562110078,43.41710024898892,8.041728406210852,-3.7023743935067586,11.804143287697592,6.0,3.0,-0.7818314824680299,0.6234898018587334,0.9921022450584553,0.1254317956100953
2018-03-26,70.79485218163758,1,1,67,0,0,0,0,0,0,0,0,0,0,0,0,0,0,0,0,0,57.707980080555885,52.57080656647254,56.2731809599793,37.23796890116047,46.4011810449864,34.82757698466018,58.22190604064913,28.66249806120057,55.51732253566925,47.84841262618214,44.30700305877053,8.99258224315858,5.137173514083344,11.306799035569483,0.0,3.0,0.0,1.0,0.9941131183152286,0.10834716421564623
2018-03-27,53.58448380068157,1,1,69,0,0,0,0,0,0,0,0,0,0,0,0,0,0,0,0,0,70.79485218163758,57.707980080555885,52.57080656647254,33.24300760049925,37.23796890116047,50.10098794893605,41.39708910814262,36.6668093052596,60.35787960955535,52.642253094821726,46.87609414426892,10.817690372445838,13.086872101081696,33.55688328047711,1.0,3.0,0.7818314824680298,0.6234898018587336,0.9958298054254058,0.09123046983545845
2018-03-28,57.23454558073576,1,1,64,0,0,0,0,0,0,0,0,0,0,0,0,0,0,0,0,0,53.58448380068157,70.79485218163758,57.707980080555885,44.093060822593344,33.24300760049925,37.86133413213433,44.480805336271416,61.95995785045353,60.695772020958366,55.548178266276345,47.124915276536456,7.412376139154727,-17.210368380956012,20.34147620018232,2.0,3.0,0.9749279121818236,-0.22252093395631434,0.9972517983727895,0.07408677778279397
2018-03-29,57.707980080555885,1,1,55,0,0,0,0,0,0,0,0,0,0,0,0,0,0,0,0,0,57.23454558073576,53.58448380068157,70.79485218163758,53.81288345201417,44.093060822593344,31.141837788308376,17.80051670754739,60.04214963129565,60.53796052101831,57.42553323172526,48.508716094293696,5.751473446055986,3.6500617800541946,13.141484758142418,3.0,3.0,0.43388373911755823,-0.900968867902419,0.9983786763495082,0.05692116136028858
2018-03-30,52.79449915220924,1,1,53,0,0,0,0,0,0,0,0,0,0,0,0,0,0,0,0,0,57.707980080555885,57.23454558073576,53.58448380068157,56.2731809599793,53.81288345201417,44.25957326171222,16.322872593899753,57.68177028463981,56.17566982065776,57.98197560723121,50.4062976865971,5.560283504791137,0.4734344998201223,3.8950966285417152,4.0,3.0,-0.433883739117558,-0.9009688679024191,0.999210105880544,0.03973870035861803
2018-03-31,53.15378731555288,1,1,38,0,0,0,1,0,0,0,0,0,0,0,0,0,0,0,0,0,52.79449915220924,57.707980080555885,57.23454558073576,52.57080656647254,56.2731809599793,40.76666327877495,56.05900948381392,53.336988441016494,55.91234160450031,57.485021063264064,51.01593525020403,5.839256981464949,-4.913480928346644,-3.4786818077700588,5.0,3.0,-0.9749279121818236,-0.2225209339563146,0.9997458409224182,0.022544479553245424
2018-04-01,55.11925457175726,1,1,51,0,0,0,1,0,0,0,0,0,0,0,0,0,0,0,0,0,53.15378731555288,52.79449915220924,57.707980080555885,57.707980080555885,52.57080656647254,46.4011810449864,45.24934074361333,48.25694158436118,54.55208884943935,57.5683040274184,51.90072982425959,5.77234767739532,0.359288163343642,0.5829807490803418,6.0,4.0,-0.7818314824680299,0.6234898018587334,0.9999857229360024,0.00534358719969123
2018-04-02,63.01171952294794,1,1,62,0,0,0,0,0,0,0,0,0,0,0,0,0,0,0,0,0,55.11925457175726,53.15378731555288,52.79449915220924,70.79485218163758,57.707980080555885,37.23796890116047,34.82757698466018,58.22190604064913,53.689180346506475,57.19848609759003,52.52344936188609,5.834147761107065,1.9654672562043771,-2.5887255087986247,0.0,4.0,0.0,1.0,0.9999296809334339,-0.01185888647222434
2018-04-03,58.87864864431248,1,1,57,0,0,0,0,0,0,0,0,0,0,0,0,0,0,0,0,0,63.01171952294794,55.11925457175726,53.15378731555288,53.58448380068157,70.79485218163758,33.24300760049925,50.10098794893605,41.39708910814262,57.094920470086045,56.08661000349151,54.36443154915661,3.349618181116832,7.892464951190682,-7.783132658689638,1.0,4.0,0.7818314824680298,0.6234898018587336,0.9995777314991241,-0.029057850764724318
2018-04-04,40.04557295172037,1,1,48,0,1,0,0,1,0,0,0,0,0,0,0,0,0,0,0,0,58.87864864431248,63.01171952294794,55.11925457175726,57.23454558073576,53.58448380068157,44.093060822593344,37.86133413213433,44.480805336271416,59.00320757967258,56.842919266867355,56.19554876657184,3.2965439053402563,-4.133070878635465,5.2941648436309094,2.0,4.0,0.9749279121818236,-0.22252093395631434,0.99892997878485,-0.046248216018556436
2018-04-05,22.904312848941263,1,1,42,0,1,0,0,1,0,0,0,0,0,0,0,0,0,0,0,0,40.04557295172037,58.87864864431248,63.01171952294794,57.707980080555885,57.23454558073576,53.81288345201417,31.141837788308376,17.80051670754739,53.97864703966028,54.38735174843657,55.90644249008091,6.717346428008105,-18.83307569259211,-17.188972629015396,3.0,4.0,0.43388373911755823,-0.900968867902419,0.9979866144789332,-0.06342489511916614
2018-04-06,31.62243986490192,2,5,44,1,0,1,0,1,1,0,0,0,0,0,0,0,0,0,0,0,22.904312848941263,40.04557295172037,58.87864864431248,52.79449915220924,57.707980080555885,56.2731809599793,44.25957326171222,16.322872593899753,40.60951148165805,49.41539928677735,53.69868744700428,12.66588324198501,-17.141260102779103,-34.803667231614625,4.0,4.0,-0.433883739117558,-0.9009688679024191,0.9967479177495133,-0.08058280500211881
2018-04-07,33.63786620176092,2,4,70,1,1,0,0,1,1,0,0,0,0,0,0,0,0,0,0,0,31.62243986490192,22.904312848941263,40.04557295172037,53.15378731555288,52.79449915220924,52.57080656647254,40.76666327877495,56.05900948381392,31.52410855518787,46.39081938859059,51.93792022592732,13.959669931942779,8.718127015960658,-21.17205928730732,5.0,4.0,-0.9749279121818236,-0.2225209339563146,0.9952142551619348,-0.09771686815732115
2018-04-08,39.772028263708606,1,1,79,0,0,0,0,0,0,0,0,0,0,0,0,0,0,0,0,0,33.63786620176092,31.62243986490192,22.904312848941263,55.11925457175726,53.15378731555288,57.707980080555885,46.4011810449864,45.24934074361333,29.38820630520139,43.60283065804888,50.58556734273363,14.275836747727984,2.015426336859001,-19.51592111379196,6.0,4.0,-0.7818314824680299,0.6234898018587334,0.9933860805702698,-0.11482201413160008
2018-04-09,43.25065658228884,1,1,78,0,0,0,0,0,0,0,0,0,0,0,0,0,0,0,0,0,39.772028263708606,33.63786620176092,31.62243986490192,63.01171952294794,55.11925457175726,70.79485218163758,37.23796890116047,34.82757698466018,35.01077811012383,41.41036975689907,49.304427927244554,13.496007015501279,6.134162061947684,-15.347226308048654,0.0,4.0,0.0,1.0,0.9912639349830097,-0.13189318102919323
2018-04-10,58.01014158647149,1,1,54,0,0,0,0,0,0,0,0,0,0,0,0,0,0,0,0,0,43.25065658228884,39.772028263708606,33.63786620176092,58.87864864431248,63.01171952294794,53.58448380068157,33.24300760049925,50.10098794893605,38.8868503492528,38.58736076537634,47.33698538443393,10.392154479346518,3.4786283185802347,-19.7610629406591,1.0,4.0,0.7818314824680298,0.6234898018587336,0.9888484464029655,-0.14892531700970596
2018-04-11,35.60322647958571,1,1,49,0,0,0,0,0,0,0,0,0,0,0,0,0,0,0,0,0,58.01014158647149,43.25065658228884,39.772028263708606,40.04557295172037,58.87864864431248,57.23454558073576,44.093060822593344,37.86133413213433,47.01094214415633,38.46328832854192,47.65310379770464,10.1515545347891,14.75948500418265,-0.8685070578409864,2.0,4.0,0.9749279121818236,-0.22252093395631434,0.9861403296414243,-0.16591338178309495
2018-04-12,29.87355110685065,1,1,42,0,0,0,0,0,0,0,0,0,0,0,0,0,0,0,0,0,35.60322647958571,58.01014158647149,43.25065658228884,22.904312848941263,40.04557295172037,57.707980080555885,53.81288345201417,31.141837788308376,45.621341549448694,37.82866740395125,46.108009576193915,10.1716380155466,-22.406915106885783,-4.442346472134659,3.0,4.0,0.43388373911755823,-0.900968867902419,0.983140386106616,-0.18285234810123144
2018-04-13,50.08429926259132,1,1,29,0,0,0,0,0,0,0,0,0,0,0,0,0,0,0,0,0,29.87355110685065,35.60322647958571,58.01014158647149,31.62243986490192,22.904312848941263,52.79449915220924,56.2731809599793,44.25957326171222,41.1623063909693,38.82427286936688,44.11983607807211,8.927041136365876,-5.729675372735059,6.969238257909385,4.0,4.0,-0.433883739117558,-0.9009688679024191,0.9798495035665545,-0.1997372032456062
2018-04-14,40.05268703930397,2,1,28,0,0,0,1,0,1,0,0,0,0,0,0,0,0,0,0,0,50.08429926259132,29.87355110685065,35.60322647958571,33.63786620176092,31.62243986490192,53.15378731555288,52.57080656647254,40.76666327877495,38.52035894967591,41.46168135475108,43.92625037167083,9.13450894194299,20.210748155740674,18.461859397689402,5.0,4.0,-0.9749279121818236,-0.2225209339563146,0.9762686558863216,-0.21656295051073468
2018-04-15,25.9570587263683,2,4,31,1,0,0,1,0,1,0,0,0,0,0,0,0,0,0,0,0,40.05268703930397,50.08429926259132,29.87355110685065,39.772028263708606,33.63786620176092,55.11925457175726,57.707980080555885,46.4011810449864,40.003512469582,42.37808433154294,42.99045749479591,8.610370788388586,-10.031612223287354,6.414820837543047,6.0,4.0,-0.7818314824680299,0.6234898018587334,0.9723989027398732,-0.23332461068282243
2018-04-16,16.73447337069597,2,1,36,0,0,0,0,0,1,0,0,0,0,0,0,0,0,0,0,0,25.9570587263683,40.05268703930397,50.08429926259132,43.25065658228884,39.772028263708606,63.01171952294794,70.79485218163758,37.23796890116047,38.69801500942121,40.40451725478004,40.90744350583956,10.38242457539578,-14.09562831293567,-13.814969537340307,0.0,4.0,0.0,1.0,0.9682413892964514,-0.25001722351325634
2018-04-17,24.243900873804456,1,1,55,0,0,0,0,0,0,0,0,0,0,0,0,0,0,0,0,0,16.73447337069597,25.9570587263683,40.05268703930397,58.01014158647149,43.25065658228884,58.87864864431248,53.58448380068157,33.24300760049925,27.581406378789428,36.616491081695344,37.60192592353584,13.127341439222649,-9.22258535567233,-26.51618321159287,1.0,4.0,0.7818314824680298,0.6234898018587336,0.9637973458816972,-0.2666358491864816
2018-04-18,23.87509160088948,1,1,60,0,0,0,0,0,0,0,0,0,0,0,0,0,0,0,0,0,24.243900873804456,16.73447337069597,25.9570587263683,35.60322647958571,58.01014158647149,40.04557295172037,57.23454558073576,44.093060822593344,22.31181099028959,31.792742408457197,35.128015368499554,10.273422718892842,7.509427503108487,-33.766240712667035,2.0,4.0,0.9749279121818236,-0.22252093395631434,0.9590680876135618,-0.2831755697818324
2018-04-19,44.69968387803267,1,1,58,0,0,0,0,0,0,0,0,0,0,0,0,0,0,0,0,0,23.87509160088948,24.243900873804456,16.73447337069597,29.87355110685065,35.60322647958571,22.904312848941263,57.707980080555885,53.81288345201417,21.617821948463316,30.117294568643448,33.97298098629735,10.469834408119782,-0.36880927291497656,-11.728134878696228,3.0,4.0,0.43388373911755823,-0.900968867902419,0.9540550140131263,-0.2996314907288842
2018-04-20,52.38519841902117,2,5,53,1,0,0,0,0,1,0,0,0,0,0,0,0,0,0,0,0,44.69968387803267,23.87509160088948,24.243900873804456,50.08429926259132,29.87355110685065,31.62243986490192,52.79449915220924,56.2731809599793,30.93955878424222,32.23531353595517,35.529793202661025,11.640487621157948,20.824592277143193,14.826132771182024,4.0,4.0,-0.433883739117558,-0.9009688679024191,0.948759608590444,-0.3159987422558949
2018-04-21,45.98695928944328,1,1,49,0,0,0,1,0,0,0,0,0,0,0,0,0,0,0,0,0,52.38519841902117,44.69968387803267,23.87509160088948,40.05268703930397,50.08429926259132,33.63786620176092,53.15378731555288,52.57080656647254,40.31999129931446,32.564013415445146,37.01284738509811,12.1607208930112,7.6855145409885,2.3008991564298498,5.0,4.0,-0.9749279121818236,-0.2225209339563146,0.9431834384055279,-0.3322724808309075
2018-04-22,57.091675447975845,2,1,47,0,0,0,1,0,1,0,0,0,0,0,0,0,0,0,0,0,45.98695928944328,52.38519841902117,44.69968387803267,25.9570587263683,40.05268703930397,39.772028263708606,55.11925457175726,57.707980080555885,47.69061386216572,33.41176659403648,37.89492546278971,12.841041199400774,-6.398239129577895,5.934272250139308,6.0,4.0,-0.7818314824680299,0.6234898018587334,0.937328153604613,-0.3484478905950889
2018-04-23,40.08601092280368,2,1,34,0,0,0,0,0,1,0,0,0,0,0,0,0,0,0,0,0,57.091675447975845,45.98695928944328,52.38519841902117,16.73447337069597,25.9570587263683,43.25065658228884,63.01171952294794,70.79485218163758,51.82127771881344,37.85956898283756,39.132043118808795,14.740280889467416,11.104716158532568,31.134616721607546,0.0,4.0,0.0,1.0,0.9311954869318319,-0.3645201847878779
2018-04-24,36.66445577246167,2,1,39,0,0,0,0,0,1,0,0,0,0,0,0,0,0,0,0,0,40.08601092280368,57.091675447975845,45.98695928944328,24.243900873804456,16.73447337069597,58.01014158647149,58.87864864431248,53.58448380068157,47.721548553407615,41.19550291885294,38.90599700027415,11.962556806340665,-17.005664525172165,23.35153755210771,1.0,4.0,0.7818314824680298,0.6234898018587336,0.9247872532164463,-0.380484607163523
2018-04-25,30.40186570968048,1,1,47,0,0,0,0,0,0,0,0,0,0,0,0,0,0,0,0,0,36.66445577246167,40.08601092280368,57.091675447975845,23.87509160088948,24.243900873804456,35.60322647958571,40.04557295172037,57.23454558073576,44.61404738108041,42.969867904375405,37.3813051564163,10.091398997241475,-3.4215551503420087,12.420554898657215,2.0,4.0,0.9749279121818236,-0.22252093395631434,0.9181053488357886,-0.39633643339858987
2018-04-26,43.66236433746465,2,1,57,0,0,0,0,0,1,0,0,0,0,0,0,0,0,0,0,0,30.40186570968048,36.66445577246167,40.08601092280368,44.69968387803267,23.87509160088948,29.87355110685065,22.904312848941263,57.707980080555885,35.71744413498195,43.902264205631255,37.00977938713736,8.452497459315996,-6.262590062781193,6.526774108790999,3.0,4.0,0.43388373911755823,-0.900968867902419,0.9111517511540698,-0.4120709724900216
2018-04-27,68.54407257343175,2,1,66,0,0,0,0,0,1,0,0,0,0,0,0,0,0,0,0,0,43.66236433746465,30.40186570968048,36.66445577246167,52.38519841902117,44.69968387803267,50.08429926259132,31.62243986490192,52.79449915220924,36.90956193986895,43.75407569983583,37.9946946178955,8.446308983203998,13.260498627784173,-1.0373195405680207,4.0,4.0,-0.433883739117558,-0.9009688679024191,0.9039285179372211,-0.42768356814333996
2018-04-28,77.57639620676949,1,1,56,0,1,0,0,1,0,0,0,0,0,0,0,0,0,0,0,0,68.54407257343175,43.66236433746465,30.40186570968048,45.98695928944328,52.38519841902117,40.05268703930397,33.63786620176092,53.15378731555288,47.53610087352564,46.062486293323055,39.3132498543841,11.964992372994157,24.881708235967096,16.158874154410576,5.0,4.0,-0.9749279121818236,-0.2225209339563146,0.896437786743944,-0.44316960015057344
2018-04-29,64.28974127073617,1,1,49,0,1,0,0,1,0,0,0,0,0,0,0,0,0,0,0,0,77.57639620676949,68.54407257343175,43.66236433746465,57.091675447975845,45.98695928944328,25.9570587263683,39.772028263708606,55.11925457175726,63.26094437255531,50.57526299579822,41.99351479491735,16.26869050898664,9.03232363333774,31.58943691732621,6.0,4.0,-0.7818314824680299,0.6234898018587334,0.8886817742931451,-0.4585244857575084
2018-04-30,58.42206329840647,1,1,45,0,0,1,0,1,0,0,0,0,0,0,0,0,0,0,0,0,64.28974127073617,77.57639620676949,68.54407257343175,40.08601092280368,57.091675447975845,16.73447337069597,43.25065658228884,63.01171952294794,70.13673668364582,51.60355811333541,44.73156354808648,16.864644265046405,-13.286654936033315,7.198065822760327,0.0,4.0,0.0,1.0,0.8806627758079475,-0.47374368101985365
2018-05-01,61.15125191797728,1,1,31,0,1,0,0,1,0,0,0,0,0,0,0,0,0,0,0,0,58.42206329840647,64.28974127073617,77.57639620676949,36.66445577246167,40.08601092280368,24.243900873804456,58.01014158647149,58.87864864431248,66.76273359197073,54.22299416699296,47.70924854292294,16.286372858945814,-5.867677972329702,18.33605237560279,1.0,5.0,0.7818314824680298,0.6234898018587336,0.8723831643364682,-0.48882268214792435
2018-05-02,40.22893454475337,1,1,34,0,0,0,0,0,0,0,0,0,0,0,0,0,0,0,0,0,61.15125191797728,58.42206329840647,64.28974127073617,30.40186570968048,36.66445577246167,23.87509160088948,35.60322647958571,40.04557295172037,61.287685495706654,57.72110790206661,50.345487903221006,14.690922723580597,2.729188619570806,24.486796145515605,2.0,5.0,0.9749279121818236,-0.22252093395631434,0.8638453900495676,-0.5037570268394381
2018-05-03,61.71759747142552,2,1,50,0,0,0,0,0,1,0,0,0,0,0,0,0,0,0,0,0,40.22893454475337,61.15125191797728,58.42206329840647,43.66236433746465,30.40186570968048,44.69968387803267,29.87355110685065,22.904312848941263,53.267416587045716,59.1249748785056,51.51361954206842,12.28589034319343,-20.922317373223905,9.827068835072893,3.0,5.0,0.43388373911755823,-0.900968867902419,0.8550519795157738,-0.5185422956000375
2018-05-04,74.10958903984586,2,4,40,1,0,0,0,0,1,0,0,0,0,0,0,0,0,0,0,0,61.71759747142552,40.22893454475337,61.15125191797728,68.54407257343175,43.66236433746465,52.38519841902117,50.08429926259132,31.62243986490192,54.36592797805207,61.70429389764286,52.72918479873935,10.540133311862544,21.48866292667215,18.05523313396087,4.0,5.0,-0.433883739117558,-0.9009688679024191,0.8460055349535992,-0.5331741130511443
2018-05-05,50.44626189387165,2,4,41,1,0,0,1,0,1,0,0,0,0,0,0,0,0,0,0,0,74.10958903984586,61.71759747142552,40.22893454475337,77.57639620676949,68.54407257343175,45.98695928944328,40.05268703930397,33.63786620176092,58.685373685341595,62.49936767855917,54.28092698594111,11.214433624540211,12.391991568420337,5.56551646641411,5.0,5.0,-0.9749279121818236,-0.2225209339563146,0.8367087334614722,-0.5476481492247545
2018-05-06,58.16510031835984,2,1,32,0,0,0,1,0,1,0,0,0,0,0,0,0,0,0,0,0,50.44626189387165,74.10958903984586,61.71759747142552,64.28974127073617,77.57639620676949,57.091675447975845,25.9570587263683,39.772028263708606,62.091149468381026,58.62363420528805,54.59944860054314,9.950994571686113,-23.663327145974208,-27.130134312897837,6.0,5.0,-0.7818314824680299,0.6234898018587334,0.8271643262255062,-0.561960120844802
2018-05-07,58.92176108333249,2,1,23,0,0,0,0,0,1,0,0,0,0,0,0,0,0,0,0,0,58.16510031835984,50.44626189387165,74.10958903984586,58.42206329840647,64.28974127073617,40.08601092280368,16.73447337069597,43.25065658228884,60.90698375069246,57.74868549780571,54.67612180557056,9.679896606025077,7.71883842448819,-6.124640952376332,0.0,5.0,0.0,1.0,0.8173751377053472,-0.5761057925946976
2018-05-08,66.0361695176099,2,1,32,0,0,0,0,0,1,0,0,0,0,0,0,0,0,0,0,0,58.92176108333249,58.16510031835984,50.44626189387165,61.15125191797728,58.42206329840647,36.66445577246167,24.243900873804456,58.01014158647149,55.844374431854675,57.820070895652286,56.02153253132262,9.68643960585539,0.7566607649726507,0.49969778492602046,1.0,5.0,0.7818314824680298,0.6234898018587336,0.8073440647983365,-0.5900809783706804
2018-05-09,65.1106427822433,2,4,36,1,0,0,0,0,1,0,0,0,0,0,0,0,0,0,0,0,66.0361695176099,58.92176108333249,58.16510031835984,40.22893454475337,61.15125191797728,30.40186570968048,23.87509160088948,35.60322647958571,61.04101030643409,58.517916267028376,58.11951208454749,10.069674261230148,7.114408434277415,4.8849175996326295,2.0,5.0,0.9749279121818236,-0.22252093395631434,0.7970740759822359,-0.6038815425206047
2018-05-10,60.38988408740877,2,4,45,1,0,0,0,0,1,0,0,0,0,0,0,0,0,0,0,0,65.1106427822433,66.0361695176099,58.92176108333249,61.71759747142552,40.22893454475337,43.66236433746465,44.69968387803267,29.87355110685065,63.356191127728586,62.07244601524122,60.598710446873405,6.869422895714498,-0.9255267353666028,24.88170823748993,3.0,5.0,0.43388373911755823,-0.900968867902419,0.7865682104367726,-0.6175034010677942
2018-05-11,62.96202788824227,1,1,47,0,0,0,0,0,0,0,0,0,0,0,0,0,0,0,0,0,60.38988408740877,65.1106427822433,66.0361695176099,74.10958903984586,61.71759747142552,68.54407257343175,52.38519841902117,50.08429926259132,63.845565462420666,61.88277267466741,61.79353328615513,6.894884871723364,-4.720758694834537,-1.3277133840167537,4.0,5.0,-0.433883739117558,-0.9009688679024191,0.7758295771442586,-0.6309425229196086
2018-05-12,67.39726027431614,1,1,41,0,0,0,1,0,0,0,0,0,0,0,0,0,0,0,0,0,62.96202788824227,60.38988408740877,65.1106427822433,50.44626189387165,74.10958903984586,77.57639620676949,45.98695928944328,40.05268703930397,62.820851585964796,60.29026393872403,61.3948158086416,4.879889147307677,2.5721438008335014,-11.14756115160359,5.0,5.0,-0.9749279121818236,-0.2225209339563146,0.7648613539695567,-0.6441949310603557
2018-05-13,75.48009392622102,1,1,35,0,0,0,1,0,0,0,0,0,0,0,0,0,0,0,0,0,67.39726027431614,62.96202788824227,60.38988408740877,58.16510031835984,50.44626189387165,64.28974127073617,57.091675447975845,25.9570587263683,63.58305741665574,62.71183513593038,60.667734670609214,3.36473726087757,4.435232386073871,16.95099838044449,6.0,5.0,-0.7818314824680299,0.6234898018587334,0.7536667867196597,-0.6572567037282031
2018-05-14,65.53887875467164,1,1,31,0,0,0,0,0,0,0,0,0,0,0,0,0,0,0,0,0,75.48009392622102,67.39726027431614,62.96202788824227,58.92176108333249,58.16510031835984,58.42206329840647,40.08601092280368,16.73447337069597,68.61312736292649,65.18540565133914,61.46704557457242,5.053654621230566,8.082833651904878,17.314993607861176,0.0,5.0,0.0,1.0,0.7422491881831634,-0.6701239755757398
2018-05-15,64.07321626177286,1,1,24,0,0,0,0,0,0,0,0,0,0,0,0,0,0,0,0,0,65.53887875467164,75.48009392622102,67.39726027431614,66.0361695176099,58.92176108333249,61.15125191797728,36.66445577246167,24.243900873804456,69.47207765173629,66.13070817581615,61.97538953573422,4.365653234311441,-9.941215171549374,6.617117671339152,1.0,5.0,0.7818314824680298,0.6234898018587336,0.7306119371499218,-0.682792938813839
2018-05-16,67.9873551109801,1,1,26,0,0,0,0,0,0,0,0,0,0,0,0,0,0,0,0,0,64.07321626177286,65.53887875467164,75.48009392622102,65.1106427822433,66.0361695176099,40.22893454475337,30.40186570968048,23.87509160088948,68.36406298088853,65.85028628212514,62.184101274576754,4.425355150961768,-1.4656624928987867,-1.96295325583705,2.0,5.0,0.9749279121818236,-0.22252093395631434,0.7187584774111637,-0.695259844338493
2018-05-17,62.14342642186613,1,1,26,0,0,0,0,0,0,0,0,0,0,0,0,0,0,0,0,0,67.9873551109801,64.07321626177286,65.53887875467164,60.38988408740877,65.1106427822433,61.71759747142552,43.66236433746465,44.69968387803267,65.86648337580822,66.2612451862304,64.16684560073581,4.470924442779612,3.914138849207248,2.876712328736801,3.0,5.0,0.43388373911755823,-0.900968867902419,0.7066923167403818,-0.7075210028402775
2018-05-18,38.57520339322571,1,1,30,0,0,0,0,0,0,0,0,0,0,0,0,0,0,0,0,0,62.14342642186613,67.9873551109801,64.07321626177286,62.96202788824227,60.38988408740877,74.10958903984586,68.54407257343175,52.38519841902117,64.73466593153971,66.51175123401002,64.19726195433871,4.174213952947731,-5.843928689113973,1.7535423344573644,4.0,5.0,-0.433883739117558,-0.9009688679024191,0.6944170258552806,-0.7195727858961222
2018-05-19,76.67932581869161,1,1,31,0,0,0,1,0,0,0,0,0,0,0,0,0,0,0,0,0,38.57520339322571,62.14342642186613,67.9873551109801,67.39726027431614,62.96202788824227,50.44626189387165,77.57639620676949,45.98695928944328,56.23532830869067,63.02791916329337,61.65909155100871,10.72286610822971,-23.568223028640418,-24.386824495016555,5.0,5.0,-0.9749279121818236,-0.2225209339563146,0.6819362373611009,-0.7314116270430655
2018-05-20,68.22051531557554,1,1,28,0,0,0,1,0,0,0,0,0,0,0,0,0,0,0,0,0,76.67932581869161,38.57520339322571,62.14342642186613,75.48009392622102,67.39726027431614,58.16510031835984,64.28974127073617,57.091675447975845,59.132651877927835,64.35392852677558,63.53288183135299,11.709706956973953,38.104122425465896,9.28206554437547,6.0,5.0,-0.7818314824680299,0.6234898018587334,0.6692536446756302,-0.743034022833669
2018-05-21,66.35978026465591,1,1,29,0,0,0,0,0,0,0,0,0,0,0,0,0,0,0,0,0,68.22051531557554,76.67932581869161,38.57520339322571,65.53887875467164,75.48009392622102,58.92176108333249,58.42206329840647,40.08601092280368,61.15834817583097,63.31684586811194,64.25112575972554,10.976929136932275,-8.45881050311607,-7.259578610645477,0.0,5.0,0.0,1.0,0.6563730009362144,-0.7544365338727892
2018-05-22,54.222344652771625,1,1,28,0,0,0,0,0,0,0,0,0,0,0,0,0,0,0,0,0,66.35978026465591,68.22051531557554,76.67932581869161,64.07321626177286,65.53887875467164,66.0361695176099,61.15125191797728,36.66445577246167,70.41987379964104,63.43411751239541,64.78241284410578,11.004392396178357,-1.8607350509196294,0.8209015099842674,1.0,5.0,0.7818314824680298,0.6234898018587336,0.6432981178891005,-0.7656157858353895
2018-05-23,69.3553994846549,1,1,46,0,0,0,0,0,0,0,0,0,0,0,0,0,0,0,0,0,54.222344652771625,66.35978026465591,68.22051531557554,67.9873551109801,64.07321626177286,65.1106427822433,40.22893454475337,30.40186570968048,62.93421341100103,62.02685013968095,63.93856821090304,11.453396663131207,-12.137435611884285,-9.850871609001231,2.0,5.0,0.9749279121818236,-0.22252093395631434,0.630032864761432,-0.7765684704650989
2018-05-24,26.597219622066493,1,1,35,0,0,0,0,0,0,0,0,0,0,0,0,0,0,0,0,0,69.3553994846549,54.222344652771625,66.35978026465591,62.14342642186613,67.9873551109801,60.38988408740877,61.71759747142552,43.66236433746465,63.312508134027496,62.22228505020592,64.24176511821817,11.564568537564877,15.133054831883271,1.3680443736747918,3.0,5.0,0.43388373911755823,-0.900968867902419,0.6165811671162346,-0.7872913465532199
2018-05-25,48.18093317535983,1,1,21,0,0,0,0,0,0,0,0,0,0,0,0,0,0,0,0,0,26.597219622066493,69.3553994846549,54.222344652771625,38.57520339322571,62.14342642186613,62.96202788824227,74.10958903984586,68.54407257343175,50.05832125316436,57.1442555073774,61.82800337069371,17.007599553608486,-42.758179862588406,-35.546206799799634,4.0,5.0,-0.433883739117558,-0.9009688679024191,0.6029470056907332,-0.797781240897891
2018-05-26,59.87114408334007,1,1,24,0,0,0,1,0,0,0,0,0,0,0,0,0,0,0,0,0,48.18093317535983,26.597219622066493,69.3553994846549,76.67932581869161,38.57520339322571,67.39726027431614,50.44626189387165,77.57639620676949,48.044517427360425,58.516502619110845,60.77221089120211,15.7985492728707,21.58371355329334,9.60572978213412,5.0,5.0,-0.9749279121818236,-0.2225209339563146,0.5891344152183375,-0.80803504924313
2018-05-27,58.02233716397953,1,1,29,0,0,0,1,0,0,0,0,0,0,0,0,0,0,0,0,0,59.87114408334007,48.18093317535983,26.597219622066493,68.22051531557554,76.67932581869161,75.48009392622102,58.16510031835984,64.28974127073617,44.883098960255474,56.115333799774916,60.234631163275246,14.034379923785046,11.690210907980237,-16.80818173535154,6.0,5.0,-0.7818314824680299,0.6234898018587334,0.5751474832346518,-0.8180497371974677
2018-05-28,53.96297465073727,1,1,69,0,0,0,0,0,0,0,0,0,0,0,0,0,0,0,0,0,58.02233716397953,59.87114408334007,48.18093317535983,66.35978026465591,68.22051531557554,65.53887875467164,58.92176108333249,58.42206329840647,55.35813814089315,54.65845120668977,58.98764853740086,13.20708918393208,-1.8488069193605412,-10.19817815159601,0.0,5.0,0.0,1.0,0.5609903488678573,-0.8278223411319121
2018-05-29,53.16587591468134,1,1,45,0,0,0,0,0,0,0,0,0,0,0,0,0,0,0,0,0,53.96297465073727,58.02233716397953,59.87114408334007,54.222344652771625,66.35978026465591,64.07321626177286,66.0361695176099,61.15125191797728,57.2854852993523,52.88747897612996,58.160798244262686,12.320706266940155,-4.059362513242256,-12.396805613918637,1.0,5.0,0.7818314824680298,0.6234898018587336,0.546667201613826,-0.83734996905697
2018-05-30,60.18523372081474,1,1,32,0,0,0,0,0,0,0,0,0,0,0,0,0,0,0,0,0,53.16587591468134,53.96297465073727,58.02233716397953,69.3553994846549,54.222344652771625,67.9873551109801,65.1106427822433,40.22893454475337,55.05039590979939,52.736554870688494,57.38170250518472,12.309896206450116,-0.7970987360559363,-1.0564687380902882,2.0,5.0,0.9749279121818236,-0.22252093395631434,0.5321822800963331,-0.8466298014784668
2018-05-31,67.32349841973316,2,1,27,0,0,0,0,0,1,0,0,0,0,0,0,0,0,0,0,0,60.18523372081474,53.16587591468134,53.96297465073727,26.597219622066493,69.3553994846549,62.14342642186613,60.38988408740877,61.71759747142552,55.77136142874446,51.4265311901399,56.824408120172905,10.876045094603853,7.0193578061334065,-9.170165763840153,3.0,5.0,0.43388373911755823,-0.900968867902419,0.5175398708127256,-0.8556590922319165
2018-06-01,68.2086406747291,2,1,35,0,0,0,0,0,1,0,0,0,0,0,0,0,0,0,0,0,67.32349841973316,60.18523372081474,53.16587591468134,48.18093317535983,26.597219622066493,38.57520339322571,62.96202788824227,74.10958903984586,60.22486935174309,57.24457101837799,57.19441326287769,5.698248356826627,7.138264698918412,40.726278797666666,4.0,6.0,-0.433883739117558,-0.9009688679024191,0.5027443068654295,-0.8644351692951872
2018-06-11,62.16016859892351,2,1,37,0,0,0,0,0,1,0,0,0,0,0,0,0,0,0,0,0,68.2086406747291,67.32349841973316,60.18523372081474,59.87114408334007,48.18093317535983,76.67932581869161,67.39726027431614,50.44626189387165,65.23912427175901,60.10567208971646,59.311087354413644,5.451739400667999,0.8851422549959409,20.027707499369264,0.0,6.0,0.0,1.0,0.34734915996449583,-0.9377358695666702
2018-06-12,67.39726027431614,1,1,42,0,0,0,0,0,0,0,0,0,0,0,0,0,0,0,0,0,62.16016859892351,68.2086406747291,67.32349841973316,58.02233716397953,59.87114408334007,68.22051531557554,75.48009392622102,58.16510031835984,65.89743589779528,60.43267559194266,58.27400469585878,5.496332165789718,-6.048472075805584,2.289024515583442,1.0,6.0,0.7818314824680298,0.6234898018587336,0.331166899272155,-0.943572193754387
2018-06-13,69.75763962097199,2,5,35,1,0,0,0,0,1,0,0,0,0,0,0,0,0,0,0,0,67.39726027431614,62.16016859892351,68.2086406747291,53.96297465073727,58.02233716397953,66.35978026465591,65.53887875467164,58.92176108333249,65.92202318265626,61.77195032199075,58.21520076434025,5.874980629508259,5.237091675392627,9.37492311033661,2.0,6.0,0.9749279121818236,-0.22252093395631434,0.3148866369417895,-0.9491292882824182
2018-06-14,63.47836087032322,2,1,24,0,0,0,0,0,1,0,0,0,0,0,0,0,0,0,0,0,69.75763962097199,67.39726027431614,62.16016859892351,53.16587591468134,53.96297465073727,54.222344652771625,64.07321626177286,66.0361695176099,66.43835616473723,64.02833103202428,58.45790500407712,5.461032568048905,2.360379346655847,15.794664970234713,3.0,6.0,0.43388373911755823,-0.900968867902419,0.2985131907627956,-0.9544055086495544
2018-06-15,70.34773445763595,2,1,19,0,0,0,0,0,1,0,0,0,0,0,0,0,0,0,0,0,63.47836087032322,69.75763962097199,67.39726027431614,60.18523372081474,53.16587591468134,69.3553994846549,67.9873551109801,65.1106427822433,66.87775358853713,65.50154316854454,59.11904901961652,3.2923546713381135,-6.279278750648764,10.312484955641885,4.0,6.0,-0.433883739117558,-0.9009688679024191,0.28205140610030166,-0.959399293473183
2018-06-16,59.11678336197559,2,1,20,0,0,0,1,0,1,0,0,0,0,0,0,0,0,0,0,0,70.34773445763595,63.47836087032322,69.75763962097199,67.32349841973316,60.18523372081474,26.597219622066493,62.14342642186613,60.38988408740877,67.86124498297706,66.95332898809043,59.18993008911516,2.8371475710341776,6.8693735873127295,10.162500736821208,5.0,6.0,-0.9749279121818236,-0.2225209339563146,0.2655061544612901,-0.9641091649513439
2018-06-17,54.80762544546012,2,4,21,1,1,0,0,1,1,0,0,0,0,0,0,0,0,0,0,0,59.11678336197559,70.34773445763595,63.47836087032322,68.2086406747291,67.32349841973316,48.18093317535983,38.57520339322571,62.96202788824227,64.31429289664493,65.7809411226965,61.51275607053725,3.9279004419368206,-11.230951095660359,-8.206715057757563,6.0,6.0,-0.7818314824680299,0.6234898018587334,0.24888233205297766,-0.9685337293000545
2018-06-18,41.74455611830678,2,1,29,0,1,0,0,1,1,0,0,0,0,0,0,0,0,0,0,0,54.80762544546012,59.11678336197559,70.34773445763595,62.16016859892351,68.2086406747291,59.87114408334007,76.67932581869161,67.39726027431614,61.4240477550239,63.86651037565807,61.986091232687265,5.303145015840968,-4.309157916515474,-13.401015229268978,0.0,6.0,0.0,1.0,0.23218485833388977,-0.9726716771657699
2018-06-19,59.873551106850655,1,1,43,0,0,0,0,0,0,0,0,0,0,0,0,0,0,0,0,0,41.74455611830678,54.80762544546012,59.11678336197559,67.39726027431614,62.16016859892351,58.02233716397953,68.22051531557554,75.48009392622102,51.88965497524751,60.94999430699853,60.69133494947061,9.439962359696004,-13.063069327153336,-20.41561248061673,1.0,6.0,0.7818314824680298,0.6234898018587336,0.21541867455805647,-0.9765217840128556
2018-06-20,60.75869336184658,2,1,70,0,0,0,0,0,1,0,0,0,0,0,0,0,0,0,0,0,59.873551106850655,41.74455611830678,54.80762544546012,69.75763962097199,67.39726027431614,53.96297465073727,66.35978026465591,65.53887875467164,52.14191089020586,59.875178711646335,60.823564516818536,9.065595221409255,18.128994988543873,-7.5237091674654835,2.0,6.0,0.9749279121818236,-0.22252093395631434,0.19858874231275225,-0.9800829104859646
2018-06-21,61.79135932600852,2,1,51,0,0,0,0,0,1,0,0,0,0,0,0,0,0,0,0,0,60.75869336184658,59.873551106850655,41.74455611830678,63.47836087032322,69.75763962097199,53.16587591468134,54.222344652771625,64.07321626177286,54.12560019566802,58.5896149603427,61.30897299618349,8.166516676835062,0.8851422549959267,-8.998946259125404,3.0,6.0,0.43388373911755823,-0.900968867902419,0.18170004205022589,-0.983354002747203
2018-06-22,60.37084186826609,2,1,39,0,0,0,0,0,1,0,0,0,0,0,0,0,0,0,0,0,61.79135932600852,60.75869336184658,59.873551106850655,70.34773445763595,63.47836087032322,60.18523372081474,69.3553994846549,67.9873551109801,60.8078679315686,58.348614739726315,61.92507895413543,8.042642823435749,1.0326659641619358,-1.687001544314704,4.0,6.0,-0.433883739117558,-0.9009688679024191,0.16475757161384025,-0.9863340927879916
2018-06-23,59.24285783001116,2,1,43,0,0,0,1,0,1,0,0,0,0,0,0,0,0,0,0,0,60.37084186826609,61.79135932600852,60.75869336184658,59.11678336197559,70.34773445763595,67.32349841973316,26.597219622066493,62.14342642186613,60.973631518707066,56.92334436981634,61.938336678953384,6.532112809156328,-1.4205174577424273,-9.97689258936986,5.0,6.0,-0.9749279121818236,-0.2225209339563146,0.14776634475907305,-0.9890222987155258
2018-06-24,53.8628960218586,2,1,39,0,0,0,1,0,1,0,0,0,0,0,0,0,0,0,0,0,59.24285783001116,60.37084186826609,61.79135932600852,54.80762544546012,59.11678336197559,68.2086406747291,48.18093317535983,38.57520339322571,60.46835300809526,56.941355008107124,61.36114806540182,6.538306701485901,-1.1279840382549295,0.12607446803556854,6.0,6.0,-0.7818314824680299,0.6234898018587334,0.13073138966980175,-0.991417825013754
2018-06-25,55.30015565361273,1,1,44,0,0,0,0,0,0,0,0,0,0,0,0,0,0,0,0,0,53.8628960218586,59.24285783001116,60.37084186826609,41.74455611830678,54.80762544546012,62.16016859892351,59.87114408334007,76.67932581869161,57.825531906711966,56.806393661878346,60.336452018768206,6.590499521362305,-5.379961808152558,-0.9447294236015154,0.0,6.0,0.0,1.0,0.11365774747032338,-0.993519962778792
2018-06-26,47.89305333380125,2,1,49,0,0,0,0,0,1,0,0,0,0,0,0,0,0,0,0,0,55.30015565361273,53.8628960218586,59.24285783001116,59.873551106850655,41.74455611830678,67.39726027431614,58.02233716397953,68.22051531557554,56.135303168494175,58.74290788120776,59.84645109410315,2.7568610277550873,1.4372596317541237,13.555599535305944,1.0,6.0,0.7818314824680298,0.6234898018587336,0.09655047073354384,-0.9953280899287085
2018-06-27,35.4819125663358,1,1,51,0,0,0,0,0,0,0,0,0,0,0,0,0,0,0,0,0,47.89305333380125,55.30015565361273,53.8628960218586,60.75869336184658,59.873551106850655,69.75763962097199,53.96297465073727,66.35978026465591,52.35203500309087,57.03140819934356,58.45329345549494,4.615785810726386,-7.407102319811479,-11.980497773049407,2.0,6.0,0.9749279121818236,-0.22252093395631434,0.07941462198577987,-0.9968416713876159
2018-06-28,36.074414424987495,2,1,36,0,0,0,0,0,1,0,0,0,0,0,0,0,0,0,0,0,35.4819125663358,47.89305333380125,55.30015565361273,61.79135932600852,60.75869336184658,63.47836087032322,53.16587591468134,54.222344652771625,46.225040517916604,53.42043951427059,56.00502723730665,8.521844149812752,-12.411140767465447,-25.27678079551078,3.0,6.0,0.43388373911755823,-0.900968867902419,0.06225527220861048,-0.9980602592440156
2018-06-29,57.81281926422023,2,1,42,0,0,0,0,0,1,0,0,0,0,0,0,0,0,0,0,0,36.074414424987495,35.4819125663358,47.89305333380125,60.37084186826609,61.79135932600852,70.34773445763595,60.18523372081474,69.3553994846549,39.816460108374855,49.746590242696165,54.047602491211244,9.596762122177626,0.5925018586516941,-25.716944901021023,4.0,6.0,-0.433883739117558,-0.9009688679024191,0.045077499338235225,-0.9989834928833466
2018-06-30,69.82418040806894,2,1,41,0,0,0,1,0,1,0,0,0,0,0,0,0,0,0,0,0,57.81281926422023,36.074414424987495,35.4819125663358,59.24285783001116,60.37084186826609,59.11678336197559,67.32349841973316,26.597219622066493,43.12304875184785,49.38115844211818,53.15225140596726,9.226819973980966,21.738404839232736,-2.55802260404586,5.0,6.0,-0.9749279121818236,-0.2225209339563146,0.027886386762765406,-0.9996110990947017
2018-07-01,54.414959909427,2,1,37,0,0,0,1,0,1,0,0,0,0,0,0,0,0,0,0,0,69.82418040806894,57.81281926422023,36.074414424987495,53.8628960218586,59.24285783001116,54.80762544546012,68.2086406747291,48.18093317535983,54.5704713657589,50.89277595326929,53.91706548068821,11.342767158028968,12.01136114384871,10.58132257805778,6.0,7.0,-0.7818314824680299,0.6234898018587334,0.010687021817909606,-0.9999428921516786
2018-07-02,61.91491979215393,2,1,33,0,0,0,0,0,1,0,0,0,0,0,0,0,0,0,0,0,54.414959909427,69.82418040806894,57.81281926422023,55.30015565361273,53.8628960218586,41.74455611830678,62.16016859892351,59.87114408334007,60.68398652723872,50.971642222921915,53.88901794240013,11.36504160628786,-15.409220498641943,0.5520638875683943,0.0,7.0,0.0,1.0,-0.006515505718515781,-0.9999787738673417
2018-07-18,1.2182741116132856,2,5,33,1,0,0,0,0,1,0,0,0,0,0,0,0,0,0,0,0,61.91491979215393,54.414959909427,69.82418040806894,47.89305333380125,55.30015565361273,59.873551106850655,67.39726027431614,58.02233716397953,62.051353369883294,51.91660852842781,55.32975820481778,11.945816728619596,7.499959882726934,6.614764138541204,2.0,7.0,0.9749279121818236,-0.22252093395631434,-0.2780466629094963,-0.9605675682870481
2018-07-19,0.6091370558066427,2,4,33,1,0,0,0,0,1,0,0,0,0,0,0,0,0,0,0,0,1.2182741116132856,61.91491979215393,54.414959909427,35.4819125663358,47.89305333380125,60.75869336184658,69.75763962097199,53.96297465073727,39.18271793773142,45.24878292525809,51.14009556230083,21.52019181244619,-60.69664568054065,-46.674779222187965,3.0,7.0,0.43388373911755823,-0.900968867902419,-0.2945291367102338,-0.9556424999071171
2018-07-20,10.743074463128622,1,1,31,0,0,0,0,0,0,0,0,0,0,0,0,0,0,0,0,0,0.6091370558066427,1.2182741116132856,61.91491979215393,36.074414424987495,35.4819125663358,61.79135932600852,63.47836087032322,53.16587591468134,21.247443653191297,40.266957852325355,46.84369868329798,26.633509368173947,-0.6091370558066429,-34.87277551052916,4.0,7.0,-0.433883739117558,-0.9009688679024191,-0.3109244510215808,-0.9504346299230308
2018-07-21,0.4568527918549821,1,1,42,0,0,0,1,0,0,0,0,0,0,0,0,0,0,0,0,0,10.743074463128622,0.6091370558066427,1.2182741116132856,57.81281926422023,36.074414424987495,60.37084186826609,70.34773445763595,60.18523372081474,4.190161876849526,36.64819500063123,43.197392621663695,28.605246538761858,10.133937407321978,-25.331339961858873,5.0,7.0,-0.9749279121818236,-0.2225209339563146,-0.3272277540070095,-0.9449454994905939
2018-07-22,10.547945206105936,2,1,37,0,0,0,1,0,1,0,0,0,0,0,0,0,0,0,0,0,0.4568527918549821,10.743074463128622,0.6091370558066427,69.82418040806894,57.81281926422023,59.24285783001116,59.11678336197559,67.32349841973316,3.9363547702634256,28.454485504579058,38.917821973348616,29.56768194768793,-10.286221671273639,-57.355966472365246,6.0,7.0,-0.7818314824680299,0.6234898018587334,-0.343434221058743,-0.9391767329985206
2018-07-23,65.2581664914093,2,1,37,0,0,0,0,0,1,0,0,0,0,0,0,0,0,0,0,0,10.547945206105936,0.4568527918549821,10.743074463128622,54.414959909427,69.82418040806894,53.8628960218586,54.80762544546012,68.2086406747291,7.24929082036319,19.98645190429863,35.43961392878396,24.57342957627804,10.091092414250953,-59.276235201963004,0.0,7.0,0.0,1.0,-0.3595390562254921,-0.9331300375877322
2018-07-24,54.99574759327879,2,1,40,0,0,0,0,0,1,0,0,0,0,0,0,0,0,0,0,0,65.2581664914093,10.547945206105936,0.4568527918549821,61.91491979215393,54.414959909427,55.30015565361273,41.74455611830678,62.16016859892351,25.420988163123415,21.535481416010384,36.25356181946615,26.924188856816407,54.71022128530336,10.843206581982301,1.0,7.0,0.7818314824680298,0.6234898018587336,-0.3755374936317112,-0.9268072026461666
2018-07-25,53.36319823693258,1,1,41,0,0,0,0,0,0,0,0,0,0,0,0,0,0,0,0,0,54.99574759327879,65.2581664914093,10.547945206105936,1.2182741116132856,61.91491979215393,47.89305333380125,59.873551106850655,67.39726027431614,43.60061976359802,20.54702824474251,36.231818386585154,25.513678993716766,-10.262418898130505,-6.919172198875138,2.0,7.0,0.9749279121818236,-0.22252093395631434,-0.3914247988879585,-0.9202100992792468
2018-07-26,6.012794660245586,2,1,36,0,0,0,0,0,1,0,0,0,0,0,0,0,0,0,0,0,53.36319823693258,54.99574759327879,65.2581664914093,0.6091370558066427,1.2182741116132856,35.4819125663358,60.75869336184658,69.75763962097199,57.87237077387357,27.99630311978812,36.62254302252311,26.380439490626983,-1.6325493563462103,52.1449241253193,3.0,7.0,0.43388373911755823,-0.900968867902419,-0.4071962704919323,-0.9133406797561692
2018-07-27,1.0659898476616247,2,1,33,0,0,0,0,0,1,0,0,0,0,0,0,0,0,0,0,0,6.012794660245586,53.36319823693258,54.99574759327879,10.743074463128622,0.6091370558066427,36.074414424987495,61.79135932600852,63.47836087032322,38.12391349681899,28.768254206136543,34.517606029230954,25.636301086676454,-47.350403576687,5.403657604438943,4.0,7.0,-0.433883739117558,-0.9009688679024191,-0.42284724121978184,-0.9062009769321702
2018-07-28,1.3705583755649464,1,1,32,0,0,0,1,0,0,0,0,0,0,0,0,0,0,0,0,0,1.0659898476616247,6.012794660245586,53.36319823693258,0.4568527918549821,10.743074463128622,57.81281926422023,60.37084186826609,70.34773445763595,20.147327581613272,27.385813546784114,32.01700427370768,26.805303005268435,-4.946804812583961,-9.677084615466997,5.0,7.0,-0.9749279121818236,-0.2225209339563146,-0.4383730795072664,-0.8987931036469494
2018-07-29,0.7614213197583035,1,1,33,0,0,0,1,0,0,0,0,0,0,0,0,0,0,0,0,0,1.3705583755649464,1.0659898476616247,6.012794660245586,10.547945206105936,0.4568527918549821,69.82418040806894,59.24285783001116,59.11678336197559,2.8164476278240618,27.516342915885538,27.9854142102323,26.675765334581225,0.3045685279033217,0.9137055837099644,6.0,7.0,-0.7818314824680299,0.6234898018587334,-0.45376919082036926,-0.8911192520994187
2018-07-30,62.27196140107922,2,1,35,0,0,0,0,0,1,0,0,0,0,0,0,0,0,0,0,0,0.7614213197583035,1.3705583755649464,1.0659898476616247,65.2581664914093,10.547945206105936,54.414959909427,53.8628960218586,54.80762544546012,1.0659898476616343,26.118268074978737,23.05235998963868,27.7627505050813,-0.6091370558066429,-9.786523886347632,0.0,7.0,0.0,1.0,-0.46903101901494954,-0.8831816931989691
2018-07-31,23.68006932224637,1,1,40,0,0,0,0,0,0,0,0,0,0,0,0,0,0,0,0,0,62.27196140107922,0.7614213197583035,1.3705583755649464,54.99574759327879,65.2581664914093,61.91491979215393,55.30015565361273,41.74455611830678,21.467980365467497,25.691667347788723,23.613574381899554,27.174768194721395,61.51054008132091,-2.986205090330081,1.0,7.0,0.7818314824680298,0.6234898018587336,-0.4841540476850335,-0.8749827758934449
2018-08-01,3.9926612577906986,2,1,34,0,0,0,0,0,1,0,0,0,0,0,0,0,0,0,0,0,23.68006932224637,62.27196140107922,0.7614213197583035,53.36319823693258,54.99574759327879,1.2182741116132856,47.89305333380125,59.873551106850655,28.904484014361305,21.21799902335552,20.882513634049012,24.420417788344007,-38.59189207883284,-31.31567827103242,2.0,8.0,0.9749279121818236,-0.22252093395631434,-0.49913380149934533,-0.8665249264740237
2018-08-02,2.13197969532325,2,1,34,0,0,0,0,0,1,0,0,0,0,0,0,0,0,0,0,0,3.9926612577906986,23.68006932224637,62.27196140107922,6.012794660245586,53.36319823693258,0.6091370558066427,35.4819125663358,60.75869336184658,29.98156399370544,14.165065169192392,21.080684144490256,21.00914403539468,-19.687408064455674,-49.37053697914188,3.0,8.0,0.43388373911755823,-0.900968867902419,-0.5139658475256869,-0.8578106478572077
2018-08-03,0.6091370558066427,2,1,37,0,0,0,0,0,1,0,0,0,0,0,0,0,0,0,0,0,2.13197969532325,3.9926612577906986,23.68006932224637,1.0659898476616247,6.012794660245586,10.743074463128622,36.074414424987495,61.79135932600852,9.934903425120117,13.610663031346345,21.189458618741444,21.26658354977518,-1.8606815624674486,-3.880814964922336,4.0,8.0,-0.433883739117558,-0.9009688679024191,-0.5286457965427641,-0.8488425188441413
2018-08-04,0.0,1,1,39,0,0,0,1,0,0,0,0,0,0,0,0,0,0,0,0,0,0.6091370558066427,2.13197969532325,3.9926612577906986,1.3705583755649464,1.0659898476616247,0.4568527918549821,57.81281926422023,60.37084186826609,2.2445926696402068,13.545398346795633,20.465605946789875,21.30564669354383,-1.5228426395166073,-0.45685279185498207,5.0,8.0,-0.9749279121818236,-0.2225209339563146,-0.5431693043390854,-0.8396231933574692
2018-08-05,0.7614213197583035,2,1,39,0,0,0,1,0,1,0,0,0,0,0,0,0,0,0,0,0,0.0,0.6091370558066427,2.13197969532325,0.7614213197583035,1.3705583755649464,10.547945206105936,69.82418040806894,59.24285783001116,0.9137055837099736,13.349604293143496,20.432973604514522,21.42260757797367,-0.6091370558066427,-1.3705583755649464,6.0,8.0,-0.7818314824680299,0.6234898018587334,-0.5575320729985326,-0.8301553996559674
2018-08-06,1.3705583755649464,2,1,45,0,0,0,0,0,1,0,0,0,0,0,0,0,0,0,0,0,0.7614213197583035,0.0,0.6091370558066427,62.27196140107922,0.7614213197583035,65.2581664914093,54.414959909427,53.8628960218586,0.45685279185499156,13.349604293143498,19.733936184061115,21.42260757797367,0.7614213197583035,0.0,0.0,8.0,0.0,1.0,-0.571729852172239,-0.8204419395271731
2018-08-07,0.7614213197583035,2,1,45,0,0,0,0,0,1,0,0,0,0,0,0,0,0,0,0,0,1.3705583755649464,0.7614213197583035,0.0,23.68006932224637,62.27196140107922,54.99574759327879,61.91491979215393,55.30015565361273,0.7106598984410928,4.6494038609271735,15.170535604357948,7.8625960021656285,0.6091370558066429,-60.90140302551427,1.0,8.0,0.7818314824680298,0.6234898018587336,-0.5857584403363858,-0.8104856874582578
2018-08-08,1.2182741116132856,1,1,45,0,0,0,0,0,0,0,0,0,0,0,0,0,0,0,0,0,0.7614213197583035,1.3705583755649464,0.7614213197583035,3.9926612577906986,23.68006932224637,53.36319823693258,1.2182741116132856,47.89305333380125,0.9644670050271941,1.3753112891431634,11.296655156249342,1.2337698565434114,-0.6091370558066429,-22.91864800248807,2.0,8.0,0.9749279121818236,-0.22252093395631434,-0.5996136860355509,-0.800289589785385
2018-08-09,0.7614213197583035,2,4,35,1,0,0,0,0,1,0,0,0,0,0,0,0,0,0,0,0,1.2182741116132856,0.7614213197583035,1.3705583755649464,2.13197969532325,3.9926612577906986,6.012794660245586,0.6091370558066427,35.4819125663358,1.1167512689788546,0.9789702682606759,7.572017718726534,0.6244829627453389,0.45685279185498207,-2.774387146177413,3.0,8.0,0.43388373911755823,-0.900968867902419,-0.6132914891112445,-0.7898566638218052
2018-08-10,0.913705583709964,2,1,28,0,0,0,0,0,1,0,0,0,0,0,0,0,0,0,0,0,0.7614213197583035,1.2182741116132856,0.7614213197583035,0.6091370558066427,2.13197969532325,1.0659898476616247,10.743074463128622,36.074414424987495,0.9137055837099736,0.7831762146085407,7.196919622977442,0.4104705350996699,-0.45685279185498207,-1.3705583755649464,4.0,8.0,-0.433883739117558,-0.9009688679024191,-0.6267878019152604,-0.7791899969649484
2018-08-11,0.1522842639516605,2,1,28,0,0,0,1,0,1,0,0,0,0,0,0,0,0,0,0,0,0.913705583709964,0.7614213197583035,1.2182741116132856,0.0,0.6091370558066427,1.3705583755649464,0.4568527918549821,57.81281926422023,0.9644670050271938,0.8266860043090152,7.186042175552324,0.405832301062208,0.1522842639516605,0.30456852790332134,5.0,8.0,-0.9749279121818236,-0.2225209339563146,-0.6400986305074876,-0.768292745782777
2018-08-12,0.0,2,1,29,0,0,0,1,0,1,0,0,0,0,0,0,0,0,0,0,0,0.1522842639516605,0.913705583709964,0.7614213197583035,0.7614213197583035,0.0,0.7614213197583035,10.547945206105936,69.82418040806894,0.6091370558066521,0.8484408991592524,7.099022596151374,0.3627265844810707,-0.7614213197583035,0.1522842639516605,6.0,8.0,-0.7818314824680299,0.6234898018587334,-0.6532200358378337,-0.757168135079666
2018-08-13,0.913705583709964,2,6,32,1,0,0,0,0,1,0,0,0,0,0,0,0,0,0,0,0,0.0,0.1522842639516605,0.913705583709964,1.3705583755649464,0.7614213197583035,62.27196140107922,65.2581664914093,54.414959909427,0.355329949220551,0.7396664249080663,7.044635359025782,0.4706303332540726,-0.1522842639516605,-0.7614213197583035,0.0,8.0,0.0,1.0,-0.6661481349118972,-0.7458194569420945
2018-08-14,0.913705583709964,2,5,32,1,0,0,0,0,1,0,0,0,0,0,0,0,0,0,0,0,0.913705583709964,0.0,0.1522842639516605,0.7614213197583035,1.3705583755649464,23.68006932224637,54.99574759327879,61.91491979215393,0.355329949220551,0.6744017403573545,2.6619028006422636,0.4058323010622238,0.913705583709964,-0.4568527918549824,1.0,8.0,0.7818314824680298,0.6234898018587336,-0.6788791019400585,-0.7342500697644226
2018-08-15,0.0,2,1,35,0,0,0,0,0,1,0,0,0,0,0,0,0,0,0,0,0,0.913705583709964,0.913705583709964,0.0,1.2182741116132856,0.7614213197583035,3.9926612577906986,53.36319823693258,1.2182741116132856,0.6091370558066521,0.6961566352075916,1.0357339621753776,0.41391510347495886,0.0,0.1522842639516605,2.0,8.0,0.9749279121818236,-0.22252093395631434,-0.6914091694696364,-0.7224633972550496
2018-08-16,0.7614213197583035,2,1,32,0,0,0,0,0,1,0,0,0,0,0,0,0,0,0,0,0,0.0,0.913705583709964,0.913705583709964,0.7614213197583035,1.2182741116132856,2.13197969532325,6.012794660245586,0.6091370558066427,0.6091370558066521,0.5221174764056936,0.7505438723331848,0.4139151034749765,-0.913705583709964,-1.2182741116132856,3.0,8.0,0.43388373911755823,-0.900968867902419,-0.703734629499786,-0.7104629274232391
2018-08-17,0.4568527918549821,2,1,31,0,0,0,0,0,1,0,0,0,0,0,0,0,0,0,0,0,0.7614213197583035,0.0,0.913705583709964,0.913705583709964,0.7614213197583035,0.6091370558066427,1.0659898476616247,10.743074463128622,0.558375634489432,0.5221174764056937,0.6526468455071173,0.4139151034749765,0.7614213197583035,0.0,4.0,8.0,-0.433883739117558,-0.9009688679024191,-0.715851834578799,-0.6982522115469223
2018-08-18,0.3045685279033213,2,1,47,0,0,0,1,0,1,0,0,0,0,0,0,0,0,0,0,0,0.4568527918549821,0.7614213197583035,0.0,0.1522842639516605,0.913705583709964,0.0,1.3705583755649464,0.4568527918549821,0.40609137053777133,0.456852791854982,0.6417693980819986,0.3817968551306866,-0.3045685279033214,-0.4568527918549819,5.0,8.0,-0.9749279121818236,-0.2225209339563146,-0.7277571988834893,-0.6858348631217702
2018-08-19,0.4568527918549821,2,1,41,0,0,0,1,0,1,0,0,0,0,0,0,0,0,0,0,0,0.3045685279033213,0.4568527918549821,0.7614213197583035,0.0,0.1522842639516605,0.7614213197583035,0.7614213197583035,10.547945206105936,0.5076142131722118,0.47860768670521925,0.6635242929322358,0.3679086553601224,-0.15228426395166084,0.15228426395166078,6.0,8.0,-0.7818314824680299,0.6234898018587334,-0.7394471992803373,-0.6732145567918634
2018-08-20,0.7614213197583035,2,1,58,0,0,0,0,0,1,0,0,0,0,0,0,0,0,0,0,0,0.4568527918549821,0.3045685279033213,0.4568527918549821,0.913705583709964,0.0,1.3705583755649464,62.27196140107922,65.2581664914093,0.40609137053777133,0.543872371255931,0.6417693980819986,0.3137535555068457,0.15228426395166084,0.4568527918549821,0.0,8.0,0.0,1.0,-0.7509183763680874,-0.6603950272622556
2018-08-21,0.7614213197583035,2,1,56,0,0,0,0,0,1,0,0,0,0,0,0,0,0,0,0,0,0.7614213197583035,0.4568527918549821,0.3045685279033213,0.913705583709964,0.913705583709964,0.7614213197583035,23.68006932224637,54.99574759327879,0.5076142131722118,0.5221174764056938,0.5982596083815241,0.29187254237891674,0.3045685279033214,-0.1522842639516605,1.0,8.0,0.7818314824680298,0.6234898018587336,-0.76216733550148,-0.6473800681937733
2018-08-22,0.4568527918549821,2,1,61,0,0,0,0,0,1,0,0,0,0,0,0,0,0,0,0,0,0.7614213197583035,0.7614213197583035,0.4568527918549821,0.0,0.913705583709964,1.2182741116132856,3.9926612577906986,53.36319823693258,0.6598984771238726,0.5003625815554565,0.5982596083815241,0.2664419589636513,0.0,-0.1522842639516605,2.0,8.0,0.9749279121818236,-0.22252093395631434,-0.7731907477958236,-0.6341735310803621
2018-08-23,0.4568527918549821,2,1,58,0,0,0,0,0,1,0,0,0,0,0,0,0,0,0,0,0,0.4568527918549821,0.7614213197583035,0.7614213197583035,0.7614213197583035,0.0,0.7614213197583035,2.13197969532325,6.012794660245586,0.6598984771238725,0.5656272661061683,0.543872371255931,0.17673760126530152,-0.3045685279033214,0.4568527918549821,3.0,8.0,0.43388373911755823,-0.900968867902419,-0.7839853511121072,-0.6207793241093215
2018-08-24,0.1522842639516605,2,1,76,0,0,0,0,0,1,0,0,0,0,0,0,0,0,0,0,0,0.4568527918549821,0.4568527918549821,0.7614213197583035,0.4568527918549821,0.7614213197583035,0.913705583709964,0.6091370558066427,1.0659898476616247,0.5583756344894321,0.5221174764056938,0.5221174764056938,0.15986517538750533,0.0,-0.3045685279033214,4.0,8.0,-0.433883739117558,-0.9009688679024191,-0.7945479510223574,-0.6072014110047618
2018-08-25,0.0,2,1,98,0,0,0,1,0,1,0,0,0,0,0,0,0,0,0,0,0,0.1522842639516605,0.4568527918549821,0.4568527918549821,0.3045685279033213,0.4568527918549821,0.1522842639516605,0.0,1.3705583755649464,0.35532994922055106,0.4786076867052193,0.46773023928010066,0.20638505396393694,-0.3045685279033216,-0.3045685279033216,5.0,8.0,-0.9749279121818236,-0.2225209339563146,-0.8048754217549614,-0.5934438098546255
2018-08-26,0.0,2,1,69,0,0,0,1,0,1,0,0,0,0,0,0,0,0,0,0,0,0.0,0.1522842639516605,0.4568527918549821,0.4568527918549821,0.3045685279033213,0.0,0.7614213197583035,0.7614213197583035,0.20304568526889036,0.4350978970047449,0.45685279185498207,0.2628653946349995,-0.1522842639516605,-0.3045685279033213,6.0,8.0,-0.7818314824680299,0.6234898018587334,-0.8149647071196691,-0.5795105919216249
2018-08-27,0.3045685279033213,2,1,58,0,0,0,0,0,1,0,0,0,0,0,0,0,0,0,0,0,0.0,0.0,0.1522842639516605,0.7614213197583035,0.4568527918549821,0.913705583709964,1.3705583755649464,62.27196140107922,0.05076142131722964,0.36983321245403317,0.45685279185498207,0.30301062241111903,0.0,-0.4568527918549821,0.0,8.0,0.0,1.0,-0.8248128214120084,-0.5654058804384355
2018-08-28,0.1522842639516605,2,1,32,0,0,0,0,0,1,0,0,0,0,0,0,0,0,0,0,0,0.3045685279033213,0.0,0.0,0.7614213197583035,0.7614213197583035,0.913705583709964,0.7614213197583035,23.68006932224637,0.1015228426344499,0.30456852790332134,0.4133430021545076,0.2574073872229695,0.3045685279033213,-0.45685279185498223,1.0,8.0,0.7818314824680298,0.6234898018587336,-0.8344168502968383,-0.5511338493875183
2018-08-29,3.1979695429848745,2,1,31,0,0,0,0,0,1,0,0,0,0,0,0,0,0,0,0,0,0.1522842639516605,0.3045685279033213,0.0,0.4568527918549821,0.7614213197583035,0.0,1.2182741116132856,3.9926612577906986,0.15228426395167008,0.21754894850237236,0.35895576502891446,0.1793954586965117,-0.15228426395166078,-0.609137055806643,2.0,8.0,0.9749279121818236,-0.22252093395631434,-0.8437739516707836,-0.536698722265919
2018-08-30,7.568961183261896,2,1,28,0,0,0,0,0,1,0,0,0,0,0,0,0,0,0,0,0,3.1979695429848745,0.1522842639516605,0.3045685279033213,0.4568527918549821,0.4568527918549821,0.7614213197583035,0.7614213197583035,2.13197969532325,1.218274111613295,0.6091370558066427,0.5873821609564055,1.0675426377770187,3.045685279033214,2.7411167511298924,3.0,8.0,0.43388373911755823,-0.900968867902419,-0.8528813565032917,-0.5221047708354187
2018-08-31,2.893401015081553,2,1,35,0,0,0,0,0,1,0,0,0,0,0,0,0,0,0,0,0,7.568961183261896,3.1979695429848745,0.1522842639516605,0.1522842639516605,0.4568527918549821,0.4568527918549821,0.913705583709964,0.6091370558066427,3.639738330066153,1.6251525402933447,1.0736350083495192,2.650268992260073,4.370991640277022,7.112108391406914,4.0,8.0,-0.433883739117558,-0.9009688679024191,-0.8617363696560699,-0.507356313858394
2018-09-01,0.3045685279033213,2,1,41,0,0,0,1,0,1,0,0,0,0,0,0,0,0,0,0,0,2.893401015081553,7.568961183261896,3.1979695429848745,0.0,0.1522842639516605,0.3045685279033213,0.1522842639516605,0.0,4.553443913776118,2.016740647597615,1.2476741671514173,2.6058506873467917,-4.675560168180343,2.7411167511298924,5.0,9.0,-0.9749279121818236,-0.2225209339563146,-0.8703363706806498,-0.4924577158197792
2018-09-02,0.0,2,1,32,0,0,0,1,0,1,0,0,0,0,0,0,0,0,0,0,0,0.3045685279033213,2.893401015081553,7.568961183261896,0.0,0.0,0.4568527918549821,0.0,0.7614213197583035,3.5889769087489327,2.0602504372980897,1.2476741671514173,2.574164037630407,-2.5888324871782316,0.3045685279033213,6.0,9.0,-0.7818314824680299,0.6234898018587334,-0.878678814593855,-0.4774133856354865
2018-09-03,2.4365482232265707,2,1,31,0,0,0,0,0,1,0,0,0,0,0,0,0,0,0,0,0,0.0,0.3045685279033213,2.893401015081553,0.3045685279033213,0.0,0.7614213197583035,0.913705583709964,1.3705583755649464,1.065989847661634,2.0602504372980897,1.2150418248760613,2.574164037630407,-0.3045685279033213,0.0,0.0,9.0,0.0,1.0,-0.8867612326309313,-0.46222777534768655
2018-09-04,0.913705583709964,2,1,38,0,0,0,0,0,1,0,0,0,0,0,0,0,0,0,0,0,2.4365482232265707,0.0,0.3045685279033213,0.1522842639516605,0.3045685279033213,0.7614213197583035,0.913705583709964,0.7614213197583035,0.9137055837099735,2.364818965201411,1.334693746552366,2.4725374643355993,2.4365482232265707,2.1319796953232495,1.0,9.0,0.7818314824680298,0.6234898018587336,-0.8945812329761252,-0.44690537880732156
2018-09-05,0.4568527918549821,2,1,45,0,0,0,0,0,1,0,0,0,0,0,0,0,0,0,0,0,0.913705583709964,2.4365482232265707,0.0,3.1979695429848745,0.1522842639516605,0.4568527918549821,0.0,1.2182741116132856,1.1167512689788544,2.473593439452597,1.3455711939774848,2.3881160424596084,-1.5228426395166066,0.7614213197583035,2.0,9.0,0.9749279121818236,-0.22252093395631434,-0.9021365014704882,-0.4314507303442513
2018-09-06,1.0659898476616247,1,1,45,0,0,0,0,0,0,0,0,0,0,0,0,0,0,0,0,0,0.4568527918549821,0.913705583709964,2.4365482232265707,7.568961183261896,3.1979695429848745,0.4568527918549821,0.7614213197583035,0.7614213197583035,1.2690355329305152,2.0820053321483267,1.3455711939774846,2.460859925357095,-0.4568527918549819,-2.7411167511298924,3.0,9.0,0.43388373911755823,-0.900968867902419,-0.9094248022967037,-0.4158684034254122
2018-09-07,0.913705583709964,2,1,45,0,0,0,0,0,1,0,0,0,0,0,0,0,0,0,0,0,1.0659898476616247,0.4568527918549821,0.913705583709964,2.893401015081553,7.568961183261896,0.1522842639516605,0.4568527918549821,0.913705583709964,0.812182741075533,1.1530094270625735,1.3890809836779592,1.019466962722948,0.6091370558066427,-6.502971335600272,4.0,9.0,-0.433883739117558,-0.9009688679024191,-0.9164439786407274,-0.4001630093014021
2018-09-08,0.913705583709964,2,1,46,0,0,0,1,0,1,0,0,0,0,0,0,0,0,0,0,0,0.913705583709964,1.0659898476616247,0.4568527918549821,0.3045685279033213,2.893401015081553,0.0,0.3045685279033213,0.1522842639516605,0.812182741075533,0.8701957940094897,1.4434682208035523,0.7313010723650935,-0.15228426395166073,-1.9796954313715887,5.0,9.0,-0.9749279121818236,-0.2225209339563146,-0.9231919533300499,-0.38433919564187974
2018-09-09,0.0,1,1,52,0,0,0,1,0,0,0,0,0,0,0,0,0,0,0,0,0,0.913705583709964,0.913705583709964,1.0659898476616247,0.0,0.3045685279033213,0.0,0.4568527918549821,0.0,0.9644670050271937,0.9572153734104385,1.5087329053542642,0.6941141174536806,0.0,0.6091370558066427,6.0,9.0,-0.7818314824680299,0.6234898018587334,-0.9296667294483892,-0.3684016451601911
2018-09-10,2.2842639592749103,1,1,39,0,0,0,0,0,0,0,0,0,0,0,0,0,0,0,0,0,0.0,0.913705583709964,0.913705583709964,2.4365482232265707,0.0,0.3045685279033213,0.7614213197583035,0.913705583709964,0.6091370558066521,0.9572153734104385,1.5087329053542642,0.6941141174536806,-0.913705583709964,0.0,0.0,9.0,0.0,1.0,-0.9358663909266379,-0.35235507422761664
2018-09-11,1.0659898476616247,1,1,57,0,0,0,0,0,0,0,0,0,0,0,0,0,0,0,0,0,2.2842639592749103,0.0,0.913705583709964,0.913705583709964,2.4365482232265707,0.1522842639516605,0.7614213197583035,0.913705583709964,1.0659898476616343,0.9354604785602013,1.6501397218808063,0.6482812657756427,2.2842639592749103,-0.1522842639516604,1.0,9.0,0.7818314824680298,0.6234898018587336,-0.9417891031098783,-0.3362042314776705
2018-09-12,0.7614213197583035,2,1,48,0,0,0,0,0,1,0,0,0,0,0,0,0,0,0,0,0,1.0659898476616247,2.2842639592749103,0.0,0.4568527918549821,0.913705583709964,3.1979695429848745,0.4568527918549821,0.0,1.1167512689788544,0.9572153734104386,1.7154044064315177,0.649739718160624,-1.2182741116132856,0.15228426395166073,2.0,9.0,0.9749279121818236,-0.22252093395631434,-0.9474331133003114,-0.3199538964008396
2018-09-13,1.979695431371589,2,1,31,0,0,0,0,0,1,0,0,0,0,0,0,0,0,0,0,0,0.7614213197583035,1.0659898476616247,2.2842639592749103,1.0659898476616247,0.4568527918549821,7.568961183261896,0.4568527918549821,0.7614213197583035,1.3705583755649557,1.000725163110913,1.54136524762962,0.6244829627453352,-0.30456852790332123,0.3045685279033214,3.0,9.0,0.43388373911755823,-0.900968867902419,-0.9527967512759288,-0.3036088779302013
2018-09-14,0.7614213197583035,1,1,46,0,0,0,0,0,0,0,0,0,0,0,0,0,0,0,0,0,1.979695431371589,0.7614213197583035,1.0659898476616247,0.913705583709964,1.0659898476616247,2.893401015081553,0.1522842639516605,0.4568527918549821,1.2690355329305152,1.1312545322123364,1.1421319796374552,0.7136136098374878,1.2182741116132856,0.9137055837099644,4.0,9.0,-0.433883739117558,-0.9009688679024191,-0.9578784297847783,-0.287174013018322
2018-09-17,0.913705583709964,1,10,42,1,0,0,0,0,0,0,0,0,0,0,0,0,0,0,0,0,0.7614213197583035,1.979695431371589,0.7614213197583035,0.913705583709964,0.913705583709964,0.3045685279033213,0.0,0.3045685279033213,1.1675126902960749,1.1094996373620993,0.9898477156857944,0.7221838726002257,-1.2182741116132856,-0.1522842639516605,0.0,9.0,0.0,1.0,-0.971417090233031,-0.23737909933941392
2018-09-18,2.4365482232265707,2,6,32,1,0,0,0,0,1,0,0,0,0,0,0,0,0,0,0,0,0.913705583709964,0.7614213197583035,1.979695431371589,0.0,0.913705583709964,0.0,0.0,0.4568527918549821,1.218274111613295,1.1094996373620993,1.033357505386269,0.7221838726002257,0.1522842639516605,0.0,1.0,9.0,0.7818314824680298,0.6234898018587336,-0.9753567336769071,-0.2206337283171249
2018-09-19,1.3705583755649464,2,5,37,1,0,0,0,0,1,0,0,0,0,0,0,0,0,0,0,0,2.4365482232265707,0.913705583709964,0.7614213197583035,2.2842639592749103,0.0,2.4365482232265707,0.3045685279033213,0.7614213197583035,1.3705583755649553,1.4575779549658952,1.2073966641881668,0.6900109438618498,1.5228426395166066,2.4365482232265707,2.0,9.0,0.9749279121818236,-0.22252093395631434,-0.9790077415181033,-0.2038230655436782
2018-09-20,1.6751269034682676,2,1,28,0,0,0,0,0,1,0,0,0,0,0,0,0,0,0,0,0,1.3705583755649464,2.4365482232265707,0.913705583709964,1.0659898476616247,2.2842639592749103,0.913705583709964,0.1522842639516605,0.7614213197583035,1.5736040608338364,1.3270485858644716,1.1312545322123364,0.6021038072146372,-1.0659898476616243,-0.9137055837099639,3.0,9.0,0.43388373911755823,-0.900968867902419,-0.9823690333202907,-0.1869520857689416
2018-09-21,2.4365482232265707,1,1,51,0,0,0,0,0,0,0,0,0,0,0,0,0,0,0,0,0,1.6751269034682676,1.3705583755649464,2.4365482232265707,0.7614213197583035,1.0659898476616247,0.4568527918549821,3.1979695429848745,0.4568527918549821,1.8274111674199378,1.4140681652654208,1.1856417693379295,0.6021038072146311,0.30456852790332123,0.6091370558066429,4.0,9.0,-0.433883739117558,-0.9009688679024191,-0.9854396143822979,-0.17002578159228698
2018-09-22,0.3045685279033213,1,1,55,0,0,0,1,0,0,0,0,0,0,0,0,0,0,0,0,0,2.4365482232265707,1.6751269034682676,1.3705583755649464,1.979695431371589,0.7614213197583035,1.0659898476616247,7.568961183261896,0.4568527918549821,1.8274111674199378,1.6533720086180301,1.3270485858644716,0.627507111002493,0.7614213197583031,1.6751269034682672,5.0,9.0,-0.9749279121818236,-0.2225209339563146,-0.9882185760324722,-0.1530491619851375
2018-09-23,0.0,1,1,37,0,1,0,0,1,0,0,0,0,0,0,0,0,0,0,0,0,0.3045685279033213,2.4365482232265707,1.6751269034682676,0.7614213197583035,1.979695431371589,0.913705583709964,2.893401015081553,0.1522842639516605,1.4720812181993963,1.4140681652654208,1.2726613487388785,0.7623531022675041,-2.1319796953232495,-1.6751269034682679,6.0,9.0,-0.7818314824680299,0.6234898018587334,-0.9907050958975805,-0.13602725080867392
2018-09-24,0.0,1,1,40,0,1,0,0,1,0,0,0,0,0,0,0,0,0,0,0,0,0.0,0.3045685279033213,2.4365482232265707,0.913705583709964,0.7614213197583035,0.913705583709964,0.3045685279033213,0.0,0.9137055837099735,1.3052936910142345,1.2073966641881668,0.8911544226519286,-0.3045685279033213,-0.7614213197583035,0.0,9.0,0.0,1.0,-0.9928984381461724,-0.11896508532713071
2018-09-25,0.913705583709964,1,1,30,0,0,0,0,0,0,0,0,0,0,0,0,0,0,0,0,0,0.0,0.0,0.3045685279033213,2.4365482232265707,0.913705583709964,0.0,0.0,0.0,0.1015228426344499,1.174764321912811,1.1421319796374552,0.9993053584306906,0.0,-0.913705583709964,1.0,9.0,0.7818314824680298,0.6234898018587336,-0.994797953706334,-0.10186771471713056
2018-09-26,0.7614213197583035,2,1,37,0,0,0,0,0,1,0,0,0,0,0,0,0,0,0,0,0,0.913705583709964,0.0,0.0,1.3705583755649464,2.4365482232265707,2.2842639592749103,2.4365482232265707,0.3045685279033213,0.30456852790333083,0.9572153734104386,1.2073966641881668,0.8564910667480294,0.913705583709964,-1.5228426395166066,2.0,9.0,0.9749279121818236,-0.22252093395631434,-0.9964030804577665,-0.08474019857348533
2018-09-27,1.2182741116132856,2,1,49,0,0,0,0,0,1,0,0,0,0,0,0,0,0,0,0,0,0.7614213197583035,0.913705583709964,0.0,1.6751269034682676,1.3705583755649464,1.0659898476616247,0.913705583709964,0.1522842639516605,0.558375634489432,0.8701957940094897,1.0986221899369806,0.8408766391226904,-0.1522842639516605,-0.6091370558066429,3.0,9.0,0.43388373911755823,-0.900968867902419,-0.9977133433981337,-0.06758760541192248
2018-09-28,1.0659898476616247,1,1,50,0,0,0,0,0,0,0,0,0,0,0,0,0,0,0,0,0,1.2182741116132856,0.7614213197583035,0.913705583709964,2.4365482232265707,1.6751269034682676,0.7614213197583035,0.4568527918549821,3.1979695429848745,0.9644670050271938,0.8049311094587779,1.1094996373620993,0.792188895801713,0.45685279185498207,-0.45685279185498207,4.0,9.0,-0.433883739117558,-0.9009688679024191,-0.9987283547836282,-0.050415011169167266
2018-09-29,0.7614213197583035,1,1,48,0,0,0,0,0,0,0,0,0,0,0,0,0,0,0,0,0,1.0659898476616247,1.2182741116132856,0.7614213197583035,0.3045685279033213,2.4365482232265707,1.979695431371589,1.0659898476616247,7.568961183261896,1.0152284263444142,0.6091370558066427,1.1312545322123364,0.46760374023223855,-0.15228426395166084,-1.370558375564946,5.0,9.0,-0.9749279121818236,-0.2225209339563146,-0.999447814243716,-0.03322749770082888
2018-09-30,0.7614213197583035,1,1,58,0,1,0,0,1,0,0,0,0,0,0,0,0,0,0,0,0,0.7614213197583035,1.0659898476616247,1.2182741116132856,0.0,0.3045685279033213,0.7614213197583035,0.913705583709964,2.893401015081553,1.0152284263444142,0.6744017403573545,1.0442349528113877,0.4521669983322831,-0.30456852790332123,0.45685279185498223,6.0,9.0,-0.7818314824680299,0.6234898018587334,-0.9998715088700244,-0.01603015127753844
2018-10-01,0.0,1,1,54,0,1,0,0,1,0,0,0,0,0,0,0,0,0,0,0,0,0.7614213197583035,0.7614213197583035,1.0659898476616247,0.0,0.0,0.913705583709964,0.913705583709964,0.3045685279033213,0.8629441623927535,0.7831762146085407,1.0442349528113877,0.35879091737338764,0.0,0.7614213197583035,0.0,10.0,0.0,1.0,-0.9999993132793479,0.001171938920223869
2018-10-02,0.0,1,1,55,0,0,1,0,1,0,0,0,0,0,0,0,0,0,0,0,0,0.0,0.7614213197583035,0.7614213197583035,0.913705583709964,0.0,2.4365482232265707,0.0,0.0,0.5076142131722118,0.7831762146085407,0.9789702682606759,0.35879091737338764,-0.7614213197583035,0.0,1.0,10.0,0.7818314824680298,0.6234898018587336,-0.9998311896507523,0.018373682308162793
2018-10-03,1.2182741116132856,1,1,60,0,0,1,0,1,0,0,0,0,0,0,0,0,0,0,0,0,0.0,0.0,0.7614213197583035,0.7614213197583035,0.913705583709964,1.3705583755649464,2.2842639592749103,2.4365482232265707,0.25380710658611066,0.6526468455071173,0.804931109458778,0.4437145334353053,0.0,-0.913705583709964,2.0,10.0,0.9749279121818236,-0.22252093395631434,-0.9993671877367676,0.03556998840461302
2018-10-04,42.02061480668588,1,1,60,0,0,1,0,1,0,0,0,0,0,0,0,0,0,0,0,0,1.2182741116132856,0.0,0.0,1.2182741116132856,0.7614213197583035,1.6751269034682676,1.0659898476616247,0.913705583709964,0.40609137053777133,0.7179115300578289,0.7940536620336592,0.48645423728967047,1.2182741116132856,0.45685279185498207,3.0,10.0,0.43388373911755823,-0.900968867902419,-0.9986074448486638,0.05275576833695822
2018-10-05,45.83959604784668,1,1,61,0,0,1,0,1,0,0,0,0,0,0,0,0,0,0,0,0,42.02061480668588,1.2182741116132856,0.0,1.0659898476616247,1.2182741116132856,2.4365482232265707,0.7614213197583035,0.4568527918549821,14.412962972766396,6.546817343639629,3.6758742265492024,14.488844962510903,40.802340695072594,40.802340695072594,4.0,10.0,-0.433883739117558,-0.9009688679024191,-0.9975521858158177,0.06992593634756863
2018-10-06,62.38145416267249,1,1,61,0,0,1,0,1,0,0,0,0,0,0,0,0,0,0,0,0,45.83959604784668,42.02061480668588,1.2182741116132856,0.7614213197583035,1.0659898476616247,0.3045685279033213,1.979695431371589,1.0659898476616247,29.692828322048626,12.94304680080892,6.776091928307783,19.62864935244813,3.818981241160806,44.77360620018506,5.0,10.0,-0.9749279121818236,-0.2225209339563146,-0.9962017229191789,0.08707541129882572
2018-10-07,65.25816648988645,1,1,62,0,1,0,0,1,0,0,0,0,0,0,0,0,0,0,0,0,62.38145416267249,45.83959604784668,42.02061480668588,0.7614213197583035,0.7614213197583035,0.0,0.7614213197583035,0.913705583709964,50.08055500573503,21.74590863551095,11.210155187934152,25.214277745415085,16.541858114825807,61.620032842914185,6.0,10.0,-0.7818314824680299,0.6234898018587334,-0.9945564557988568,0.10419911817677069
2018-10-08,47.63352286419752,1,1,65,0,0,0,0,0,0,0,0,0,0,0,0,0,0,0,0,0,65.25816648988645,62.38145416267249,45.83959604784668,0.0,0.7614213197583035,0.0,0.913705583709964,0.913705583709964,57.82640556680189,30.959729374100682,15.871452794354612,27.539646856904707,2.8767123272139585,64.49674517012815,0.0,10.0,0.0,1.0,-0.9926168713358567,0.12129198959294538
2018-10-09,70.98292084026644,1,1,69,0,0,0,0,0,0,0,0,0,0,0,0,0,0,0,0,0,47.63352286419752,65.25816648988645,62.38145416267249,0.0,0.0,0.913705583709964,2.4365482232265707,0.0,58.42438117225216,37.76451835470033,19.273847284654437,24.797463919754133,-17.624643625688925,47.63352286419752,1.0,10.0,0.7818314824680298,0.6234898018587336,-0.9903835435079973,0.13834896728397644
2018-10-10,53.694083539131576,1,1,62,0,0,0,0,0,0,0,0,0,0,0,0,0,0,0,0,0,70.98292084026644,47.63352286419752,65.25816648988645,1.2182741116132856,0.0,0.7614213197583035,1.3705583755649464,2.2842639592749103,61.29153673145015,47.904935617595534,24.27879123155133,21.586723761316662,23.34939797606892,70.98292084026644,2.0,10.0,0.9749279121818236,-0.22252093395631434,-0.9878571332200545,0.1553650036084558
2018-10-11,25.41462292675084,1,1,56,0,0,0,0,0,0,0,0,0,0,0,0,0,0,0,0,0,53.694083539131576,70.98292084026644,47.63352286419752,42.02061480668588,1.2182741116132856,1.2182741116132856,1.6751269034682676,1.0659898476616247,57.43684241453186,55.40147982152672,28.059695675792277,10.158663757070675,-17.28883730113487,52.47580942751829,3.0,10.0,0.43388373911755823,-0.900968867902419,-0.9850383881081815,0.17233506304068183
2018-10-12,46.96977315133015,2,1,72,0,0,0,0,0,1,0,0,0,0,0,0,0,0,0,0,0,25.41462292675084,53.694083539131576,70.98292084026644,45.83959604784668,42.02061480668588,1.0659898476616247,2.4365482232265707,0.7614213197583035,50.03054243538296,53.02919526725028,29.788006305444956,14.158082220523456,-28.279460612380735,-16.605991879935036,4.0,10.0,-0.433883739117558,-0.9009688679024191,-0.9819281423186611,0.18925412366081565
2018-10-13,31.386979615175505,1,1,42,0,0,0,1,0,0,0,0,0,0,0,0,0,0,0,0,0,46.96977315133015,25.41462292675084,53.694083539131576,62.38145416267249,45.83959604784668,0.7614213197583035,0.3045685279033213,1.979695431371589,42.0261598724042,53.1906491391765,33.06684796999271,14.081410405798186,21.55515022457931,1.1301771034834687,5.0,10.0,-0.9749279121818236,-0.2225209339563146,-0.9785273162610595,0.20611717864100626
2018-10-14,41.67801532968698,1,1,47,0,0,0,1,0,0,0,0,0,0,0,0,0,0,0,0,0,31.386979615175505,46.96977315133015,25.41462292675084,65.25816648988645,62.38145416267249,0.7614213197583035,0.0,0.7614213197583035,34.59045856441884,48.76286706096264,35.25438784823679,15.31430312729397,-15.582793536154647,-30.994474547496985,6.0,10.0,-0.7818314824680299,0.6234898018587334,-0.9748369163358501,0.22291923772705394
2018-10-15,11.014319107532256,1,1,49,0,0,0,0,0,0,0,0,0,0,0,0,0,0,0,0,0,41.67801532968698,31.386979615175505,46.96977315133015,47.63352286419752,65.25816648988645,0.0,0.0,0.913705583709964,40.011589365397555,45.394274038077,38.17700170608884,13.837647663684915,10.291035714511473,-23.58015116019947,0.0,10.0,0.0,1.0,-0.9708580346365923,0.23965532871516415
2018-10-16,16.57502152997091,2,1,44,0,0,0,0,0,1,0,0,0,0,0,0,0,0,0,0,0,11.014319107532256,41.67801532968698,31.386979615175505,70.98292084026644,47.63352286419752,0.0,0.913705583709964,2.4365482232265707,28.026438017464923,40.162959215696254,38.96373878519829,18.227780729954006,-30.663696222154723,-36.61920375666527,1.0,10.0,0.7818314824680298,0.6234898018587336,-0.9665918486267487,0.2563204989233681
2018-10-17,0.913705583709964,2,1,42,0,0,0,0,0,1,0,0,0,0,0,0,0,0,0,0,0,16.57502152997091,11.014319107532256,41.67801532968698,53.694083539131576,70.98292084026644,1.2182741116132856,0.7614213197583035,1.3705583755649464,23.089118655730058,32.390402171368315,40.147668894481924,14.684278283978912,5.560702422438656,-54.407899310295534,2.0,10.0,0.9749279121818236,-0.22252093395631434,-0.962039620791242,0.2729098166571578
2018-10-18,8.504062518912479,2,1,40,0,0,0,0,0,1,0,0,0,0,0,0,0,0,0,0,0,0.913705583709964,16.57502152997091,11.014319107532256,25.41462292675084,53.694083539131576,42.02061480668588,1.2182741116132856,1.6751269034682676,9.501015407071053,24.850348177736656,40.125913999631685,15.345380364477784,-15.661315946260947,-52.78037795542161,3.0,10.0,0.43388373911755823,-0.900968867902419,-0.9572026982628482,0.28941837266891457
2018-10-19,14.826132771919646,2,1,34,0,0,0,0,0,1,0,0,0,0,0,0,0,0,0,0,0,8.504062518912479,0.913705583709964,16.57502152997091,46.96977315133015,25.41462292675084,45.83959604784668,1.0659898476616247,2.4365482232265707,8.66426321086446,22.434553833759747,37.73187455050502,16.36370156506805,7.590356935202514,-16.91056040783836,4.0,10.0,-0.433883739117558,-0.9009688679024191,-0.9520825124235439,0.30584128161069496
2018-10-20,35.84826132807326,2,1,33,0,0,0,1,0,1,0,0,0,0,0,0,0,0,0,0,0,14.826132771919646,8.504062518912479,0.913705583709964,31.386979615175505,46.96977315133015,62.38145416267249,0.7614213197583035,0.3045685279033213,8.081300291514038,17.842605208129676,35.516627173653085,12.998374850090562,6.322070253007167,-32.143640379410506,5.0,10.0,-0.9749279121818236,-0.2225209339563146,-0.9466805784809191,0.32217368347993974
2018-10-21,32.1601685989235,1,1,48,0,0,0,1,0,0,0,0,0,0,0,0,0,0,0,0,0,35.84826132807326,14.826132771919646,8.504062518912479,41.67801532968698,31.386979615175505,65.25816648988645,0.7614213197583035,0.0,19.726152206301805,18.47993116711507,33.62139911403886,13.735327365123196,21.02212855615361,4.461281712897751,6.0,10.0,-0.7818314824680299,0.6234898018587334,-0.9409984950197837,0.33841074505769186
2018-10-22,10.885837617508946,1,1,45,0,0,0,0,0,0,0,0,0,0,0,0,0,0,0,0,0,32.1601685989235,35.84826132807326,14.826132771919646,11.014319107532256,41.67801532968698,47.63352286419752,0.0,0.0,27.61152089963881,17.120238777006,31.2572564075415,11.690478228007091,-3.6880927291497585,-9.51784673076348,0.0,10.0,0.0,1.0,-0.935037943529103,0.3545476613388757
2018-10-23,1.6751269034682676,1,1,44,0,0,0,0,0,0,0,0,0,0,0,0,0,0,0,0,0,10.885837617508946,32.1601685989235,35.84826132807326,16.57502152997091,11.014319107532256,70.98292084026644,0.0,0.913705583709964,26.298089181501908,17.101884278431243,28.632421747063745,11.70014720902935,-21.27433098141455,-0.12848149002330977,1.0,10.0,0.7818314824680298,0.6234898018587336,-0.9288006879043954,0.3705796569542396
2018-10-24,20.43684776420274,1,1,45,0,0,0,0,0,0,0,0,0,0,0,0,0,0,0,0,0,1.6751269034682676,10.885837617508946,32.1601685989235,0.913705583709964,16.57502152997091,53.694083539131576,1.2182741116132856,0.7614213197583035,14.907044373300245,14.97332790321658,23.68186503729245,12.896544974990631,-9.210710714040678,-14.899894626502643,2.0,10.0,0.9749279121818236,-0.22252093395631434,-0.9222885739257473,0.38650198758351995
2018-10-25,39.37946970605506,1,1,50,0,0,0,0,0,0,0,0,0,0,0,0,0,0,0,0,0,20.43684776420274,1.6751269034682676,10.885837617508946,8.504062518912479,0.913705583709964,25.41462292675084,42.02061480668588,1.2182741116132856,10.999270761726658,17.762348214715548,21.306348196226104,11.60032472120769,18.76172086073447,19.523142180492776,3.0,10.0,0.43388373911755823,-0.900968867902419,-0.915503528711595,0.40230994135941717
2018-10-26,39.26767690237649,1,1,47,0,0,0,0,0,0,0,0,0,0,0,0,0,0,0,0,0,39.37946970605506,20.43684776420274,1.6751269034682676,14.826132771919646,8.504062518912479,46.96977315133015,45.83959604784668,1.0659898476616247,20.497148124575364,22.17312067002163,22.303837251890688,13.024002168748977,18.942621941852323,30.875407187142585,4.0,10.0,-0.433883739117558,-0.9009688679024191,-0.9084475601484346,0.41799884026197515
2018-10-27,43.422143532952575,1,1,49,0,0,0,1,0,0,0,0,0,0,0,0,0,0,0,0,0,39.26767690237649,39.37946970605506,20.43684776420274,35.84826132807326,14.826132771919646,31.386979615175505,62.38145416267249,0.7614213197583035,33.02799812421144,25.664769831515464,21.75368751982257,13.837200129560713,-0.11179280367856848,24.441544130456847,5.0,10.0,-0.9749279121818236,-0.2225209339563146,-0.9011227562966325,0.43356404150293626
2018-10-28,35.8721710803812,2,1,67,0,0,0,1,0,1,0,0,0,0,0,0,0,0,0,0,0,43.422143532952575,39.26767690237649,39.37946970605506,32.1601685989235,35.84826132807326,41.67801532968698,65.25816648988645,0.7614213197583035,40.689763380461386,26.746753003641086,22.613342085378076,14.850217702094898,4.154466630576081,7.573882204879318,6.0,10.0,-0.7818314824680299,0.6234898018587334,-0.8935312847725092,0.4490009388996743
2018-10-29,41.47095794110521,1,1,47,0,0,0,0,0,0,0,0,0,0,0,0,0,0,0,0,0,35.8721710803812,43.422143532952575,39.26767690237649,10.885837617508946,32.1601685989235,11.014319107532256,47.63352286419752,0.0,39.520663838570094,27.277039072420752,22.19863892471338,15.098261603159788,-7.5499724525713745,3.712002481457702,0.0,10.0,0.0,1.0,-0.8856753921068801,0.46430496423829476
2018-10-30,9.227399400385414,1,1,54,0,0,0,0,0,0,0,0,0,0,0,0,0,0,0,0,0,41.47095794110521,35.8721710803812,43.422143532952575,1.6751269034682676,10.885837617508946,16.57502152997091,70.98292084026644,0.0,40.25509085147967,31.646341975791646,24.37411312711145,14.11616457797634,5.598786860724012,30.585120323596264,1.0,10.0,0.7818314824680298,0.6234898018587336,-0.8775574030802451,0.4794715886254953
2018-10-31,12.256395993073893,1,1,59,0,0,0,0,0,0,0,0,0,0,0,0,0,0,0,0,0,9.227399400385414,41.47095794110521,35.8721710803812,20.43684776420274,1.6751269034682676,0.913705583709964,53.694083539131576,1.2182741116132856,28.856842807290615,32.725238046779815,23.849282974998196,11.898678515529955,-32.243558540719796,7.552272496917146,2.0,10.0,0.9749279121818236,-0.22252093395631434,-0.869179720034818,0.49449632382879777
2018-11-01,19.216220119791508,1,1,56,0,0,0,0,0,0,0,0,0,0,0,0,0,0,0,0,0,12.256395993073893,9.227399400385414,41.47095794110521,39.37946970605506,20.43684776420274,8.504062518912479,25.41462292675084,42.02061480668588,20.98491777818818,31.556602079475688,24.659475147095616,13.360169171435492,3.028996592688479,-8.180451771128846,3.0,11.0,0.43388373911755823,-0.900968867902419,-0.8605448221636071,0.5093747236047407
2018-11-02,11.064278188186888,1,4,55,1,0,0,0,0,0,0,0,0,0,0,0,0,0,0,0,0,19.216220119791508,12.256395993073893,9.227399400385414,39.26767690237649,39.37946970605506,14.826132771919646,46.96977315133015,45.83959604784668,13.566671837750278,28.676137852866617,25.42462926144412,13.535493509964944,6.959824126717615,-20.163249586263554,4.0,11.0,-0.433883739117558,-0.9009688679024191,-0.8516552647767522,0.5241023850146458
2018-11-03,8.703898841531055,2,6,55,1,0,0,1,0,1,0,0,0,0,0,0,0,0,0,0,0,11.064278188186888,19.216220119791508,12.256395993073893,43.422143532952575,39.26767690237649,35.84826132807326,31.386979615175505,62.38145416267249,14.178964767017435,24.64708089369667,25.15592536260607,13.973602120005495,-8.15194193160462,-28.203398714189603,5.0,11.0,-0.9749279121818236,-0.2225209339563146,-0.8425136785453353,0.5386749497275768
2018-11-04,25.6882745931422,2,1,58,0,0,0,1,0,1,0,0,0,0,0,0,0,0,0,0,0,8.703898841531055,11.064278188186888,19.216220119791508,35.8721710803812,43.422143532952575,32.1601685989235,41.67801532968698,65.25816648988645,12.994799049836493,19.687331652065023,23.21704232785305,12.51467243175563,-2.360379346655833,-34.71824469142152,6.0,11.0,-0.7818314824680299,0.6234898018587334,-0.8331227687228905,0.55308810531009
2018-11-05,58.78611201653576,1,1,43,0,0,0,0,0,0,0,0,0,0,0,0,0,0,0,0,0,25.6882745931422,8.703898841531055,11.064278188186888,41.47095794110521,35.8721710803812,10.885837617508946,11.014319107532256,47.63352286419752,15.152150540953388,18.232489296745168,22.754764184582964,11.055480266293722,16.984375751611147,-10.183896487239,0.0,11.0,0.0,1.0,-0.8234853143448451,0.5673375865024032
2018-11-06,8.028167507914809,1,1,44,0,0,0,0,0,0,0,0,0,0,0,0,0,0,0,0,0,58.78611201653576,25.6882745931422,8.703898841531055,9.227399400385414,41.47095794110521,1.6751269034682676,16.57502152997091,70.98292084026644,31.059428483736344,20.706082736092387,26.17621235594202,16.549944957486403,33.09783742339356,17.31515407543055,1.0,11.0,0.7818314824680298,0.6234898018587336,-0.8136041674061217,0.5814191764806106
2018-11-07,6.057993186114572,1,1,41,0,0,0,0,0,0,0,0,0,0,0,0,0,0,0,0,0,8.028167507914809,58.78611201653576,25.6882745931422,12.256395993073893,9.227399400385414,20.43684776420274,0.913705583709964,53.694083539131576,30.83418470586426,20.534763894310874,26.630000970545346,16.673626133436784,-50.75794450862095,-1.1992318924706051,2.0,11.0,0.9749279121818236,-0.22252093395631434,-0.8034822520171546,0.5953287081045576
2018-11-08,9.367755532778004,1,1,38,0,0,0,0,0,0,0,0,0,0,0,0,0,0,0,0,0,6.057993186114572,8.028167507914809,58.78611201653576,19.216220119791508,12.256395993073893,39.37946970605506,8.504062518912479,25.41462292675084,24.29075757018839,19.64927777903097,25.60293992925333,17.244566740489464,-1.9701743218002363,-6.19840280695932,3.0,11.0,0.43388373911755823,-0.900968867902419,-0.7931225635385611,0.6090620651510165
2018-11-09,9.515279241944,1,1,46,0,0,0,0,0,0,0,0,0,0,0,0,0,0,0,0,0,9.367755532778004,6.057993186114572,8.028167507914809,11.064278188186888,19.216220119791508,39.26767690237649,14.826132771919646,46.96977315133015,7.817972075602469,18.24235426660047,23.459246059733545,17.62016579638848,3.3097623466634314,-9.848464587013504,4.0,11.0,-0.433883739117558,-0.9009688679024191,-0.7825281676947325,0.62261518353179
2018-11-10,5.679662803628248,1,1,63,0,0,0,1,0,0,0,0,0,0,0,0,0,0,0,0,0,9.515279241944,9.367755532778004,6.057993186114572,8.703898841531055,11.064278188186888,43.422143532952575,35.84826132807326,31.386979615175505,8.313675986945533,18.021068702851487,21.334074798274077,17.718376215665202,0.14752370916599666,-1.5489989462428877,5.0,11.0,-0.9749279121818236,-0.2225209339563146,-0.7717021996665964,0.6359840524963944
2018-11-11,21.479034837936013,1,1,48,0,0,0,1,0,0,0,0,0,0,0,0,0,0,0,0,0,5.679662803628248,9.515279241944,9.367755532778004,25.6882745931422,8.703898841531055,35.8721710803812,32.1601685989235,41.67801532968698,8.18756585945009,17.589034983151084,18.638183317608057,17.975300766166136,-3.8356164383157525,-3.0242360379028073,6.0,11.0,-0.7818314824680299,0.6234898018587334,-0.7606478631638292,0.649164715818952
2018-11-12,7.856841024820467,1,1,52,0,0,0,0,0,0,0,0,0,0,0,0,0,0,0,0,0,21.479034837936013,5.679662803628248,9.515279241944,58.78611201653576,25.6882745931422,41.47095794110521,10.885837617508946,11.014319107532256,12.224658961169427,16.98771501812163,17.6101021574334,17.763459203603926,15.799372034307765,-4.2092397552061875,0.0,11.0,0.0,1.0,-0.7493684294767903,0.6621532729689469
2018-11-13,7.468989532762816,1,1,51,0,0,0,0,0,0,0,0,0,0,0,0,0,0,0,0,0,7.856841024820467,21.479034837936013,5.679662803628248,8.028167507914809,58.78611201653576,9.227399400385414,1.6751269034682676,16.57502152997091,11.67184622212825,9.712104876448015,15.209093806270204,4.992976894110539,-13.622193813115546,-50.92927099171529,1.0,11.0,0.7818314824680298,0.6234898018587336,-0.7378672365084513,0.6749458802655077
2018-11-14,9.567645344586367,1,1,65,0,0,0,0,0,0,0,0,0,0,0,0,0,0,0,0,0,7.468989532762816,7.856841024820467,21.479034837936013,6.057993186114572,8.028167507914809,12.256395993073893,20.43684776420274,0.913705583709964,12.268288465173105,9.63222230856916,15.083493101440016,5.02365803924973,-0.387851492057651,-0.559177975151993,2.0,11.0,0.9749279121818236,-0.22252093395631434,-0.7261476877866176,0.6875387520148583
2018-11-15,10.842992624437905,1,1,50,0,0,0,0,0,0,0,0,0,0,0,0,0,0,0,0,0,9.567645344586367,7.468989532762816,7.856841024820467,9.367755532778004,6.057993186114572,19.216220119791508,39.37946970605506,8.504062518912479,8.297825300723224,10.133601188350847,14.891439483690908,4.812622860236039,2.0986558118235514,3.509652158471795,3.0,11.0,0.43388373911755823,-0.900968867902419,-0.7142132514567308,0.6999281616306094
2018-11-16,8.703898841531055,1,1,42,0,0,0,0,0,0,0,0,0,0,0,0,0,0,0,0,0,10.842992624437905,9.567645344586367,7.468989532762816,9.515279241944,9.367755532778004,11.064278188186888,39.26767690237649,14.826132771919646,9.293209167262368,10.344349344302259,14.293351805451364,4.806768809395482,1.2753472798515375,1.475237091659901,4.0,11.0,-0.433883739117558,-0.9009688679024191,-0.7020674592555421,0.7121104427365658
2018-12-02,9.37492310955141,1,2,53,0,0,0,1,0,0,0,0,0,0,0,0,0,0,0,0,0,8.703898841531055,10.842992624437905,9.567645344586367,5.679662803628248,9.515279241944,8.703898841531055,43.422143532952575,35.84826132807326,9.70484560351845,10.22843785852898,14.124753280690234,4.835063258834509,-2.1390937829068495,-0.8113804004129452,6.0,12.0,-0.7818314824680299,0.6234898018587334,-0.4821018664403299,0.8761151695837427
2018-12-03,5.691590935187318,1,2,59,0,0,0,0,0,0,0,0,0,0,0,0,0,0,0,0,0,9.37492310955141,8.703898841531055,10.842992624437905,21.479034837936013,5.679662803628248,25.6882745931422,35.8721710803812,32.1601685989235,9.640604858506798,10.756332187946574,14.17268358554883,4.499702894698965,0.6710242680203553,3.6952603059231626,0.0,12.0,0.0,1.0,-0.4669596620640253,0.8842786178603729
2018-12-04,9.910298310775058,1,2,52,0,0,0,0,0,0,0,0,0,0,0,0,0,0,0,0,0,5.691590935187318,9.37492310955141,8.703898841531055,7.856841024820467,21.479034837936013,58.78611201653576,41.47095794110521,10.885837617508946,7.923470962089936,8.500983058982477,12.744349038552054,1.5492088749060708,-3.683332174364092,-15.787443902748695,1.0,12.0,0.7818314824680298,0.6234898018587336,-0.45167927113624246,0.892180383120943
2018-12-05,1.3705583755649464,1,2,49,0,0,0,0,0,0,0,0,0,0,0,0,0,0,0,0,0,9.910298310775058,5.691590935187318,9.37492310955141,7.468989532762816,7.856841024820467,8.028167507914809,9.227399400385414,1.6751269034682676,8.325604118504602,8.794334099833133,9.253219488140575,1.5932537979689612,4.21870737558774,2.0534572859545914,2.0,12.0,0.9749279121818236,-0.22252093395631434,-0.4362652155561949,0.8998181270099568
2018-12-06,3.502538070888196,1,1,47,0,0,0,0,0,0,0,0,0,0,0,0,0,0,0,0,0,1.3705583755649464,9.910298310775058,5.691590935187318,9.567645344586367,7.468989532762816,6.057993186114572,12.256395993073893,20.43684776420274,5.657482540509115,7.923129648804866,8.777675978687013,3.066224553037002,-8.539739935210111,-6.0984311571978695,3.0,12.0,0.43388373911755823,-0.900968867902419,-0.4207220567782361,0.9071895893033003
2018-12-07,31.71299738420923,1,2,52,0,0,0,0,0,0,0,0,0,0,0,0,0,0,0,0,0,3.502538070888196,1.3705583755649464,9.910298310775058,10.842992624437905,9.567645344586367,9.367755532778004,19.216220119791508,39.37946970605506,4.927798252409407,7.056685752562269,8.595143470456557,3.3251048085576618,2.13197969532325,-6.065107273698171,4.0,12.0,-0.433883739117558,-0.9009688679024191,-0.4050543944620073,0.9142925885771013
2018-12-08,44.87839189465959,1,2,45,0,0,0,1,0,0,0,0,0,0,0,0,0,0,0,0,0,31.71299738420923,3.502538070888196,1.3705583755649464,8.703898841531055,10.842992624437905,9.515279241944,11.064278188186888,39.26767690237649,12.195364610220798,10.038115003958174,10.191232174130217,9.325612923530041,28.210459313321035,20.870004759771327,5.0,12.0,-0.9749279121818236,-0.2225209339563146,-0.3892668651112589,0.9211250228532786
2018-12-09,54.5721651957337,1,3,59,0,0,0,1,0,0,0,0,0,0,0,0,0,0,0,0,0,44.87839189465959,31.71299738420923,3.502538070888196,9.37492310955141,8.703898841531055,5.679662803628248,8.703898841531055,43.422143532952575,26.69797578325235,15.205899725833678,12.71716879218133,15.277865236664088,13.165394510450362,36.174493053128536,6.0,12.0,-0.7818314824680299,0.6234898018587334,-0.3733641407017845,0.9276848702215738
2018-12-10,61.772317105343,1,3,34,0,0,0,0,0,0,0,0,0,0,0,0,0,0,0,0,0,54.5721651957337,44.87839189465959,31.71299738420923,5.691590935187318,9.37492310955141,21.479034837936013,25.6882745931422,35.8721710803812,43.72118482486752,21.662648595288292,16.209490391617436,20.2052591821757,9.69377330107411,45.19724208618229,0.0,12.0,0.0,1.0,-0.35735092729884943,0.9339701894378923
2018-12-11,61.64383561684252,2,3,34,0,0,0,0,0,1,0,0,0,0,0,0,0,0,0,0,0,61.772317105343,54.5721651957337,44.87839189465959,9.910298310775058,5.691590935187318,7.856841024820467,58.78611201653576,41.47095794110521,53.740958065245444,29.674180905310532,19.087581982146506,23.183078083115326,7.200151909609296,56.08072617015568,1.0,12.0,0.7818314824680298,0.6234898018587336,-0.3412319636645278,0.9399791204987749
2018-12-12,63.78292939974939,2,3,37,0,0,0,0,0,1,0,0,0,0,0,0,0,0,0,0,0,61.64383561684252,61.772317105343,54.5721651957337,1.3705583755649464,9.910298310775058,7.468989532762816,8.028167507914809,9.227399400385414,59.329439305973075,37.06468623474874,22.92951016729094,23.938303287074003,-0.12848148850047636,51.73353730606746,2.0,12.0,0.9749279121818236,-0.22252093395631434,-0.32501201985537936,0.9457098851918206
2018-12-13,64.29926238183036,2,3,40,0,0,0,0,0,1,0,0,0,0,0,0,0,0,0,0,0,63.78292939974939,61.64383561684252,61.772317105343,3.502538070888196,1.3705583755649464,9.567645344586367,6.057993186114572,12.256395993073893,62.39969404064498,45.98073923820367,26.951934443504264,20.335114934941554,2.139093782906869,62.412371024184445,3.0,12.0,0.43388373911755823,-0.900968867902419,-0.30869589581084605,0.9511607876219137
2018-12-14,66.95468914681817,1,3,37,0,0,0,0,0,0,0,0,0,0,0,0,0,0,0,0,0,64.29926238183036,63.78292939974939,61.64383561684252,31.71299738420923,3.502538070888196,10.842992624437905,9.367755532778004,19.216220119791508,63.242009132807425,54.665985568338264,30.861335660450266,11.32477994089464,0.5163329820809679,60.79672431094217,4.0,12.0,-0.433883739117558,-0.9009688679024191,-0.2922884199328186,0.9563302147130855
2018-12-15,70.86406743971692,1,2,57,0,0,0,1,0,0,0,0,0,0,0,0,0,0,0,0,0,66.95468914681817,64.29926238183036,63.78292939974939,44.87839189465959,31.71299738420923,8.703898841531055,9.515279241944,11.064278188186888,65.0122936427993,59.700512962996676,34.869313983477426,7.015307664710689,2.6554267649878085,35.24169176260894,5.0,12.0,-0.9749279121818236,-0.2225209339563146,-0.27579444765677436,0.9612166366858694
2018-12-16,67.17597471056716,1,2,61,0,0,0,1,0,0,0,0,0,0,0,0,0,0,0,0,0,70.86406743971692,66.95468914681817,64.29926238183036,54.5721651957337,44.87839189465959,9.37492310955141,5.679662803628248,8.703898841531055,67.37267298945515,63.4127523265763,39.309326026204985,4.674649251265905,3.909378292898751,25.985675545057326,6.0,12.0,-0.7818314824680299,0.6234898018587334,-0.2592188600149208,0.9658186075100049
2018-12-17,62.6479382507676,1,3,42,0,0,0,0,0,0,0,0,0,0,0,0,0,0,0,0,0,67.17597471056716,70.86406743971692,66.95468914681817,61.772317105343,54.5721651957337,5.691590935187318,21.479034837936013,25.6882745931422,68.33157709903408,65.21329654298108,43.43797256913468,3.077071077763828,-3.6880927291497585,12.603809514833458,0.0,12.0,0.0,1.0,-0.24256656219175124,0.9701347653323611
2018-12-18,65.92202318265625,1,2,56,0,0,0,0,0,0,0,0,0,0,0,0,0,0,0,0,0,62.6479382507676,67.17597471056716,70.86406743971692,61.64383561684252,61.772317105343,9.910298310775058,7.856841024820467,58.78611201653576,66.89599346701723,65.33838527804174,47.50628309167614,2.9498125426876416,-4.528036459799559,0.8756211454246028,1.0,12.0,0.7818314824680298,0.6234898018587336,-0.22584248207247404,0.9741638328799443
2018-12-19,65.2581664914093,1,2,59,0,0,0,0,0,0,0,0,0,0,0,0,0,0,0,0,0,65.92202318265625,62.6479382507676,67.17597471056716,63.78292939974939,61.64383561684252,1.3705583755649464,7.468989532762816,8.028167507914809,65.24864538133033,65.94955493030083,51.507120582524784,2.5350682114440515,3.2740849318886447,4.278187565813724,2.0,12.0,0.9749279121818236,-0.22252093395631434,-0.20905156878470177,0.9779046178378825
2018-12-20,42.177713114613,1,2,58,0,0,0,0,0,0,0,0,0,0,0,0,0,0,0,0,0,65.2581664914093,65.92202318265625,62.6479382507676,64.29926238183036,63.78292939974939,3.502538070888196,9.567645344586367,6.057993186114572,64.60937597494438,66.16030308625226,56.07052116222796,2.404128714876496,-0.6638566912469486,1.4752370916599062,3.0,12.0,0.43388373911755823,-0.900968867902419,-0.1921987912338717,0.9813560132022622
2018-12-21,13.305750643580565,1,2,51,0,0,0,0,0,0,0,0,0,0,0,0,0,0,0,0,0,42.177713114613,65.2581664914093,65.92202318265625,66.95468914681817,64.29926238183036,31.71299738420923,10.842992624437905,9.367755532778004,57.785967596226186,63.00008176236406,58.83303366535115,8.801387891174654,-23.0804533767963,-22.12154926721736,4.0,12.0,-0.433883739117558,-0.9009688679024191,-0.17528913663280452,0.9845169976077234
2018-12-22,5.491701123378953,1,2,42,0,0,0,1,0,0,0,0,0,0,0,0,0,0,0,0,0,13.305750643580565,42.177713114613,65.2581664914093,70.86406743971692,66.95468914681817,44.87839189465959,8.703898841531055,9.515279241944,40.247210083200955,55.33594769047297,57.51823032673483,19.216681629515378,-28.871962471032433,-53.6489385032376,5.0,12.0,-0.9749279121818236,-0.2225209339563146,-0.15832760902584103,0.9873866356297114
2018-12-23,1.3705583755649464,2,2,42,0,0,0,1,0,1,0,0,0,0,0,0,0,0,0,0,0,5.491701123378953,13.305750643580565,42.177713114613,67.17597471056716,70.86406743971692,54.5721651957337,9.37492310955141,5.679662803628248,20.325054960524174,45.9970382167104,54.70489527164335,24.546706999780643,-7.814049520201611,-65.37236631633796,6.0,12.0,-0.7818314824680299,0.6234898018587334,-0.14131922780801567,0.9899640780612932
2018-12-24,6.108005755958995,2,2,42,0,0,0,0,0,1,0,0,0,0,0,0,0,0,0,0,0,1.3705583755649464,5.491701123378953,13.305750643580565,62.6479382507676,67.17597471056716,61.772317105343,5.691590935187318,21.479034837936013,6.7226700475081556,36.59626445456723,50.90478049877415,27.103345319203452,-4.121142747814007,-65.80541633500222,0.0,12.0,0.0,1.0,-0.1242690262396651,0.9922485621644637
2018-12-25,71.97049525693902,1,2,44,0,0,0,0,0,0,0,0,0,0,0,0,0,0,0,0,0,6.108005755958995,1.3705583755649464,5.491701123378953,65.92202318265625,62.6479382507676,61.64383561684252,9.910298310775058,7.856841024820467,4.3234217516342985,28.519131241023143,46.928758259532444,26.55534096585088,4.737447380394049,-56.53993249480861,1.0,12.0,0.7818314824680298,0.6234898018587336,-0.10718204995695312,0.9942394118958598
2018-12-26,49.732392632780254,1,2,58,0,0,0,0,0,0,0,0,0,0,0,0,0,0,0,0,0,71.97049525693902,6.108005755958995,1.3705583755649464,65.2581664914093,65.92202318265625,63.78292939974939,1.3705583755649464,7.468989532762816,26.48301979615432,29.383198680206394,47.66637680525361,27.82630142806348,65.86248950098002,6.0484720742827704,2.0,12.0,0.9749279121818236,-0.22252093395631434,-0.09006335547871394,0.9959360381068229
2018-12-27,10.105374078607952,1,3,46,0,0,0,0,0,0,0,0,0,0,0,0,0,0,0,0,0,49.732392632780254,71.97049525693902,6.108005755958995,42.177713114613,65.2581664914093,64.29926238183036,3.502538070888196,9.567645344586367,42.603631215226095,27.165230986116534,46.66276703618439,25.39055525296921,-22.238102624158763,-15.525773858629044,3.0,12.0,0.43388373911755823,-0.900968867902419,-0.07291800871009775,0.9973379387177418
2018-12-28,18.54284231897321,1,3,38,0,0,0,0,0,0,0,0,0,0,0,0,0,0,0,0,0,10.105374078607952,49.732392632780254,71.97049525693902,13.305750643580565,42.177713114613,66.95468914681817,31.71299738420923,10.842992624437905,43.93608732277574,22.58346826668724,42.79177501452565,25.160849188215174,-39.6270185541723,-32.07233903600505,4.0,12.0,-0.433883739117558,-0.9009688679024191,-0.055751083443415735,0.9984446988666349
2018-12-29,40.735585949693615,1,3,31,0,1,0,0,1,0,0,0,0,0,0,0,0,0,0,0,0,18.54284231897321,10.105374078607952,49.732392632780254,5.491701123378953,13.305750643580565,70.86406743971692,44.87839189465959,8.703898841531055,26.126869676787138,23.33162422031476,39.33378595539387,24.950839595215896,8.43746824036526,5.237091675392646,5.0,12.0,-0.9749279121818236,-0.2225209339563146,-0.03856765985666961,0.9992559910319179
2019-01-14,8.634897541733725,1,2,49,0,0,0,0,0,0,0,0,0,0,0,0,0,0,0,0,0,40.735585949693615,18.54284231897321,10.105374078607952,1.3705583755649464,5.491701123378953,67.17597471056716,54.5721651957337,9.37492310955141,23.12793411575826,28.366464909788284,37.18175156324934,24.392617319701476,22.192743630720404,35.24388482631466,0.0,1.0,0.0,1.0,0.23851737782209795,0.9711382293354899
2019-01-15,5.900948367377231,2,2,49,0,0,0,0,0,1,0,0,0,0,0,0,0,0,0,0,0,8.634897541733725,40.735585949693615,18.54284231897321,6.108005755958995,1.3705583755649464,62.6479382507676,61.772317105343,5.691590935187318,22.637775270133517,29.404227647812398,33.00024605118981,23.354459894144224,-32.10068840795989,7.264339166168779,1.0,1.0,0.7818314824680298,0.6234898018587336,0.2551875362954114,0.9668915768169035
2019-01-16,7.302423604454139,1,3,39,0,0,0,0,0,0,0,0,0,0,0,0,0,0,0,0,0,5.900948367377231,8.634897541733725,40.735585949693615,71.97049525693902,6.108005755958995,65.92202318265625,61.64383561684252,9.910298310775058,18.42381061960152,29.374648020872144,28.946889630947645,23.384059394778472,-2.7339491743564936,-0.20705738858176392,2.0,1.0,0.9749279121818236,-0.22252093395631434,0.27178217756994844,0.9623587937746176
2019-01-17,9.01322792422004,1,3,44,0,0,0,0,0,0,0,0,0,0,0,0,0,0,0,0,0,7.302423604454139,5.900948367377231,8.634897541733725,49.732392632780254,71.97049525693902,65.2581664914093,63.78292939974939,1.3705583755649464,7.279423171188363,20.13635207051716,24.75977537536178,16.48832375139473,1.401475237076908,-64.66807165248488,3.0,1.0,0.43388373911755823,-0.900968867902419,0.28829639082270425,0.9575412215871454
2019-01-18,2.4817467498331705,1,2,52,0,0,0,0,0,0,0,0,0,0,0,0,0,0,0,0,0,9.01322792422004,7.302423604454139,5.900948367377231,10.105374078607952,49.732392632780254,42.177713114613,64.29926238183036,3.502538070888196,7.4055332986838005,14.319328540722845,20.742279763419692,11.426708534351858,1.7108043197659004,-40.719164708560214,4.0,1.0,-0.433883739117558,-0.9009688679024191,0.3047252890315972,0.9524402859101507
2019-01-19,37.95654522784774,1,2,64,0,0,0,1,0,0,0,0,0,0,0,0,0,0,0,0,0,2.4817467498331705,9.01322792422004,7.302423604454139,18.54284231897321,10.105374078607952,13.305750643580565,66.95468914681817,31.71299738420923,6.265799426169114,13.230238922326448,17.906853594506845,12.118791739467742,-6.531481174386869,-7.623627328774781,5.0,1.0,-0.9749279121818236,-0.2225209339563146,0.32106401042167637,0.9470574962545567
2019-02-04,9.010874391422105,1,2,44,0,1,0,0,1,0,0,0,0,0,0,0,0,0,0,0,0,37.95654522784774,2.4817467498331705,9.01322792422004,40.735585949693615,18.54284231897321,5.491701123378953,70.86406743971692,44.87839189465959,16.483839967300316,16.003625052165667,19.667624636240216,14.915861963791848,35.47479847801457,19.41370290887453,0.0,2.0,0.0,1.0,0.5663721224098525,0.8241496338390009
2019-02-05,22.064315630624503,1,1,46,0,0,1,0,1,0,0,0,0,0,0,0,0,0,0,0,0,9.010874391422105,37.95654522784774,2.4817467498331705,8.634897541733725,40.735585949693615,1.3705583755649464,67.17597471056716,54.5721651957337,16.48305545636767,11.471523400984022,19.91899415538615,11.024839624296607,-28.945670836425634,-31.72471155827151,1.0,2.0,0.7818314824680298,0.6234898018587336,0.5804652828186154,0.8142849964492191
2019-02-06,23.71328622736648,2,2,51,0,0,1,0,1,1,0,0,0,0,0,0,0,0,0,0,0,22.064315630624503,9.010874391422105,37.95654522784774,5.900948367377231,8.634897541733725,6.108005755958995,62.6479382507676,61.772317105343,23.010578416631446,13.390011699396991,21.397119673604692,11.521571325667809,13.053441239202398,13.429418088890777,2.0,2.0,0.9749279121818236,-0.22252093395631434,0.5943866671571916,0.8041793891326524
2019-02-07,34.6799997863044,1,2,28,0,0,1,0,1,0,0,0,0,0,0,0,0,0,0,0,0,23.71328622736648,22.064315630624503,9.010874391422105,7.302423604454139,5.900948367377231,71.97049525693902,65.92202318265625,61.64383561684252,18.262825416471028,15.934631393681169,22.654639707276655,11.553506223259065,1.6489705967419788,17.81233785998925,3.0,2.0,0.43388373911755823,-0.900968867902419,0.6081321556947994,0.7938358024238994
2019-02-08,31.01817034226053,1,3,29,0,0,1,0,1,0,0,0,0,0,0,0,0,0,0,0,0,34.6799997863044,23.71328622736648,22.064315630624503,9.01322792422004,7.302423604454139,49.732392632780254,65.2581664914093,63.78292939974939,26.81920054809846,19.845713705374063,19.99103288794561,12.559472311896743,10.966713558937919,27.37757618185026,4.0,2.0,-0.433883739117558,-0.9009688679024191,0.6216976807531925,0.7832572972823819
2019-02-09,20.98174407499773,1,3,31,0,0,1,0,1,0,0,0,0,0,0,0,0,0,0,0,0,31.01817034226053,34.6799997863044,23.71328622736648,2.4817467498331705,9.01322792422004,10.105374078607952,42.177713114613,64.29926238183036,29.80381878531047,22.989276907951275,18.65430272433706,12.203568126442871,-3.661829444043871,22.00494241804049,5.0,2.0,-0.9749279121818236,-0.2225209339563146,0.6350792279104001,0.7724470041865203
2019-02-10,37.41405593904048,1,3,23,0,1,0,0,1,0,0,0,0,0,0,0,0,0,0,0,0,20.98174407499773,31.01817034226053,34.6799997863044,37.95654522784774,2.4817467498331705,18.54284231897321,13.305750643580565,66.95468914681817,28.893304734520882,25.63213366868907,19.431186295507757,9.079553772876928,-10.036426267262797,18.49999732516456,6.0,2.0,-0.7818314824680299,0.6234898018587334,0.6482728371887081,0.7614081222073368
2019-02-11,60.99185356644201,1,2,23,0,0,0,0,0,0,0,0,0,0,0,0,0,0,0,0,0,37.41405593904048,20.98174407499773,31.01817034226053,9.010874391422105,37.95654522784774,40.735585949693615,5.491701123378953,70.86406743971692,29.80465678543291,25.55463519885946,20.779130125512562,8.975749925034062,16.43231186404275,-0.5424892888072606,0.0,2.0,0.0,1.0,0.6612746042265288,0.7501439180617594
2019-02-12,56.37101303443961,1,2,26,0,0,0,0,0,0,0,0,0,0,0,0,0,0,0,0,0,60.99185356644201,37.41405593904048,20.98174407499773,22.064315630624503,9.010874391422105,8.634897541733725,1.3705583755649464,67.17597471056716,39.79588452682674,32.980489366719446,22.226006383851736,12.87326054901068,23.57779762740153,51.980979175019904,1.0,2.0,0.7818314824680298,0.6234898018587336,0.6740806814338108,0.738657725145909
2019-02-13,40.17897546409873,1,2,34,0,0,0,0,0,0,0,0,0,0,0,0,0,0,0,0,0,56.37101303443961,60.99185356644201,37.41405593904048,23.71328622736648,22.064315630624503,5.900948367377231,6.108005755958995,62.6479382507676,51.59230751330737,37.881446138693036,25.635728919045015,14.242110435442054,-4.620840532002397,34.30669740381511,2.0,2.0,0.9749279121818236,-0.22252093395631434,0.6866872791306503,0.7269529425486524
2019-02-14,23.89172679804443,2,2,26,0,0,0,0,0,1,0,0,0,0,0,0,0,0,0,0,0,40.17897546409873,56.37101303443961,60.99185356644201,34.6799997863044,23.71328622736648,7.302423604454139,71.97049525693902,65.92202318265625,52.513947354993455,40.233687458226214,28.08415942595369,13.0146871908967,-16.192037570340887,16.465689236732246,3.0,2.0,0.43388373911755823,-0.900968867902419,0.6990906666687643,0.7150330340457165
2019-02-15,8.339850123401746,1,3,23,0,0,0,0,0,0,0,0,0,0,0,0,0,0,0,0,0,23.89172679804443,40.17897546409873,56.37101303443961,31.01817034226053,34.6799997863044,9.01322792422004,49.732392632780254,65.2581664914093,40.14723843219426,38.6925056027605,29.269109654067282,14.16869849662876,-16.287248666054296,-10.788272988259969,4.0,2.0,-0.433883739117558,-0.9009688679024191,0.7112871735354942,0.7029015270746591
2019-02-16,20.063224447312297,1,2,26,0,0,0,1,0,0,0,0,0,0,0,0,0,0,0,0,0,8.339850123401746,23.89172679804443,40.17897546409873,20.98174407499773,31.01817034226053,2.4817467498331705,10.105374078607952,42.177713114613,24.13685079518163,35.452745571494965,29.22101123972312,17.704640542425135,-15.551876674642685,-22.678320218858783,5.0,2.0,-0.9749279121818236,-0.2225209339563146,0.723273190440015,0.6905620116910007
2019-02-17,7.744994731952112,2,3,24,0,0,0,1,0,1,0,0,0,0,0,0,0,0,0,0,0,20.063224447312297,8.339850123401746,23.89172679804443,37.41405593904048,20.98174407499773,37.95654522784774,18.54284231897321,13.305750643580565,17.431600456252824,35.32152848182562,30.476831075257344,17.814468549079812,11.723374323910551,-0.9185196276854342,6.0,2.0,-0.7818314824680299,0.6234898018587334,0.7350451703814259,0.6780181395058251
2019-02-18,6.859852476956172,2,3,22,0,0,0,0,0,1,0,0,0,0,0,0,0,0,0,0,0,7.744994731952112,20.063224447312297,8.339850123401746,60.99185356644201,37.41405593904048,9.010874391422105,40.735585949693615,5.491701123378953,12.04935643422205,31.08309116652728,28.31886318269337,20.184233996477122,-12.318229715360186,-29.66906120708837,0.0,2.0,0.0,1.0,0.7465996296984081,0.6652736226051653
2019-02-19,6.077035405257244,2,2,22,0,0,0,0,0,1,0,0,0,0,0,0,0,0,0,0,0,6.859852476956172,7.744994731952112,20.063224447312297,56.37101303443961,60.99185356644201,22.064315630624503,8.634897541733725,1.3705583755649464,11.556023885406859,23.349948153743586,28.165218760231514,17.42512075176864,-0.88514225499594,-54.13200108948584,1.0,2.0,0.7818314824680298,0.6234898018587336,0.7579331491001386,0.6523322324514917
2019-02-20,40.75938872362197,2,3,32,0,0,0,0,0,1,0,0,0,0,0,0,0,0,0,0,0,6.077035405257244,6.859852476956172,7.744994731952112,40.17897546409873,56.37101303443961,23.71328622736648,5.900948367377231,6.108005755958995,6.893960871388508,16.165094206717534,27.023270172705285,11.784079682696879,-0.7828170716989282,-50.29397762918237,2.0,2.0,0.9749279121818236,-0.22252093395631434,0.769042374678155,0.6391977987676305
2019-02-21,43.07692307720678,2,2,30,0,0,0,0,0,1,0,0,0,0,0,0,0,0,0,0,0,40.75938872362197,6.077035405257244,6.859852476956172,23.89172679804443,40.17897546409873,34.6799997863044,7.302423604454139,71.97049525693902,17.898758868611793,16.248010386649423,28.240848922437817,11.95357951092126,34.682353318364726,0.5804132595232403,3.0,2.0,0.43388373911755823,-0.900968867902419,0.7799240188988715,0.62587420840344
2019-02-22,9.884088514858972,1,2,28,0,0,0,0,0,0,0,0,0,0,0,0,0,0,0,0,0,43.07692307720678,40.75938872362197,6.077035405257244,8.339850123401746,23.89172679804443,31.01817034226053,9.01322792422004,49.732392632780254,29.971115735361995,18.988752712244043,28.84062915750227,15.161035198259261,2.3175343535848114,19.185196279162348,4.0,2.0,-0.433883739117558,-0.9009688679024191,0.7905748615764533,0.6123654041855825
2019-02-23,12.76080084359579,2,3,29,0,0,0,1,0,1,0,0,0,0,0,0,0,0,0,0,0,9.884088514858972,43.07692307720678,40.75938872362197,20.063224447312297,8.339850123401746,20.98174407499773,2.4817467498331705,10.105374078607952,31.24013343856257,19.209358196737934,27.331051884116448,15.015011699353064,-33.192834562347805,1.5442383914572257,5.0,2.0,-0.9749279121818236,-0.2225209339563146,0.8009917508257599,0.5986753837507299
2019-02-24,3.34784678568643,2,2,18,0,0,0,1,0,1,0,0,0,0,0,0,0,0,0,0,0,12.76080084359579,9.884088514858972,43.07692307720678,7.744994731952112,20.063224447312297,37.41405593904048,37.95654522784774,18.54284231897321,21.907270811887177,18.166154824778435,26.743841653302024,15.172300540119561,2.8767123287368186,-7.302423603716507,6.0,2.0,-0.7818314824680299,0.6234898018587334,0.8111716039950779,0.5848081983625508
2019-02-25,10.252897787773952,2,2,35,0,0,0,0,0,1,0,0,0,0,0,0,0,0,0,0,0,3.34784678568643,12.76080084359579,9.884088514858972,6.859852476956172,7.744994731952112,60.99185356644201,9.010874391422105,40.735585949693615,8.664245381380395,17.537990832454764,24.31054099949102,15.673501164204895,-9.41295405790936,-4.397147946265683,0.0,2.0,0.0,1.0,0.8211114085783636,0.5707679517128266
2019-02-26,6.126994485911893,2,2,48,0,0,0,0,0,1,0,0,0,0,0,0,0,0,0,0,0,10.252897787773952,3.34784678568643,12.76080084359579,6.077035405257244,6.859852476956172,56.37101303443961,22.064315630624503,8.634897541733725,8.787181805685387,18.02271159114302,20.686329872443302,15.385594995892788,6.9050510020875215,3.3930453108177794,1.0,2.0,0.7818314824680298,0.6234898018587336,0.8308082231067296,0.5565587987070535
2019-02-27,9.29164014539707,1,2,46,0,0,0,0,0,0,0,0,0,0,0,0,0,0,0,0,0,6.126994485911893,10.252897787773952,3.34784678568643,40.75938872362197,6.077035405257244,40.17897546409873,23.71328622736648,5.900948367377231,6.5759130197907565,18.029848602665112,17.097471404691323,15.380062618275852,-4.125903301862059,0.0499590806546486,2.0,2.0,0.9749279121818236,-0.22252093395631434,0.8402591780189079,0.5421849442348885
2019-02-28,13.767310501031426,1,2,43,0,0,0,0,0,0,0,0,0,0,0,0,0,0,0,0,0,9.29164014539707,6.126994485911893,10.252897787773952,43.07692307720678,40.75938872362197,23.89172679804443,34.6799997863044,7.302423604454139,8.557177473027636,13.534455948632983,14.891233167641206,12.387140164181835,3.164645659485177,-31.4677485782249,3.0,2.0,0.43388373911755823,-0.900968867902419,0.849461476510434,0.5276506419258042
2019-03-01,38.44896845762077,2,3,31,0,0,0,0,0,1,0,0,0,0,0,0,0,0,0,0,0,13.767310501031426,9.29164014539707,6.126994485911893,9.884088514858972,43.07692307720678,8.339850123401746,31.01817034226053,9.01322792422004,9.728648377446794,9.34736843775079,14.168060574997417,3.3522622332393324,4.475670355634357,-29.309612576175354,4.0,3.0,-0.433883739117558,-0.9009688679024191,0.8584123953613012,0.5129601928903189
2019-03-02,10.105374078607952,2,3,32,0,0,0,1,0,1,0,0,0,0,0,0,0,0,0,0,0,38.44896845762077,13.767310501031426,9.29164014539707,12.76080084359579,9.884088514858972,20.063224447312297,20.98174407499773,2.4817467498331705,20.502639701349754,13.428065572431048,16.31871188458449,10.748515286861245,24.681657956589348,28.5648799427618,5.0,3.0,-0.9749279121818236,-0.2225209339563146,0.8671092857418372,0.498117944447177
2019-03-03,47.55045385680236,2,2,34,0,0,0,1,0,1,0,0,0,0,0,0,0,0,0,0,0,10.105374078607952,38.44896845762077,13.767310501031426,3.34784678568643,12.76080084359579,7.744994731952112,37.41405593904048,37.95654522784774,20.77388434575338,13.048718891718497,15.607436858248466,10.812042065076149,-28.34359437901282,-2.6554267649878387,6.0,3.0,-0.7818314824680299,0.6234898018587334,0.8755495739965682,0.48312828883685527
2019-03-04,9.672324060681326,2,3,33,0,0,0,0,0,1,0,0,0,0,0,0,0,0,0,0,0,47.55045385680236,10.105374078607952,38.44896845762077,10.252897787773952,3.34784678568643,6.859852476956172,60.99185356644201,9.010874391422105,32.03493213101036,19.363377044735063,18.450683938594914,15.285101140727665,37.44507977819441,44.202607071115935,0.0,3.0,0.0,1.0,0.8837307624058365,0.4679956619217736
2019-03-05,53.88921279615428,2,3,33,0,0,0,0,0,1,0,0,0,0,0,0,0,0,0,0,0,9.672324060681326,47.55045385680236,10.105374078607952,6.126994485911893,10.252897787773952,6.077035405257244,56.37101303443961,22.064315630624503,22.442717332030544,19.280437940864687,18.65157476600385,15.335801910000765,-37.87812979612104,-0.5805737270926254,1.0,3.0,0.7818314824680298,0.6234898018587336,0.8916504299249455,0.4527245418735987
2019-03-06,33.982926189937345,2,2,33,0,0,0,0,0,1,0,0,0,0,0,0,0,0,0,0,0,53.88921279615428,9.672324060681326,47.55045385680236,9.29164014539707,6.126994485911893,40.75938872362197,40.17897546409873,23.71328622736648,37.037330237879324,26.10361198518503,22.06673029392507,18.303676584412354,44.216888735472956,47.76221831024239,2.0,3.0,0.9749279121818236,-0.22252093395631434,0.8993062329006161,0.4373194478480267
2019-03-07,20.14650741146664,2,3,18,0,0,0,0,0,1,0,0,0,0,0,0,0,0,0,0,0,33.982926189937345,53.88921279615428,9.672324060681326,13.767310501031426,9.29164014539707,43.07692307720678,23.89172679804443,34.6799997863044,32.51482101559098,29.630938562976496,21.58269725580474,17.060895141638895,-19.906286606216938,24.691286044540277,3.0,3.0,0.43388373911755823,-0.900968867902419,0.9066959057645391,0.42178493864743694
2019-03-08,21.907270811887173,2,3,23,0,0,0,0,0,1,0,0,0,0,0,0,0,0,0,0,0,20.14650741146664,33.982926189937345,53.88921279615428,38.44896845762077,13.767310501031426,9.884088514858972,8.339850123401746,31.01817034226053,36.006215465852755,30.54225240732438,19.944810422537586,16.34452852860938,-13.836418778470705,6.379196910435214,4.0,3.0,-0.433883739117558,-0.9009688679024191,0.9138172617038212,0.4061256113718145
2019-03-25,3.2883665954604444,2,2,38,0,0,0,0,0,1,0,0,0,0,0,0,0,0,0,0,0,21.907270811887173,20.14650741146664,33.982926189937345,10.105374078607952,38.44896845762077,12.76080084359579,20.063224447312297,20.98174407499773,25.345568137763717,28.179152743648153,20.803609158039603,16.225915594099728,1.760763400420533,-16.5416976457336,0.0,3.0,0.0,1.0,0.9921022450584553,0.1254317956100953
2019-03-26,9.581927008943383,1,2,49,0,0,0,0,0,0,0,0,0,0,0,0,0,0,0,0,0,3.2883665954604444,21.907270811887173,20.14650741146664,47.55045385680236,10.105374078607952,3.34784678568643,7.744994731952112,37.41405593904048,15.114048272938083,27.205294531769937,20.127006711744222,17.44056568214294,-18.618904216426728,-6.817007483147507,1.0,3.0,0.7818314824680298,0.6234898018587336,0.9941131183152286,0.10834716421564623
2019-03-27,5.260894450058634,1,2,37,0,0,0,0,0,0,0,0,0,0,0,0,0,0,0,0,0,9.581927008943383,3.2883665954604444,21.907270811887173,9.672324060681326,47.55045385680236,10.252897787773952,6.859852476956172,60.99185356644201,11.592521472096998,21.78121926779008,20.572298156262573,16.124190995388773,6.293560413482939,-37.96852684785898,2.0,3.0,0.9749279121818236,-0.22252093395631434,0.9958298054254058,0.09123046983545845
2019-03-28,41.23287671263189,1,2,41,0,0,0,0,0,0,0,0,0,0,0,0,0,0,0,0,0,5.260894450058634,9.581927008943383,3.2883665954604444,53.88921279615428,9.672324060681326,6.126994485911893,6.077035405257244,56.37101303443961,6.043729351487485,21.151015037701132,20.215726489282908,16.662371783391347,-4.321032558884749,-4.411429610622692,3.0,3.0,0.43388373911755823,-0.900968867902419,0.9972517983727895,0.07408677778279397
2019-04-14,4.956325922155313,2,2,34,0,0,0,1,0,1,0,0,0,0,0,0,0,0,0,0,0,41.23287671263189,5.260894450058634,9.581927008943383,33.982926189937345,53.88921279615428,9.29164014539707,40.75938872362197,40.17897546409873,18.691899390544634,19.342967025769358,22.723289505477194,13.374019305573702,35.971982262573256,-12.65633608352239,6.0,4.0,-0.7818314824680299,0.6234898018587334,0.9762686558863216,-0.21656295051073468
2019-04-15,2.241418966941507,2,2,43,0,0,0,0,0,1,0,0,0,0,0,0,0,0,0,0,0,4.956325922155313,41.23287671263189,5.260894450058634,20.14650741146664,33.982926189937345,13.767310501031426,43.07692307720678,23.89172679804443,17.150032361615278,15.19630984465764,22.41362420381707,12.673563171156395,-36.27655079047658,-29.026600267782033,0.0,4.0,0.0,1.0,0.9723989027398732,-0.23332461068282243
2019-04-16,23.382507903547072,2,2,34,0,0,0,0,0,1,0,0,0,0,0,0,0,0,0,0,0,2.241418966941507,4.956325922155313,41.23287671263189,21.907270811887173,20.14650741146664,38.44896845762077,9.884088514858972,8.339850123401746,16.14354053390957,12.638440066868336,21.59034623709636,13.21179279104867,-2.7149069552138054,-17.905088444525134,1.0,4.0,0.7818314824680298,0.6234898018587336,0.9682413892964514,-0.25001722351325634
2019-04-17,28.545837724356737,1,2,42,0,0,0,0,0,0,0,0,0,0,0,0,0,0,0,0,0,23.382507903547072,2.241418966941507,4.956325922155313,3.2883665954604444,21.907270811887173,10.105374078607952,12.76080084359579,20.063224447312297,10.193417597547962,12.849188222819748,20.514170483233954,13.368797082748474,21.141088936605566,1.4752370916598991,2.0,4.0,0.9749279121818236,-0.22252093395631434,0.9637973458816972,-0.2666358491864816
2019-04-18,1.2135135575652356,2,2,36,0,0,0,0,0,1,0,0,0,0,0,0,0,0,0,0,0,28.545837724356737,23.382507903547072,2.241418966941507,9.581927008943383,3.2883665954604444,47.55045385680236,3.34784678568643,7.744994731952112,18.05658819828177,16.45739838409065,21.831346457930294,13.705652532996098,5.163329820809665,25.25747112889629,3.0,4.0,0.43388373911755823,-0.900968867902419,0.9590680876135618,-0.2831755697818324
2019-04-19,6.636213380409245,2,3,29,0,0,0,0,0,1,0,0,0,0,0,0,0,0,0,0,0,1.2135135575652356,28.545837724356737,23.382507903547072,5.260894450058634,9.581927008943383,9.672324060681326,10.252897787773952,6.859852476956172,17.713953061823013,15.261910748179485,18.521565007984783,14.589692852182344,-27.3323241667915,-8.368413451378148,4.0,4.0,-0.433883739117558,-0.9009688679024191,0.9540550140131263,-0.2996314907288842
2019-04-20,6.7860906223731785,2,3,26,0,0,0,1,0,1,0,0,0,0,0,0,0,0,0,0,0,6.636213380409245,1.2135135575652356,28.545837724356737,41.23287671263189,5.260894450058634,53.88921279615428,6.126994485911893,6.077035405257244,12.131854887443737,15.458384881086715,18.304699959393922,14.462394961406002,5.4226998228440095,1.3753189303506108,5.0,4.0,-0.9749279121818236,-0.2225209339563146,0.948759608590444,-0.3159987422558949
2019-04-21,5.013452579583354,2,2,29,0,0,0,1,0,1,0,0,0,0,0,0,0,0,0,0,0,6.7860906223731785,6.636213380409245,1.2135135575652356,4.956325922155313,41.23287671263189,33.982926189937345,9.29164014539707,40.75938872362197,4.878605853449217,10.537415439621185,14.940191232695271,10.0391999750007,0.14987724196393337,-34.44678609025871,6.0,4.0,-0.7818314824680299,0.6234898018587334,0.9431834384055279,-0.3322724808309075
2019-04-22,2.634031013784832,1,2,27,0,0,0,0,0,0,0,0,0,0,0,0,0,0,0,0,0,5.013452579583354,6.7860906223731785,6.636213380409245,2.241418966941507,4.956325922155313,20.14650741146664,13.767310501031426,43.07692307720678,6.145252194121923,10.545576390682331,12.870943117669986,10.034681945530089,-1.7726380427898247,0.05712665742804113,0.0,4.0,0.0,1.0,0.937328153604613,-0.3484478905950889
2019-04-23,11.216562452138549,1,2,27,0,0,0,0,0,0,0,0,0,0,0,0,0,0,0,0,0,2.634031013784832,5.013452579583354,6.7860906223731785,23.382507903547072,2.241418966941507,21.907270811887173,38.44896845762077,9.884088514858972,4.811191405247119,10.601663825945664,11.620051946407001,9.989104002185226,-2.3794215657985216,0.39261204684332496,1.0,4.0,0.7818314824680298,0.6234898018587336,0.9311954869318319,-0.3645201847878779
2019-04-24,0.4568527918549821,1,3,26,0,0,0,0,0,0,0,0,0,0,0,0,0,0,0,0,0,11.216562452138549,2.634031013784832,5.013452579583354,28.545837724356737,23.382507903547072,3.2883665954604444,10.105374078607952,12.76080084359579,6.288015348502242,8.86367161860159,10.856429920710669,8.572040913510829,8.582531438353715,-12.165945451408524,2.0,4.0,0.9749279121818236,-0.22252093395631434,0.9247872532164463,-0.380484607163523
2019-04-25,13.365177344616752,2,3,34,0,0,0,0,0,1,0,0,0,0,0,0,0,0,0,0,0,0.4568527918549821,11.216562452138549,2.634031013784832,1.2135135575652356,28.545837724356737,9.581927008943383,47.55045385680236,3.34784678568643,4.769148752592785,4.850959485387053,10.654178934738852,3.4832892395222728,-10.759709660283566,-28.088984932501756,3.0,4.0,0.43388373911755823,-0.900968867902419,0.9181053488357886,-0.39633643339858987
2019-04-26,1.582322830480215,2,2,37,0,0,0,0,0,1,0,0,0,0,0,0,0,0,0,0,0,13.365177344616752,0.4568527918549821,11.216562452138549,6.636213380409245,1.2135135575652356,5.260894450058634,9.672324060681326,10.252897787773952,8.34619752953676,6.586911454965842,10.924411101572662,4.193520779130718,12.90832455276177,12.151663787051517,4.0,4.0,-0.433883739117558,-0.9009688679024191,0.9111517511540698,-0.4120709724900216
2019-04-27,12.1898017152643,2,3,35,0,0,0,1,0,1,0,0,0,0,0,0,0,0,0,0,0,1.582322830480215,13.365177344616752,0.4568527918549821,6.7860906223731785,6.636213380409245,41.23287671263189,53.88921279615428,6.126994485911893,5.134784322317315,5.864927090690266,10.66165598588849,4.543346191955217,-11.782854514136536,-5.05389054992903,5.0,4.0,-0.9749279121818236,-0.2225209339563146,0.9039285179372211,-0.42768356814333996
2019-04-28,44.89481313505536,2,3,32,0,0,0,0,0,1,0,0,0,0,0,0,0,0,0,0,0,12.1898017152643,1.582322830480215,13.365177344616752,5.013452579583354,6.7860906223731785,4.956325922155313,33.982926189937345,9.29164014539707,9.045767296787087,6.636885818246141,8.587150628933662,5.063567589933964,10.607478884784085,5.403711092891122,6.0,4.0,-0.7818314824680299,0.6234898018587334,0.896437786743944,-0.44316960015057344
2019-04-29,38.42992623847808,1,2,33,0,0,0,0,0,0,0,0,0,0,0,0,0,0,0,0,0,44.89481313505536,12.1898017152643,1.582322830480215,2.634031013784832,5.013452579583354,2.241418966941507,20.14650741146664,13.767310501031426,19.555645893599955,12.334223040456427,11.43989971556938,14.209121438094346,32.705011419791056,39.88136055547201,0.0,4.0,0.0,1.0,0.8886817742931451,-0.4585244857575084
2019-04-30,0.913705583709964,2,2,32,0,1,0,0,1,1,0,0,0,0,0,0,0,0,0,0,0,38.42992623847808,44.89481313505536,12.1898017152643,11.216562452138549,2.634031013784832,23.382507903547072,21.907270811887173,38.44896845762077,31.838180362932576,17.447922358269746,14.024793092107705,16.111825645209823,-6.464886896577276,35.79589522469325,1.0,4.0,0.7818314824680298,0.6234898018587336,0.8806627758079475,-0.47374368101985365
2019-05-01,0.0,1,2,40,0,1,0,0,1,0,0,0,0,0,0,0,0,0,0,0,0,0.913705583709964,38.42992623847808,44.89481313505536,0.4568527918549821,11.216562452138549,28.545837724356737,3.2883665954604444,10.105374078607952,28.07948165241447,15.976085662779951,12.41987864069077,17.056723997183006,-37.51622065476812,-10.302856868428584,2.0,5.0,0.9749279121818236,-0.22252093395631434,0.8723831643364682,-0.48882268214792435
2019-05-02,24.783983140623988,1,2,37,0,0,1,0,1,0,0,0,0,0,0,0,0,0,0,0,0,0.0,0.913705583709964,38.42992623847808,13.365177344616752,0.4568527918549821,1.2135135575652356,9.581927008943383,47.55045385680236,13.114543940729346,15.91082097822924,10.380890231808147,17.11674928442768,-0.913705583709964,-0.4568527918549821,3.0,5.0,0.43388373911755823,-0.900968867902419,0.8638453900495676,-0.5037570268394381
2019-05-23,0.7614213197583035,2,3,44,0,0,0,0,0,1,0,0,0,0,0,0,0,0,0,0,0,24.783983140623988,0.0,0.913705583709964,1.582322830480215,13.365177344616752,6.636213380409245,5.260894450058634,9.672324060681326,8.565896241444648,17.542078949087415,12.06449520202663,17.33908643886107,24.783983140623988,11.418805796007236,3.0,5.0,0.43388373911755823,-0.900968867902419,0.630032864761432,-0.7765684704650989
2019-05-24,1.0659898476616247,2,3,40,0,0,0,0,0,1,0,0,0,0,0,0,0,0,0,0,0,0.7614213197583035,24.783983140623988,0.0,12.1898017152643,1.582322830480215,6.7860906223731785,41.23287671263189,53.88921279615428,8.515134820127427,17.42480730469857,11.644867197694419,17.44905980429633,-24.022561820865686,-0.8209015107219115,4.0,5.0,-0.433883739117558,-0.9009688679024191,0.6165811671162346,-0.7872913465532199
2019-05-25,0.6091370558066427,2,3,29,0,0,0,1,0,1,0,0,0,0,0,0,0,0,0,0,0,1.0659898476616247,0.7614213197583035,24.783983140623988,44.89481313505536,12.1898017152643,5.013452579583354,4.956325922155313,33.982926189937345,8.87046476934797,15.835691323612476,11.236288570929307,18.337379522397942,0.30456852790332123,-11.123811867602676,5.0,5.0,-0.9749279121818236,-0.2225209339563146,0.6029470056907332,-0.797781240897891
2019-05-26,0.0,2,3,21,0,0,0,1,0,1,0,0,0,0,0,0,0,0,0,0,0,0.6091370558066427,1.0659898476616247,0.7614213197583035,38.42992623847808,44.89481313505536,2.634031013784832,2.241418966941507,20.14650741146664,0.8121827410755212,9.509166169434087,10.921694604945257,14.447230901121387,-0.45685279185498207,-44.28567607924872,6.0,5.0,-0.7818314824680299,0.6234898018587334,0.5891344152183375,-0.80803504924313
2019-05-27,0.7566607657102535,2,3,20,0,0,0,0,0,1,0,0,0,0,0,0,0,0,0,0,0,0.0,0.6091370558066427,1.0659898476616247,0.913705583709964,38.42992623847808,11.216562452138549,23.382507903547072,21.907270811887173,0.5583756344894201,4.01917670679436,10.733549532532054,8.486050344448937,-0.6091370558066427,-38.42992623847808,0.0,5.0,0.0,1.0,0.5751474832346518,-0.8180497371974677
2019-05-28,2.8909939938314486,2,2,21,0,0,0,0,0,1,0,0,0,0,0,0,0,0,0,0,0,0.7566607657102535,0.0,0.6091370558066427,0.0,0.913705583709964,0.4568527918549821,28.545837724356737,3.2883665954604444,0.4552659405056297,3.9967417327944017,9.986413697787176,8.494434221575927,0.7566607657102535,-0.15704481799971048,1.0,5.0,0.7818314824680298,0.6234898018587336,0.5609903488678573,-0.8278223411319121
2019-05-29,0.6091370558066427,2,2,26,0,0,0,0,0,1,0,0,0,0,0,0,0,0,0,0,0,2.8909939938314486,0.7566607657102535,0.0,24.783983140623988,0.0,13.365177344616752,1.2135135575652356,9.581927008943383,1.2158849198472317,4.409740874770323,10.160280926499782,8.359277521390853,2.134333228121195,2.8909939938314486,2.0,5.0,0.9749279121818236,-0.22252093395631434,0.546667201613826,-0.83734996905697
2019-05-30,2.158136002787169,2,2,32,0,0,0,0,0,1,0,0,0,0,0,0,0,0,0,0,0,0.6091370558066427,2.8909939938314486,0.7566607657102535,0.7614213197583035,24.783983140623988,1.582322830480215,6.636213380409245,5.260894450058634,1.4189306051161126,0.9561914340821308,9.249135191584772,0.844178388687921,-2.2818569380248057,-24.174846084817347,3.0,5.0,0.43388373911755823,-0.900968867902419,0.5321822800963331,-0.8466298014784668
2019-05-31,0.6091370558066427,2,2,30,0,0,0,0,0,1,0,0,0,0,0,0,0,0,0,0,0,2.158136002787169,0.6091370558066427,2.8909939938314486,1.0659898476616247,0.7614213197583035,12.1898017152643,6.7860906223731785,41.23287671263189,1.8860890174750844,1.1557221030862546,9.290264703892413,0.934765669427922,1.5489989469805263,1.3967146830288655,4.0,5.0,-0.433883739117558,-0.9009688679024191,0.5175398708127256,-0.8556590922319165
2019-06-01,0.0,2,3,19,0,0,0,1,0,1,0,0,0,0,0,0,0,0,0,0,0,0.6091370558066427,2.158136002787169,0.6091370558066427,0.6091370558066427,1.0659898476616247,44.89481313505536,5.013452579583354,4.956325922155313,1.1254700381334823,1.0904574185355427,8.46307437107401,0.9544927583416675,-1.5489989469805263,-0.45685279185498207,5.0,6.0,-0.9749279121818236,-0.2225209339563146,0.5027443068654295,-0.8644351692951872
2019-06-02,0.0,2,3,18,0,0,0,1,0,1,0,0,0,0,0,0,0,0,0,0,0,0.0,0.6091370558066427,2.158136002787169,0.0,0.6091370558066427,38.42992623847808,2.634031013784832,2.241418966941507,0.9224243528646016,1.003437839134594,5.256302004284341,1.0199311054992697,-0.6091370558066427,-0.6091370558066427,6.0,6.0,-0.7818314824680299,0.6234898018587334,0.4877999666796597,-0.8729554355792298
2019-06-03,1.0517081840422386,2,3,22,0,0,0,0,0,1,0,0,0,0,0,0,0,0,0,0,0,0.0,0.0,0.6091370558066427,0.7566607657102535,0.0,0.913705583709964,11.216562452138549,23.382507903547072,0.20304568526887837,1.003437839134594,2.5113072729644768,1.0199311054992697,0.0,0.0,0.0,6.0,0.0,1.0,0.47271127270772273,-0.8812173696966288
2019-06-04,2.0058517388355086,2,3,25,0,0,0,0,0,1,0,0,0,0,0,0,0,0,0,0,0,1.0517081840422386,0.0,0.0,2.8909939938314486,0.7566607657102535,0.0,0.4568527918549821,28.545837724356737,0.3505693946807437,1.0455874703248775,2.5211646015596396,1.014946246438556,1.0517081840422386,0.2950474183319851,1.0,6.0,0.7818314824680298,0.6234898018587336,0.4574826901202872,-0.8892185267077521
2019-06-05,12.184987671288836,2,2,22,0,0,0,0,0,1,0,0,0,0,0,0,0,0,0,0,0,2.0058517388355086,1.0517081840422386,0.0,0.6091370558066427,2.8909939938314486,24.783983140623988,13.365177344616752,1.2135135575652356,1.0191866409592467,0.9191385767540289,2.664439725762176,0.8120052913003776,0.95414355479327,-0.88514225499594,2.0,6.0,0.9749279121818236,-0.22252093395631434,0.4421187254850124,-0.8969565388442788
2019-06-06,2.0700924838471586,2,3,20,0,1,0,0,1,1,0,0,0,0,0,0,0,0,0,0,0,12.184987671288836,2.0058517388355086,1.0517081840422386,2.158136002787169,0.6091370558066427,0.7614213197583035,1.582322830480215,6.636213380409245,5.0808491980555255,2.5728315218229136,1.7645114779525224,4.005279026013125,10.179135932453327,11.575850615482192,3.0,6.0,0.43388373911755823,-0.900968867902419,0.42662392543293065,-0.904429116209887
2019-06-07,0.0,1,3,18,0,1,0,0,1,0,0,0,0,0,0,0,0,0,0,0,0,2.0700924838471586,12.184987671288836,2.0058517388355086,0.6091370558066427,2.158136002787169,1.0659898476616247,12.1898017152643,6.7860906223731785,5.420310631323832,2.560253876260055,1.857987989673155,4.006699520270762,-10.114895187441677,-0.08804351894001039,4.0,6.0,-0.433883739117558,-0.9009688679024191,0.4110028753129673,-0.9116340474579004
2019-06-08,0.0,1,3,16,0,0,1,0,1,0,0,0,0,0,0,0,0,0,0,0,0,0.0,2.0700924838471586,12.184987671288836,0.0,0.6091370558066427,0.6091370558066427,44.89481313505536,5.013452579583354,4.751693385045329,2.4732342968591063,1.7818458576973246,4.0544600403862185,-2.0700924838471586,-0.6091370558066427,5.0,6.0,-0.9749279121818236,-0.2225209339563146,0.3952601978350095,-0.9185692004456872
2019-06-09,0.0,2,3,17,0,1,0,0,1,1,0,0,0,0,0,0,0,0,0,0,0,0.0,0.0,2.0700924838471586,0.0,0.0,0.0,38.42992623847808,2.634031013784832,0.6900308279490505,2.4732342968591063,1.73833606799685,4.0544600403862185,0.0,0.0,6.0,6.0,-0.7818314824680299,0.6234898018587334,0.37940055170191456,-0.9252325228656215
2019-06-10,3.186041412163425,2,3,21,0,0,0,0,0,1,0,0,0,0,0,0,0,0,0,0,0,0.0,0.0,0.0,1.0517081840422386,0.0,0.7566607657102535,0.913705583709964,11.216562452138549,0.0,2.4732342968591063,1.73833606799685,4.0544600403862185,0.0,0.0,0.0,6.0,0.0,1.0,0.36342863023086686,-0.9316220428524198
2019-06-11,1.2729937477912217,2,2,25,0,0,0,0,0,1,0,0,0,0,0,0,0,0,0,0,0,3.186041412163425,0.0,0.0,2.0058517388355086,1.0517081840422386,2.8909939938314486,0.0,0.4568527918549821,1.0620138040544727,2.7781390437335607,1.9118632570292193,4.0161657744520864,3.186041412163425,2.1343332281211866,1.0,6.0,0.7818314824680298,0.6234898018587336,0.34734915996449583,-0.9377358695666702
2019-06-12,0.1522842639516605,2,2,24,0,0,0,0,0,1,0,0,0,0,0,0,0,0,0,0,0,1.2729937477912217,3.186041412163425,0.0,12.184987671288836,2.0058517388355086,0.6091370558066427,24.783983140623988,13.365177344616752,1.4863450533182132,2.6734450450129486,1.7962918108834887,4.044386260028942,-1.9130476643722034,-0.732857991044287,2.0,6.0,0.9749279121818236,-0.22252093395631434,0.331166899272155,-0.943572193754387
2019-06-13,4.425711275717329,2,2,20,0,0,0,0,0,1,0,0,0,0,0,0,0,0,0,0,0,0.1522842639516605,1.2729937477912217,3.186041412163425,2.0700924838471586,12.184987671288836,2.158136002787169,0.7614213197583035,1.582322830480215,1.5371064746354335,0.9544874153933522,1.7636594686081328,1.1773167293034046,-1.120709483839561,-12.032703407337175,3.0,6.0,0.43388373911755823,-0.900968867902419,0.3148866369417895,-0.9491292882824182
2019-06-14,0.4568527918549821,1,3,40,0,0,0,0,0,0,0,0,0,0,0,0,0,0,0,0,0,4.425711275717329,0.1522842639516605,1.2729937477912217,0.0,2.0700924838471586,0.6091370558066427,1.0659898476616247,12.1898017152643,1.9503297624867344,1.2910043856605193,1.9256291309602873,1.678206418789399,4.273427011765668,2.35561879187017,4.0,6.0,-0.433883739117558,-0.9009688679024191,0.2985131907627956,-0.9544055086495544
2019-06-15,12.765614887571244,1,3,37,0,0,0,1,0,0,0,0,0,0,0,0,0,0,0,0,0,0.4568527918549821,4.425711275717329,0.1522842639516605,0.0,0.0,0.0,0.6091370558066427,44.89481313505536,1.678282777174655,1.3562690702112312,1.9147516835351686,1.6350595311472664,-3.9688584838623466,0.4568527918549821,5.0,6.0,-0.9749279121818236,-0.2225209339563146,0.28205140610030166,-0.959399293473183
2019-06-16,0.0,2,2,39,0,0,0,1,0,1,0,0,0,0,0,0,0,0,0,0,0,12.765614887571244,0.4568527918549821,4.425711275717329,0.0,0.0,0.0,0.0,38.42992623847808,5.8827263183811835,3.179928339864266,2.826581318361686,4.204886816202689,12.308762095716261,12.765614887571244,6.0,6.0,-0.7818314824680299,0.6234898018587334,0.2655061544612901,-0.9641091649513439
2019-06-17,0.1522842639516605,2,3,30,0,0,0,0,0,1,0,0,0,0,0,0,0,0,0,0,0,0.0,12.765614887571244,0.4568527918549821,3.186041412163425,0.0,1.0517081840422386,0.7566607657102535,0.913705583709964,4.407489226475406,3.179928339864266,2.826581318361686,4.204886816202689,-12.765614887571244,0.0,0.0,6.0,0.0,1.0,0.24888233205297766,-0.9685337293000545
2019-06-18,0.7614213197583035,2,3,17,0,0,0,0,0,1,0,0,0,0,0,0,0,0,0,0,0,0.1522842639516605,0.0,12.765614887571244,1.2729937477912217,3.186041412163425,2.0058517388355086,2.8909939938314486,0.0,4.305966383840966,2.7465344615482996,2.7623367526409304,4.336214469260189,0.1522842639516605,-3.0337571482117647,1.0,6.0,0.7818314824680298,0.6234898018587336,0.23218485833388977,-0.9726716771657699
2019-06-19,0.3045685279033213,1,3,22,0,0,0,0,0,0,0,0,0,0,0,0,0,0,0,0,0,0.7614213197583035,0.1522842639516605,0.0,0.1522842639516605,1.2729937477912217,12.184987671288836,0.6091370558066427,24.783983140623988,0.30456852790331895,2.673452686115026,2.673448865563987,4.364651136333061,0.609137055806643,-0.5115724280329181,2.0,6.0,0.9749279121818236,-0.22252093395631434,0.21541867455805647,-0.9765217840128556
2019-06-20,0.7519002109245894,2,3,20,0,0,0,0,0,1,0,0,0,0,0,0,0,0,0,0,0,0.3045685279033213,0.7614213197583035,0.1522842639516605,4.425711275717329,0.1522842639516605,2.0700924838471586,2.158136002787169,0.7614213197583035,0.4060913705377594,2.6952075809652634,1.8248474981793077,4.352392869071602,-0.45685279185498223,0.15228426395166078,3.0,6.0,0.43388373911755823,-0.900968867902419,0.19858874231275225,-0.9800829104859646
2019-06-21,0.913705583709964,2,3,19,0,0,0,0,0,1,0,0,0,0,0,0,0,0,0,0,0,0.7519002109245894,0.3045685279033213,0.7614213197583035,0.4568527918549821,4.425711275717329,0.0,0.6091370558066427,1.0659898476616247,0.605963352862069,2.1703774288520146,1.730690907256267,4.333539290631867,0.4473316830212681,-3.6738110647927393,4.0,6.0,-0.433883739117558,-0.9009688679024191,0.18170004205022589,-0.983354002747203
2019-06-22,0.0,2,4,20,1,0,0,1,0,1,0,0,0,0,0,0,0,0,0,0,0,0.913705583709964,0.7519002109245894,0.3045685279033213,12.765614887571244,0.4568527918549821,0.0,0.0,0.6091370558066427,0.6567247741792892,2.2356421134027262,1.795955591806979,4.310621111619553,0.16180537278537466,0.4568527918549819,5.0,6.0,-0.9749279121818236,-0.2225209339563146,0.16475757161384025,-0.9863340927879916
2019-06-23,0.0,2,3,20,0,0,0,1,0,1,0,0,0,0,0,0,0,0,0,0,0,0.0,0.913705583709964,0.7519002109245894,0.0,12.765614887571244,0.0,0.0,0.0,0.5552019315448488,0.41198284374969124,1.7959555918069785,0.36012253619565165,-0.913705583709964,-12.765614887571244,6.0,6.0,-0.7818314824680299,0.6234898018587334,0.14776634475907305,-0.9890222987155258
2019-06-24,16.084844854616236,2,2,22,0,0,0,0,0,1,0,0,0,0,0,0,0,0,0,0,0,0.0,0.0,0.913705583709964,0.1522842639516605,0.0,3.186041412163425,1.0517081840422386,0.7566607657102535,0.30456852790331895,0.41198284374969124,1.7959555918069785,0.36012253619565165,0.0,0.0,0.0,6.0,0.0,1.0,0.13073138966980175,-0.991417825013754
2019-07-10,3.4073269759124085,2,2,26,0,0,0,0,0,1,0,0,0,0,0,0,0,0,0,0,0,16.084844854616236,0.0,0.0,0.7614213197583035,0.1522842639516605,1.2729937477912217,2.0058517388355086,2.8909939938314486,5.361614951538743,2.688062928130345,2.7172986948393225,5.480031205506113,16.084844854616236,15.932560590664576,2.0,7.0,0.9749279121818236,-0.22252093395631434,-0.14363919289279092,-0.9896301239680952
2019-07-11,2.8029504748914453,2,2,27,0,0,0,0,0,1,0,0,0,0,0,0,0,0,0,0,0,3.4073269759124085,16.084844854616236,0.0,0.3045685279033213,0.7614213197583035,0.1522842639516605,12.184987671288836,0.6091370558066427,6.497390610176212,3.0660494504380744,2.86975106827655,5.425080253510971,-12.677517878703828,2.6459056561541052,3.0,7.0,0.43388373911755823,-0.900968867902419,-0.16064148618455396,-0.987012823075981
2019-07-12,2.139093783644481,1,3,32,0,0,0,0,0,0,0,0,0,0,0,0,0,0,0,0,0,2.8029504748914453,3.4073269759124085,16.084844854616236,0.7519002109245894,0.3045685279033213,4.425711275717329,2.0700924838471586,2.158136002787169,7.431707435140027,3.422961157150663,3.059084369057963,5.31268310904512,-0.6043765010209632,2.498381946988124,4.0,7.0,-0.433883739117558,-0.9009688679024191,-0.17759624112385647,-0.9841034372151523
2019-07-13,7.376221855537323e-10,2,4,34,1,0,0,1,0,1,0,0,0,0,0,0,0,0,0,0,0,2.139093783644481,2.8029504748914453,3.4073269759124085,0.913705583709964,0.7519002109245894,0.4568527918549821,0.0,0.6091370558066427,2.783123744816109,3.621131667539219,2.8957545481956175,5.234651860656461,-0.6638566912469641,1.3871935727198919,5.0,7.0,-0.9749279121818236,-0.2225209339563146,-0.19449844031989072,-0.9809028273550494
2019-07-14,0.0737618553206242,1,4,36,1,0,0,1,0,0,0,0,0,0,0,0,0,0,0,0,0,7.376221855537323e-10,2.139093783644481,2.8029504748914453,0.0,0.913705583709964,12.765614887571244,0.0,0.0,1.647348086424514,3.49060229854317,2.8631222059729486,5.311365628155206,-2.1390937829068593,-0.9137055829723418,6.0,7.0,-0.7818314824680299,0.6234898018587334,-0.21134308193457638,-0.9774119406465193
2019-07-15,0.5258540923899343,1,2,35,0,0,0,0,0,0,0,0,0,0,0,0,0,0,0,0,0,0.0737618553206242,7.376221855537323e-10,2.139093783644481,0.0,0.0,0.0,0.0,0.0,0.7376185465675734,3.501139706446117,1.956561275097904,5.304498775308277,0.07376185458300201,0.0737618553206242,0.0,7.0,0.0,1.0,-0.22812518116274869,-0.9736318101415252
2019-07-16,1.0374265196852224,1,2,39,0,0,0,0,0,0,0,0,0,0,0,0,0,0,0,0,0,0.5258540923899343,0.0737618553206242,7.376221855537323e-10,16.084844854616236,0.0,0.1522842639516605,3.186041412163425,1.0517081840422386,0.19987198281605786,3.576261719644679,1.9941222816971853,5.257902797881844,0.4520922370693101,0.5258540923899343,1.0,7.0,0.7818314824680298,0.6234898018587336,-0.24483977170729954,-0.9695635544874391
2019-07-17,1.120709483839561,1,2,73,0,0,0,0,0,0,0,0,0,0,0,0,0,0,0,0,0,1.0374265196852224,0.5258540923899343,0.0737618553206242,3.4073269759124085,16.084844854616236,0.7614213197583035,1.2729937477912217,2.0058517388355086,0.545680822465258,1.426630528940248,2.0573467285352964,1.2622782780993482,0.5115724272952881,-15.047418334931013,2.0,7.0,0.9749279121818236,-0.22252093395631434,-0.26148190724884907,-0.965208377596001
2019-07-18,11.728134879433853,2,2,72,0,0,0,0,0,1,0,0,0,0,0,0,0,0,0,0,0,1.120709483839561,1.0374265196852224,0.5258540923899343,2.8029504748914453,3.4073269759124085,0.3045685279033213,0.1522842639516605,12.184987671288836,0.8946633653049035,1.0999708872155558,2.083010168826815,0.9693082054151381,0.08328296415433867,-2.2866174920728475,3.0,7.0,0.43388373911755823,-0.900968867902419,-0.2780466629094963,-0.9605675682870481
2019-07-19,2.2961386023818133,2,3,41,0,0,0,0,0,1,0,0,0,0,0,0,0,0,0,0,0,11.728134879433853,1.120709483839561,1.0374265196852224,2.139093783644481,2.8029504748914453,0.7519002109245894,4.425711275717329,2.0700924838471586,4.62875696098621,2.3749972307216143,2.898979193936139,3.8776796064619967,10.60742539559429,8.925184404542406,4.0,7.0,-0.433883739117558,-0.9009688679024191,-0.2945291367102338,-0.9556424999071171
2019-07-20,23.603793467296065,1,3,27,0,0,0,1,0,0,0,0,0,0,0,0,0,0,0,0,0,2.2961386023818133,11.728134879433853,1.120709483839561,7.376221855537323e-10,2.139093783644481,0.913705583709964,0.4568527918549821,0.0,5.048327655218406,2.3974322048269476,3.009281936183083,3.876704028333455,-9.43199627705204,0.15704481873733211,5.0,7.0,-0.9749279121818236,-0.2225209339563146,-0.3109244510215808,-0.9504346299230308
2019-07-21,24.193888303960023,1,3,28,0,0,0,1,0,0,0,0,0,0,0,0,0,0,0,0,0,23.603793467296065,2.2961386023818133,11.728134879433853,0.0737618553206242,7.376221855537323e-10,0.0,12.765614887571244,0.0,12.542688983037243,5.769402700049582,4.630002499296376,8.190348157083243,21.30765486491425,23.603793466558443,6.0,7.0,-0.7818314824680299,0.6234898018587334,-0.3272277540070095,-0.9449454994905939
2019-07-22,2.089134702989847,2,2,29,0,0,0,0,0,1,0,0,0,0,0,0,0,0,0,0,0,24.193888303960023,23.603793467296065,2.2961386023818133,0.5258540923899343,0.0737618553206242,0.0,0.0,0.0,16.697940124545966,9.21513504985521,6.358137378150664,9.953337313188229,0.5900948366639582,24.1201264486394,0.0,7.0,0.0,1.0,-0.343434221058743,-0.9391767329985206
2019-07-23,2.664947875296785,2,3,24,0,0,0,0,0,1,0,0,0,0,0,0,0,0,0,0,0,2.089134702989847,24.193888303960023,23.603793467296065,1.0374265196852224,0.5258540923899343,16.084844854616236,0.1522842639516605,3.186041412163425,16.62893882474864,9.438460851369484,6.5073612855070815,9.77174953030519,-22.104753600970177,1.5632806105999126,1.0,7.0,0.7818314824680298,0.6234898018587336,-0.3595390562254921,-0.9331300375877322
2019-07-24,2.158136002787169,2,3,24,0,0,0,0,0,1,0,0,0,0,0,0,0,0,0,0,0,2.664947875296785,2.089134702989847,24.193888303960023,1.120709483839561,1.0374265196852224,3.4073269759124085,0.7614213197583035,1.2729937477912217,9.64932362741555,9.670963902171135,5.548797215555693,9.586704473947245,0.5758131723069382,1.6275213556115626,2.0,7.0,0.9749279121818236,-0.22252093395631434,-0.3755374936317112,-0.9268072026461666
2019-07-25,7.376221855537323e-10,2,3,22,0,0,0,0,0,1,0,0,0,0,0,0,0,0,0,0,0,2.158136002787169,2.664947875296785,2.089134702989847,11.728134879433853,1.120709483839561,2.8029504748914453,0.3045685279033213,0.1522842639516605,2.3040728603579312,9.819167690592222,5.4595692889038885,9.46056703663647,-0.506811872509616,1.037426518947608,3.0,7.0,0.43388373911755823,-0.900968867902419,-0.3914247988879585,-0.9202100992792468
2019-07-26,0.3045685279033213,1,3,25,0,0,0,0,0,0,0,0,0,0,0,0,0,0,0,0,0,7.376221855537323e-10,2.158136002787169,2.664947875296785,2.2961386023818133,11.728134879433853,2.139093783644481,0.7519002109245894,4.425711275717329,1.6076946262738565,8.143719850778476,5.2593585407500445,9.997416242843544,-2.158136002049547,-11.728134878696231,4.0,7.0,-0.433883739117558,-0.9009688679024191,-0.4071962704919323,-0.9133406797561692
2019-07-27,0.0,1,3,26,0,0,0,1,0,0,0,0,0,0,0,0,0,0,0,0,0,0.3045685279033213,7.376221855537323e-10,2.158136002787169,23.603793467296065,2.2961386023818133,7.376221855537323e-10,0.913705583709964,0.4568527918549821,0.8209015104760352,7.85920984013869,5.128321022482818,10.186333884965391,0.3045685271656991,-1.991570074478492,5.0,7.0,-0.9749279121818236,-0.2225209339563146,-0.42284724121978184,-0.9062009769321702
2019-07-28,0.0,2,2,22,0,0,0,1,0,1,0,0,0,0,0,0,0,0,0,0,0,0.0,0.3045685279033213,7.376221855537323e-10,24.193888303960023,23.603793467296065,0.0737618553206242,0.0,12.765614887571244,0.10152284288031212,4.487239344810681,5.128321022430131,8.111841051214693,-0.3045685279033213,-23.603793467296065,6.0,7.0,-0.7818314824680299,0.6234898018587334,-0.4383730795072664,-0.8987931036469494
2019-07-29,0.0,2,3,20,0,0,0,0,0,1,0,0,0,0,0,0,0,0,0,0,0,0.0,0.0,0.3045685279033213,2.089134702989847,24.193888303960023,0.5258540923899343,0.0,0.0,0.10152284263443806,1.0309695871021063,5.123052318478658,1.1197229219335687,0.0,-24.193888303960023,0.0,7.0,0.0,1.0,-0.45376919082036926,-0.8911192520994187
2019-07-30,1.106427819482545,2,4,20,1,0,0,0,0,1,0,0,0,0,0,0,0,0,0,0,0,0.0,0.0,0.0,2.664947875296785,2.089134702989847,1.0374265196852224,16.084844854616236,0.1522842639516605,0.0,0.732521772389271,5.085491311879378,1.075449616514216,0.0,-2.089134702989847,1.0,7.0,0.7818314824680298,0.6234898018587336,-0.46903101901494954,-0.8831816931989691
2019-07-31,20.65331928397625,2,5,17,1,0,0,0,0,1,0,0,0,0,0,0,0,0,0,0,0,1.106427819482545,0.0,0.0,2.158136002787169,2.664947875296785,1.120709483839561,3.4073269759124085,0.7614213197583035,0.36880927316084594,0.509876050130094,5.090419976150614,0.7704062387557589,1.106427819482545,-1.55852005581424,2.0,7.0,0.9749279121818236,-0.22252093395631434,-0.4841540476850335,-0.8749827758934449
2019-08-16,0.7376185465675733,2,3,30,0,0,0,0,0,1,0,0,0,0,0,0,0,0,0,0,0,20.65331928397625,1.106427819482545,0.0,7.376221855537323e-10,2.158136002787169,11.728134879433853,2.8029504748914453,0.3045685279033213,7.253249034486262,3.152045090299963,6.485606390446092,7.154706984065197,19.546891464493704,18.495183281189078,4.0,8.0,-0.433883739117558,-0.9009688679024191,-0.703734629499786,-0.7104629274232391
2019-08-17,2.0653319290614944,2,3,26,0,0,0,1,0,1,0,0,0,0,0,0,0,0,0,0,0,0.7376185465675733,20.65331928397625,1.106427819482545,0.3045685279033213,7.376221855537323e-10,2.2961386023818133,2.139093783644481,0.7519002109245894,7.49912188334212,3.2574191682756704,5.700569509527072,7.112817059055133,-19.915700737408674,0.7376185458299511,5.0,8.0,-0.9749279121818236,-0.2225209339563146,-0.715851834578799,-0.6982522115469223
2019-08-18,22.49736564855113,2,3,20,0,0,0,1,0,1,0,0,0,0,0,0,0,0,0,0,0,2.0653319290614944,0.7376185465675733,20.65331928397625,0.0,0.3045685279033213,23.603793467296065,7.376221855537323e-10,0.913705583709964,7.818756586535103,3.508956797012552,5.684083318575621,7.034649066685717,1.3277133824939211,1.7607634011581732,6.0,8.0,-0.7818314824680299,0.6234898018587334,-0.7277571988834893,-0.6858348631217702
2019-08-19,26.923076923530846,2,2,40,0,0,0,0,0,1,0,0,0,0,0,0,0,0,0,0,0,22.49736564855113,2.0653319290614944,0.7376185465675733,0.0,0.0,24.193888303960023,0.0737618553206242,0.0,8.433438708060065,6.722866175376999,5.60505276009384,9.429031240221184,20.432033719489638,22.49736564855113,0.0,8.0,0.0,1.0,-0.7394471992803373,-0.6732145567918634
2019-08-20,8.335143057805865,2,2,36,0,0,0,0,0,1,0,0,0,0,0,0,0,0,0,0,0,26.923076923530846,22.49736564855113,2.0653319290614944,0.0,0.0,2.089134702989847,0.5258540923899343,0.0,17.16192483371449,10.56902002159569,5.7999948043488985,11.222730121752202,4.425711274979715,26.923076923530846,1.0,8.0,0.7818314824680298,0.6234898018587336,-0.7509183763680874,-0.6603950272622556
2019-08-21,1.2539515286485412,2,2,36,0,0,0,0,0,1,0,0,0,0,0,0,0,0,0,0,0,8.335143057805865,26.923076923530846,22.49736564855113,1.106427819482545,0.0,2.664947875296785,1.0374265196852224,16.084844854616236,19.251861876629278,11.759754744139387,6.246138258264328,10.454040760230674,-18.58793386572498,8.335143057805865,2.0,8.0,0.9749279121818236,-0.22252093395631434,-0.76216733550148,-0.6473800681937733
2019-08-22,1.563280611337527,2,2,42,0,0,0,0,0,1,0,0,0,0,0,0,0,0,0,0,0,1.2539515286485412,8.335143057805865,26.923076923530846,20.65331928397625,1.106427819482545,2.158136002787169,1.120709483839561,3.4073269759124085,12.170723836661749,11.780829559734528,6.14535280493231,10.432669807046263,-7.081191529157325,0.14752370916599622,3.0,8.0,0.43388373911755823,-0.900968867902419,-0.7731907477958236,-0.6341735310803621
2019-08-23,0.5163329828185903,1,2,49,0,0,0,0,0,0,0,0,0,0,0,0,0,0,0,0,0,1.563280611337527,1.2539515286485412,8.335143057805865,0.7376185465675733,20.65331928397625,7.376221855537323e-10,11.728134879433853,2.8029504748914453,3.7174583992639754,9.053681177928997,6.10286313411448,10.250435946488233,0.30932908268898585,-19.09003867263872,4.0,8.0,-0.433883739117558,-0.9009688679024191,-0.7839853511121072,-0.6207793241093215
2019-08-24,0.5900948374015924,2,2,65,0,0,0,1,0,1,0,0,0,0,0,0,0,0,0,0,0,0.5163329828185903,1.563280611337527,1.2539515286485412,2.0653319290614944,0.7376185465675733,0.3045685279033213,2.2961386023818133,2.139093783644481,1.1111883742682171,9.022068954536286,6.1397440614059775,10.276342323432294,-1.0469476285189367,-0.221285563748983,5.0,8.0,-0.9749279121818236,-0.2225209339563146,-0.7945479510223574,-0.6072014110047618
2019-08-25,26.628029505198864,2,4,39,1,0,0,1,0,1,0,0,0,0,0,0,0,0,0,0,0,0.5900948374015924,0.5163329828185903,1.563280611337527,22.49736564855113,2.0653319290614944,0.0,23.603793467296065,7.376221855537323e-10,0.8899028105192341,8.811320798584871,6.1601387977987105,10.43081680689019,0.0737618545830021,-1.475237091659902,6.0,8.0,-0.7818314824680299,0.6234898018587334,-0.8048754217549614,-0.5934438098546255
2019-08-26,31.64383561684253,2,3,22,0,0,0,0,0,1,0,0,0,0,0,0,0,0,0,0,0,26.628029505198864,0.5900948374015924,0.5163329828185903,26.923076923530846,22.49736564855113,0.0,24.193888303960023,0.0737618553206242,9.244819108473013,9.401415635248833,8.062140905312916,11.271350387468248,26.03793466779727,4.1306638566477325,0.0,8.0,0.0,1.0,-0.8149647071196691,-0.5795105919216249
2019-08-27,0.0,2,3,22,0,0,0,0,0,1,0,0,0,0,0,0,0,0,0,0,0,31.64383561684253,26.628029505198864,0.5900948374015924,8.335143057805865,26.923076923530846,0.0,2.089134702989847,0.5258540923899343,19.620653319814327,10.075809734293358,10.322414877944524,12.385685040343374,5.015806111643666,4.720758693311684,1.0,8.0,0.7818314824680298,0.6234898018587336,-0.8248128214120084,-0.5654058804384355
2019-08-28,7.376221855537323e-10,1,2,45,0,0,0,0,0,0,0,0,0,0,0,0,0,0,0,0,0,0.0,31.64383561684253,26.628029505198864,1.2539515286485412,8.335143057805865,1.106427819482545,2.664947875296785,1.0374265196852224,19.423955040680465,8.885075011749663,10.322414877944524,12.886335146175183,-31.64383561684253,-8.335143057805865,2.0,8.0,0.9749279121818236,-0.22252093395631434,-0.8344168502968383,-0.5511338493875183
2019-08-29,0.0,2,3,21,0,0,0,0,0,1,0,0,0,0,0,0,0,0,0,0,0,7.376221855537323e-10,0.0,31.64383561684253,1.563280611337527,1.2539515286485412,20.65331928397625,2.158136002787169,1.120709483839561,10.547945205860048,8.70593907919096,10.243384319462745,12.999391848728296,7.376221855537323e-10,-1.253951527910919,3.0,8.0,0.43388373911755823,-0.900968867902419,-0.8437739516707836,-0.536698722265919
2019-08-30,1.6227608015635129,2,2,17,0,0,0,0,0,1,0,0,0,0,0,0,0,0,0,0,0,0.0,7.376221855537323e-10,0.0,0.5163329828185903,1.563280611337527,0.7376185465675733,7.376221855537323e-10,11.728134879433853,2.458716933754582e-10,8.482613277571314,8.768147227750156,13.132924837021475,-7.376221855537323e-10,-1.563280611337527,4.0,8.0,-0.433883739117558,-0.9009688679024191,-0.8528813565032917,-0.5221047708354187
2019-08-31,8.492134387353408,2,3,18,0,0,0,1,0,1,0,0,0,0,0,0,0,0,0,0,0,1.6227608015635129,0.0,7.376221855537323e-10,0.5900948374015924,0.5163329828185903,2.0653319290614944,0.3045685279033213,2.2961386023818133,0.5409202674337094,8.640674394534875,8.83137167453558,13.042442116113197,1.6227608015635129,1.1064278187449226,5.0,8.0,-0.9749279121818236,-0.2225209339563146,-0.8617363696560699,-0.507356313858394
2019-09-01,0.0,2,3,25,0,0,0,1,0,1,0,0,0,0,0,0,0,0,0,0,0,8.492134387353408,1.6227608015635129,0.0,26.628029505198864,0.5900948374015924,22.49736564855113,0.0,23.603793467296065,3.3716317296389717,9.769537187385135,9.290428992985001,12.632311116212898,6.869373585789895,7.902039549951816,6.0,9.0,-0.7818314824680299,0.6234898018587334,-0.8703363706806498,-0.4924577158197792
2019-09-02,28.39831401519075,2,4,17,1,0,0,0,0,1,0,0,0,0,0,0,0,0,0,0,0,0.0,8.492134387353408,1.6227608015635129,31.64383561684253,26.628029505198864,26.923076923530846,0.0,24.193888303960023,3.371631729638971,5.9655329723567245,7.683474303802778,10.869149960900565,-8.492134387353408,-26.628029505198864,0.0,9.0,0.0,1.0,-0.878678814593855,-0.4774133856354865
2019-09-03,16.137210957258606,2,4,24,1,0,0,0,0,1,0,0,0,0,0,0,0,0,0,0,0,28.39831401519075,0.0,8.492134387353408,0.0,31.64383561684253,8.335143057805865,0.0,2.089134702989847,12.296816134181384,5.501887029263614,7.788848381778485,9.778391715540907,28.39831401519075,-3.245521601651781,1.0,9.0,0.7818314824680298,0.6234898018587336,-0.8867612326309313,-0.46222777534768655
2019-09-04,11.65437302485086,2,3,22,0,0,0,0,0,1,0,0,0,0,0,0,0,0,0,0,0,16.137210957258606,28.39831401519075,0.0,7.376221855537323e-10,0.0,1.2539515286485412,1.106427819482545,2.664947875296785,14.845174990816451,7.807202880300557,8.34613894602511,10.106268194663153,-12.261103057932143,16.137210957258606,2.0,9.0,0.9749279121818236,-0.22252093395631434,-0.8945812329761252,-0.44690537880732156
2019-09-05,7.081138040705155,2,3,20,0,0,0,0,0,1,0,0,0,0,0,0,0,0,0,0,0,11.65437302485086,16.137210957258606,28.39831401519075,0.0,7.376221855537323e-10,1.563280611337527,20.65331928397625,2.158136002787169,18.72996599910007,9.472113312316734,9.089026195753847,9.631803064025734,-4.482837932407746,11.654373024113239,3.0,9.0,0.43388373911755823,-0.900968867902419,-0.9021365014704882,-0.4314507303442513
2019-09-06,14.236037935255691,2,2,24,0,0,0,0,0,1,0,0,0,0,0,0,0,0,0,0,0,7.081138040705155,11.65437302485086,16.137210957258606,1.6227608015635129,0.0,0.5163329828185903,0.7376185465675733,7.376221855537323e-10,11.624240674271539,10.4837044609889,9.483158869280107,8.930157792821348,-4.573234984145706,7.081138040705155,4.0,9.0,-0.433883739117558,-0.9009688679024191,-0.9094248022967037,-0.4158684034254122
2019-09-07,5.103849631321301,1,2,57,0,0,0,1,0,0,0,0,0,0,0,0,0,0,0,0,0,14.236037935255691,7.081138040705155,11.65437302485086,8.492134387353408,1.6227608015635129,0.5900948374015924,2.0653319290614944,0.3045685279033213,10.9905163336039,12.285601194373495,10.463137794454184,8.20339553856408,7.154899894550536,12.61327713369218,5.0,9.0,-0.9749279121818236,-0.2225209339563146,-0.9164439786407274,-0.4001630093014021
2019-09-08,0.8113804011505753,1,2,41,0,0,0,1,0,0,0,0,0,0,0,0,0,0,0,0,0,5.103849631321301,14.236037935255691,7.081138040705155,0.0,8.492134387353408,26.628029505198864,22.49736564855113,0.0,8.807008535760714,11.801560514940338,10.785548851162735,8.507282476770362,-9.13218830393439,-3.3882847560321068,6.0,9.0,-0.7818314824680299,0.6234898018587334,-0.9231919533300499,-0.38433919564187974
2019-09-09,0.0,1,2,37,0,0,0,0,0,0,0,0,0,0,0,0,0,0,0,0,0,0.8113804011505753,5.103849631321301,14.236037935255691,28.39831401519075,0.0,31.64383561684253,26.923076923530846,0.0,6.717089322575853,11.917472000818991,8.941502486587858,8.349766173071464,-4.292469230170726,0.8113804011505753,0.0,9.0,0.0,1.0,-0.9296667294483892,-0.3684016451601911
2019-09-10,0.0,1,3,21,0,0,0,0,0,0,0,0,0,0,0,0,0,0,0,0,0,0.0,0.8113804011505753,5.103849631321301,16.137210957258606,28.39831401519075,0.0,8.335143057805865,0.0,1.97174334415729,7.860569998648884,6.681228513956248,5.894658289089517,-0.8113804011505753,-28.39831401519075,1.0,9.0,0.7818314824680298,0.6234898018587336,-0.9358663909266379,-0.35235507422761664
2019-09-11,0.0,1,2,28,0,0,0,0,0,0,0,0,0,0,0,0,0,0,0,0,0,0.0,0.0,0.8113804011505753,11.65437302485086,16.137210957258606,7.376221855537323e-10,1.2539515286485412,1.106427819482545,0.27046013371685607,5.55525414761194,6.681228513956248,5.33604162211427,0.0,-16.137210957258606,2.0,9.0,0.9749279121818236,-0.22252093395631434,-0.9417891031098783,-0.3362042314776705
2019-09-12,7.197744888359183,1,2,38,0,1,0,0,1,0,0,0,0,0,0,0,0,0,0,0,0,0.0,0.0,0.0,7.081138040705155,11.65437302485086,0.0,1.563280611337527,20.65331928397625,0.0,3.8903437154903884,6.681228513903561,4.9795509219135345,0.0,-11.65437302485086,3.0,9.0,0.43388373911755823,-0.900968867902419,-0.9474331133003114,-0.3199538964008396
2019-09-13,0.0,1,2,28,0,1,0,0,1,0,0,0,0,0,0,0,0,0,0,0,0,7.197744888359183,0.0,0.0,14.236037935255691,7.081138040705155,1.6227608015635129,0.5163329828185903,0.7376185465675733,2.3992482961197252,3.9070018365838215,7.19535314878636,4.990380508380843,7.197744888359183,0.11660684765402785,4.0,9.0,-0.433883739117558,-0.9009688679024191,-0.9527967512759288,-0.3036088779302013
2019-09-14,7.228661749871152,1,2,28,0,0,1,0,1,0,0,0,0,0,0,0,0,0,0,0,0,0.0,7.197744888359183,0.0,5.103849631321301,14.236037935255691,8.492134387353408,0.5900948374015924,2.0653319290614944,2.3992482961197252,1.8732821315472943,7.079441662960394,2.7761959863355434,-7.197744888359183,-14.236037935255691,5.0,9.0,-0.9749279121818236,-0.2225209339563146,-0.9578784297847783,-0.287174013018322
2019-09-15,28.988408851854704,2,2,35,0,1,0,0,1,1,0,0,0,0,0,0,0,0,0,0,0,7.228661749871152,0.0,7.197744888359183,0.8113804011505753,5.103849631321301,0.0,26.628029505198864,22.49736564855113,4.808802212743442,2.1768267199115585,6.989193617425948,3.1970834554482126,7.228661749871152,2.1248121185498503,6.0,9.0,-0.7818314824680299,0.6234898018587334,-0.9626766450146765,-0.2706541652058703
2019-09-16,18.18350066643978,2,2,37,0,0,0,0,0,1,0,0,0,0,0,0,0,0,0,0,0,28.988408851854704,7.228661749871152,0.0,0.0,0.8113804011505753,28.39831401519075,31.64383561684253,26.923076923530846,12.07235686724195,6.202116498583577,9.059794249701286,9.820715616202367,21.759747101983553,28.177028450704128,0.0,9.0,0.0,1.0,-0.9671899770382298,-0.25405422318235227
2019-09-17,26.701791359781858,2,2,42,0,0,0,0,0,1,0,0,0,0,0,0,0,0,0,0,0,18.18350066643978,28.988408851854704,7.228661749871152,0.0,0.0,16.137210957258606,0.0,8.335143057805865,18.133523756055208,8.799759450932116,8.330164724790501,10.232848099979623,-10.804908185414924,18.18350066643978,1.0,9.0,0.7818314824680298,0.6234898018587336,-0.971417090233031,-0.23737909933941392
2019-09-18,5.722507796699281,1,2,53,0,0,0,0,0,0,0,0,0,0,0,0,0,0,0,0,0,26.701791359781858,18.18350066643978,28.988408851854704,0.0,0.0,11.65437302485086,7.376221855537323e-10,1.2539515286485412,24.624566959358777,12.614301073758096,9.084777610685018,11.17503689470481,8.518290693342077,26.701791359781858,2.0,9.0,0.9749279121818236,-0.22252093395631434,-0.9753567336769071,-0.2206337283171249
2020-06-24,53.75131717646205,1,2,62,0,1,0,0,1,0,0,0,0,0,0,0,0,0,0,0,0,5.722507796699281,26.701791359781858,18.18350066643978,7.197744888359183,0.0,7.081138040705155,0.0,1.563280611337527,16.869266607640306,13.431802187572279,8.661072951531334,10.40513756127082,-20.979283563082575,5.722507796699281,2.0,6.0,0.9749279121818236,-0.22252093395631434,0.11365774747032338,-0.993519962778792
2020-06-25,50.87460484772525,1,3,74,0,1,0,0,1,0,0,0,0,0,0,0,0,0,0,0,0,53.75131717646205,5.722507796699281,26.701791359781858,0.0,7.197744888359183,14.236037935255691,1.6227608015635129,0.5163329828185903,28.725205444314394,20.082312514444116,11.99465717551397,17.05060962025954,48.02880937976277,46.55357228810287,3.0,6.0,0.43388373911755823,-0.900968867902419,0.09655047073354384,-0.9953280899287085
2020-06-26,52.79241306688312,1,2,75,0,0,1,0,1,0,0,0,0,0,0,0,0,0,0,0,0,50.87460484772525,53.75131717646205,5.722507796699281,7.228661749871152,0.0,5.103849631321301,8.492134387353408,0.5900948374015924,36.78280994029553,27.350113206976296,14.611697669261796,17.769084395670603,-2.876712328736801,50.87460484772525,4.0,6.0,-0.433883739117558,-0.9009688679024191,0.07941462198577987,-0.9968416713876159
2020-06-27,49.39936775606535,1,2,59,0,1,0,0,1,0,0,0,0,0,0,0,0,0,0,0,0,52.79241306688312,50.87460484772525,53.75131717646205,28.988408851854704,7.228661749871152,0.8113804011505753,0.0,26.628029505198864,52.47277836369014,33.859220537978004,18.018023628944782,17.550095594035636,1.9178082191578696,45.56375131701197,5.0,6.0,-0.9749279121818236,-0.2225209339563146,0.06225527220861048,-0.9980602592440156
2020-06-28,51.68598524813819,1,2,51,0,0,0,0,0,0,0,0,0,0,0,0,0,0,0,0,0,49.39936775606535,52.79241306688312,50.87460484772525,18.18350066643978,28.988408851854704,0.0,28.39831401519075,31.64383561684253,51.02212855689123,36.7750718100081,21.48859415429584,18.182790278221393,-3.3930453108177687,20.41095890421065,6.0,6.0,-0.7818314824680299,0.6234898018587334,0.045077499338235225,-0.9989834928833466
2020-06-29,54.93150684978998,1,3,52,0,0,0,0,0,0,0,0,0,0,0,0,0,0,0,0,0,51.68598524813819,49.39936775606535,52.79241306688312,26.701791359781858,18.18350066643978,0.0,16.137210957258606,0.0,51.292588690362216,41.561141035965015,25.18045024344857,17.032073305703307,2.2866174920728355,33.50248458169841,0.0,6.0,0.0,1.0,0.027886386762765406,-0.9996110990947017
2020-06-30,61.27502634392757,1,2,67,0,0,0,0,0,0,0,0,0,0,0,0,0,0,0,0,0,54.93150684978998,51.68598524813819,49.39936775606535,5.722507796699281,26.701791359781858,0.0,11.65437302485086,7.376221855537323e-10,52.00561995133117,45.5939575345376,29.10412930414785,16.36530212044572,3.245521601651795,28.229715490008125,1.0,6.0,0.7818314824680298,0.6234898018587336,0.010687021817909606,-0.9999428921516786
2020-07-01,68.50368809306107,1,2,58,0,0,0,0,0,0,0,0,0,0,0,0,0,0,0,0,0,61.27502634392757,54.93150684978998,51.68598524813819,53.75131717646205,5.722507796699281,7.197744888359183,7.081138040705155,0.0,55.96417281395191,53.530031612713074,33.480916900142674,3.586807311764432,6.343519494137588,55.55251854722829,2.0,7.0,0.9749279121818236,-0.22252093395631434,-0.006515505718515781,-0.9999787738673417
2020-07-02,77.28134878843748,1,2,67,0,0,0,0,0,0,0,0,0,0,0,0,0,0,0,0,0,68.50368809306107,61.27502634392757,54.93150684978998,50.87460484772525,53.75131717646205,0.0,14.236037935255691,1.6227608015635129,61.57007376225954,55.637513172227216,37.85991284333567,6.359777380054669,7.228661749133501,14.75237091659902,3.0,7.0,0.43388373911755823,-0.900968867902419,-0.0237161051327942,-0.9997187336232778
2020-07-03,62.75026343558746,1,2,74,0,0,0,0,0,0,0,0,0,0,0,0,0,0,0,0,0,77.28134878843748,68.50368809306107,61.27502634392757,52.79241306688312,50.87460484772525,7.228661749871152,5.103849631321301,8.492134387353408,69.02002107514204,59.409905163757536,43.38000918536692,9.481418770993015,8.777660695376412,26.406743940712232,4.0,7.0,-0.433883739117558,-0.9009688679024191,-0.04090968628179356,-0.999162848372739
2020-07-04,64.81559536391131,1,2,79,0,0,0,1,0,0,0,0,0,0,0,0,0,0,0,0,0,62.75026343558746,77.28134878843748,68.50368809306107,49.39936775606535,52.79241306688312,28.988408851854704,0.8113804011505753,0.0,69.51176677236201,60.83245521642959,47.34583787720379,9.122048364438271,-14.53108535285002,9.957850368704342,5.0,7.0,-0.9749279121818236,-0.2225209339563146,-0.05809116109928645,-0.99831128261787
2020-07-05,59.578503688518666,1,2,115,0,0,0,1,0,0,1,0,0,0,0,0,0,0,0,0,0,64.81559536391131,62.75026343558746,77.28134878843748,51.68598524813819,49.39936775606535,18.18350066643978,0.0,28.39831401519075,68.28240252931208,63.03477344612187,49.90492262806499,7.871112119701236,2.0653319283238503,15.416227607845961,6.0,7.0,-0.7818314824680299,0.6234898018587334,-0.07525544510164994,-0.9971642883610266
2020-07-06,60.6849315072636,1,3,29,0,0,0,0,0,0,0,0,0,0,0,0,0,0,0,0,0,59.578503688518666,64.81559536391131,62.75026343558746,54.93150684978998,51.68598524813819,26.701791359781858,0.0,16.137210957258606,62.381454162672476,64.16227608046194,52.86170855821347,6.632526062065811,-5.237091675392648,7.892518440380478,0.0,7.0,0.0,1.0,-0.09239745889250749,-0.9957222050302019
2020-07-07,64.88935721849431,2,4,26,1,0,0,0,0,1,0,0,0,0,0,0,0,0,0,0,0,60.6849315072636,59.578503688518666,64.81559536391131,61.27502634392757,54.93150684978998,5.722507796699281,0.0,11.65437302485086,61.69301018656452,64.98419388867246,55.28907571160503,5.733221436187659,1.1064278187449332,5.753424657473616,1.0,7.0,0.7818314824680298,0.6234898018587336,-0.10951212966586969,-0.9939854593785795
2020-07-08,64.07797681808137,1,4,26,1,0,0,0,0,0,0,0,0,0,0,0,0,0,0,0,0,64.88935721849431,60.6849315072636,59.578503688518666,68.50368809306107,61.27502634392757,53.75131717646205,7.197744888359183,7.081138040705155,61.71759747142553,65.50052687075342,59.515279241733246,5.535259293640837,4.204425711230712,3.6143308745667397,2.0,7.0,0.9749279121818236,-0.22252093395631434,-0.12659439270731607,-0.9919545653582456
2020-07-09,66.29083245557122,1,3,28,0,0,0,0,0,0,0,0,0,0,0,0,0,0,0,0,0,64.07797681808137,64.88935721849431,60.6849315072636,77.28134878843748,68.50368809306107,50.87460484772525,0.0,14.236037935255691,63.21742184794642,64.86828240289917,60.2528977875632,5.407405081263496,-0.8113804004129435,-4.4257112749797045,3.0,7.0,0.43388373911755823,-0.900968867902419,-0.14363919289279092,-0.9896301239680952
2020-07-10,68.2824025293121,1,3,31,0,0,0,0,0,0,0,0,0,0,0,0,0,0,0,0,0,66.29083245557122,64.07797681808137,64.88935721849431,62.75026343558746,77.28134878843748,52.79241306688312,7.228661749871152,5.103849631321301,65.08605549738229,63.29820864106113,61.35405690240933,2.247656501063503,2.2128556374898523,-10.990516332866264,4.0,7.0,-0.433883739117558,-0.9009688679024191,-0.16064148618455396,-0.987012823075981
2020-07-11,69.683877766389,1,3,26,0,0,0,1,0,0,0,0,0,0,0,0,0,0,0,0,0,68.2824025293121,66.29083245557122,64.07797681808137,64.81559536391131,62.75026343558746,49.39936775606535,28.988408851854704,0.8113804011505753,66.21707060098822,64.08851422587894,62.46048472115426,2.8166236772096966,1.9915700737408741,5.532139093724631,5.0,7.0,-0.9749279121818236,-0.2225209339563146,-0.17759624112385647,-0.9841034372151523
2020-07-12,65.84826132807325,1,2,26,0,0,0,1,0,0,0,0,0,0,0,0,0,0,0,0,0,69.683877766389,68.2824025293121,66.29083245557122,59.578503688518666,64.81559536391131,51.68598524813819,18.18350066643978,0.0,68.0857042504241,64.7839831405186,63.90937829332024,3.4419116296388834,1.4014752370769088,4.868282402477689,6.0,7.0,-0.7818314824680299,0.6234898018587334,-0.19449844031989072,-0.9809028273550494
2020-07-13,69.38883034805703,1,2,33,0,0,0,0,0,0,0,0,0,0,0,0,0,0,0,0,0,65.84826132807325,69.683877766389,68.2824025293121,60.6849315072636,59.578503688518666,54.93150684978998,26.701791359781858,0.0,67.93818054125812,65.67966280331213,64.92096944188702,2.7083803011768808,-3.8356164383157534,6.269757639554584,0.0,7.0,0.0,1.0,-0.21134308193457638,-0.9774119406465193
2020-07-14,66.88092729223519,1,3,26,0,0,0,0,0,0,0,0,0,0,0,0,0,0,0,0,0,69.38883034805703,65.84826132807325,69.683877766389,64.88935721849431,60.6849315072636,61.27502634392757,5.722507796699281,0.0,68.3069898141731,66.92307692342547,65.95363540604896,2.047133864950896,3.540569019983778,8.703898840793428,1.0,7.0,0.7818314824680298,0.6234898018587336,-0.22812518116274869,-0.9736318101415252
2020-07-15,70.27397260305297,2,3,22,0,0,0,0,0,1,0,0,0,0,0,0,0,0,0,0,0,66.88092729223519,69.38883034805703,65.84826132807325,64.07797681808137,64.88935721849431,68.50368809306107,53.75131717646205,7.197744888359183,67.37267298945515,67.20758693395987,66.35405690235665,1.875954559216854,-2.507903055821842,1.9915700737408741,2.0,7.0,0.9749279121818236,-0.22252093395631434,-0.24483977170729954,-0.9695635544874391
2020-07-16,60.46364594351461,2,3,22,0,0,0,0,0,1,0,0,0,0,0,0,0,0,0,0,0,70.27397260305297,66.88092729223519,69.38883034805703,66.29083245557122,64.07797681808137,77.28134878843748,50.87460484772525,0.0,68.84791008111506,68.09272918895581,66.4805057959275,1.6369991042357315,3.393045310817783,6.1959957849716005,3.0,7.0,0.43388373911755823,-0.900968867902419,-0.26148190724884907,-0.965208377596001
2020-07-17,71.45416227638088,1,3,23,0,0,0,0,0,0,0,0,0,0,0,0,0,0,0,0,0,60.46364594351461,70.27397260305297,66.88092729223519,68.2824025293121,66.29083245557122,62.75026343558746,52.79241306688312,7.228661749871152,65.87284861293425,67.26027397294773,65.27924130700443,3.1365032848780827,-9.810326659538362,-5.827186512056613,4.0,7.0,-0.433883739117558,-0.9009688679024191,-0.2780466629094963,-0.9605675682870481
2020-07-18,66.43835616473721,1,3,23,0,0,0,1,0,0,0,0,0,0,0,0,0,0,0,0,0,71.45416227638088,60.46364594351461,70.27397260305297,69.683877766389,68.2824025293121,64.81559536391131,49.39936775606535,28.988408851854704,67.39726027431614,67.71338250824327,65.9009483670611,3.4634906194059454,10.990516332866278,3.1717597470687906,5.0,7.0,-0.9749279121818236,-0.2225209339563146,-0.2945291367102338,-0.9556424999071171
2020-07-19,67.02845100140118,1,3,27,0,0,0,1,0,0,0,0,0,0,0,0,0,0,0,0,0,66.43835616473721,71.45416227638088,60.46364594351461,65.84826132807325,69.683877766389,59.578503688518666,51.68598524813819,18.18350066643978,66.11872146154423,67.24973656515017,66.01685985283439,3.3850182228972234,-5.01580611164367,-3.245521601651788,6.0,7.0,-0.7818314824680299,0.6234898018587334,-0.3109244510215808,-0.9504346299230308
2020-07-20,70.56902002138494,2,2,31,0,0,0,0,0,1,0,0,0,0,0,0,0,0,0,0,0,67.02845100140118,66.43835616473721,71.45416227638088,69.38883034805703,65.84826132807325,60.6849315072636,54.93150684978998,26.701791359781858,68.3069898141731,67.4183350899113,66.5489989466117,3.340108954770067,0.5900948366639653,1.1801896733279307,0.0,7.0,0.0,1.0,-0.3272277540070095,-0.9449454994905939
2020-07-21,77.87144362510145,2,2,25,0,0,0,0,0,1,0,0,0,0,0,0,0,0,0,0,0,70.56902002138494,67.02845100140118,66.43835616473721,66.88092729223519,69.38883034805703,64.88935721849431,61.27502634392757,5.722507796699281,68.0119423958411,67.58693361467242,67.25500526904895,3.4628493747475204,3.5405690199837636,1.1801896733279165,1.0,7.0,0.7818314824680298,0.6234898018587336,-0.343434221058743,-0.9391767329985206
2020-07-22,78.8303477346804,1,2,27,0,0,0,0,0,0,0,0,0,0,0,0,0,0,0,0,0,77.87144362510145,70.56902002138494,67.02845100140118,70.27397260305297,66.88092729223519,64.07797681808137,68.50368809306107,53.75131717646205,71.82297154929586,69.15700737651046,68.18229715523518,4.956324393415107,7.302423603716505,10.990516332866264,2.0,7.0,0.9749279121818236,-0.22252093395631434,-0.3595390562254921,-0.9331300375877322
2020-07-23,73.74077976845373,1,3,42,0,0,0,0,0,0,0,0,0,0,0,0,0,0,0,0,0,78.8303477346804,77.87144362510145,70.56902002138494,60.46364594351461,70.27397260305297,66.29083245557122,77.28134878843748,50.87460484772525,75.7569371270556,70.37934668102868,69.23603793499224,6.021665279750093,0.9589041095789526,8.556375131627433,3.0,7.0,0.43388373911755823,-0.900968867902419,-0.3755374936317112,-0.9268072026461666
2020-07-24,72.7818756588748,1,3,27,0,0,0,0,0,0,0,0,0,0,0,0,0,0,0,0,0,73.74077976845373,78.8303477346804,77.87144362510145,71.45416227638088,60.46364594351461,68.2824025293121,62.75026343558746,52.79241306688312,76.81419037607851,72.2760800845914,69.76817702876957,4.4979058181938925,-5.089567966226667,13.277133824939128,4.0,7.0,-0.433883739117558,-0.9009688679024191,-0.3914247988879585,-0.9202100992792468
2020-07-25,62.01264488975751,1,3,18,0,0,0,1,0,0,0,0,0,0,0,0,0,0,0,0,0,72.7818756588748,73.74077976845373,78.8303477346804,66.43835616473721,71.45416227638088,69.683877766389,64.81559536391131,49.39936775606535,75.11766772066964,72.46575342494768,70.08956796659548,4.487228633937733,-0.9589041095789383,1.3277133824939114,5.0,7.0,-0.9749279121818236,-0.2225209339563146,-0.4071962704919323,-0.9133406797561692
2020-07-26,64.66807165474533,2,3,20,0,0,0,1,0,1,0,0,0,0,0,0,0,0,0,0,0,62.01264488975751,72.7818756588748,73.74077976845373,67.02845100140118,66.43835616473721,65.84826132807325,59.578503688518666,51.68598524813819,69.51176677236201,71.83350895709343,69.54162276112179,5.491374724299944,-10.769230769117286,-4.4257112749797045,6.0,7.0,-0.7818314824680299,0.6234898018587334,-0.42284724121978184,-0.9062009769321702
2020-07-27,66.51211801932021,1,3,21,0,0,0,0,0,0,0,0,0,0,0,0,0,0,0,0,0,64.66807165474533,62.01264488975751,72.7818756588748,70.56902002138494,67.02845100140118,69.38883034805703,60.6849315072636,54.93150684978998,66.48753073445921,71.49631190757117,69.45732349874123,5.8376288161209136,2.6554267649878227,-2.360379346655847,0.0,7.0,0.0,1.0,-0.4383730795072664,-0.8987931036469494
2020-07-28,71.3804004217979,2,2,28,0,0,0,0,0,1,0,0,0,0,0,0,0,0,0,0,0,66.51211801932021,64.66807165474533,62.01264488975751,77.87144362510145,70.56902002138494,66.88092729223519,64.88935721849431,61.27502634392757,64.39761152127436,70.91675447870477,69.2518440466886,6.09656205395009,1.8440463645748792,-4.0569020020647315,1.0,7.0,0.7818314824680298,0.6234898018587336,-0.45376919082036926,-0.8911192520994187
2020-07-29,81.33825079050223,2,3,24,0,0,0,0,0,1,0,0,0,0,0,0,0,0,0,0,0,71.3804004217979,66.51211801932021,64.66807165474533,78.8303477346804,77.87144362510145,70.27397260305297,64.07797681808137,68.50368809306107,67.52019669862115,69.98946259251855,69.57323498451451,5.42487204438805,4.868282402477689,-6.491043203303548,2.0,7.0,0.9749279121818236,-0.22252093395631434,-0.46903101901494954,-0.8831816931989691
2020-07-30,82.66596417299614,2,4,21,1,0,0,0,0,1,0,0,0,0,0,0,0,0,0,0,0,81.33825079050223,71.3804004217979,66.51211801932021,73.74077976845373,78.8303477346804,60.46364594351461,66.29083245557122,77.28134878843748,73.07692307720679,70.34773445763595,70.36354056933232,6.044358517852273,9.957850368704328,2.507903055821828,3.0,7.0,0.43388373911755823,-0.900968867902419,-0.4841540476850335,-0.8749827758934449
2020-07-31,71.82297154929586,2,4,20,0,0,0,0,0,1,0,0,0,0,0,0,0,0,0,0,0,82.66596417299614,81.33825079050223,71.3804004217979,72.7818756588748,73.74077976845373,71.45416227638088,68.2824025293121,62.75026343558746,78.46153846176541,71.62276080114202,71.94942044286671,7.4122106867077475,1.3277133824939114,8.925184404542406,4.0,7.0,-0.433883739117558,-0.9009688679024191,-0.49913380149934533,-0.8665249264740237
2020-08-01,78.24025289801644,2,3,19,0,0,0,1,0,1,0,0,0,0,0,0,0,0,0,0,0,71.82297154929586,82.66596417299614,81.33825079050223,62.01264488975751,72.7818756588748,66.43835616473721,69.683877766389,64.81559536391131,78.60906217093141,71.4857744997736,71.97576396236063,7.398370971387968,-10.842992623700283,-0.9589041095789383,5.0,8.0,-0.9749279121818236,-0.2225209339563146,-0.5139658475256869,-0.8578106478572077
2020-08-02,78.31401475259942,2,2,24,0,0,0,1,0,1,0,0,0,0,0,0,0,0,0,0,0,78.24025289801644,71.82297154929586,82.66596417299614,64.66807165474533,62.01264488975751,67.02845100140118,65.84826132807325,59.578503688518666,77.57639620676947,73.80400421523916,72.81875658616629,6.561954433816901,6.417281348720579,16.227608008258926,6.0,8.0,-0.7818314824680299,0.6234898018587334,-0.5286457965427641,-0.8488425188441413
2020-08-03,80.3055848263403,2,2,27,0,0,0,0,0,1,0,0,0,0,0,0,0,0,0,0,0,78.31401475259942,78.24025289801644,71.82297154929586,66.51211801932021,64.66807165474533,70.56902002138494,69.38883034805703,60.6849315072636,76.12574639997057,75.75342465778975,73.62486828268047,5.499194393010083,0.07376185458298323,13.645943097854087,0.0,8.0,0.0,1.0,-0.5431693043390854,-0.8396231933574692
2020-08-04,86.3540569021459,2,3,22,0,0,0,0,0,1,0,0,0,0,0,0,0,0,0,0,0,80.3055848263403,78.31401475259942,78.24025289801644,71.3804004217979,66.51211801932021,77.87144362510145,66.88092729223519,64.88935721849431,78.95328415898537,77.72391991593547,74.32033719732011,4.137432359086074,1.9915700737408741,13.793466807020081,1.0,8.0,0.7818314824680298,0.6234898018587336,-0.5575320729985326,-0.8301553996559674
2020-08-05,78.97787144384638,2,3,21,0,0,0,0,0,1,0,0,0,0,0,0,0,0,0,0,0,86.3540569021459,80.3055848263403,78.31401475259942,81.33825079050223,71.3804004217979,78.8303477346804,70.27397260305297,64.07797681808137,81.65788549369519,79.86301369884232,74.92623814568044,4.1753938227574245,6.048472075805606,14.973656480347998,2.0,8.0,0.9749279121818236,-0.22252093395631434,-0.571729852172239,-0.8204419395271731
2020-08-06,81.19072708133623,1,2,21,0,0,0,0,0,0,0,0,0,0,0,0,0,0,0,0,0,78.97787144384638,86.3540569021459,80.3055848263403,82.66596417299614,81.33825079050223,73.74077976845373,60.46364594351461,66.29083245557122,81.8791710574442,79.52581664932006,74.93677555347801,4.13778122754852,-7.376185458299517,-2.360379346655847,3.0,8.0,0.43388373911755823,-0.900968867902419,-0.5857584403363858,-0.8104856874582578
2020-08-07,75.8061116967776,1,2,21,0,0,0,0,0,0,0,0,0,0,0,0,0,0,0,0,0,81.19072708133623,78.97787144384638,86.3540569021459,71.82297154929586,82.66596417299614,72.7818756588748,71.45416227638088,68.2824025293121,82.17421847577616,79.31506849336866,75.46891464725533,4.0080121754323805,2.2128556374898523,-1.4752370916599062,4.0,8.0,-0.433883739117558,-0.9009688679024191,-0.5996136860355509,-0.800289589785385
2020-08-08,69.09378292972505,1,2,25,0,0,0,1,0,0,0,0,0,0,0,0,0,0,0,0,0,75.8061116967776,81.19072708133623,78.97787144384638,78.24025289801644,71.82297154929586,62.01264488975751,66.43835616473721,69.683877766389,78.65823674065341,79.88408851443747,75.68493150710553,3.0790514745202398,-5.384615384558629,3.9831401474817483,5.0,8.0,-0.9749279121818236,-0.2225209339563146,-0.6132914891112445,-0.7898566638218052
2020-08-09,68.2086406747291,1,3,29,0,0,0,1,0,0,0,0,0,0,0,0,0,0,0,0,0,69.09378292972505,75.8061116967776,81.19072708133623,78.31401475259942,78.24025289801644,64.66807165474533,67.02845100140118,65.84826132807325,75.36354056927964,78.57744994753871,76.19072708138893,4.90103887741201,-6.712328767052554,-9.146469968291385,6.0,8.0,-0.7818314824680299,0.6234898018587334,-0.6267878019152604,-0.7791899969649484
2020-08-10,61.05374078017858,2,3,23,0,0,0,0,0,1,0,0,0,0,0,0,0,0,0,0,0,68.2086406747291,69.09378292972505,75.8061116967776,80.3055848263403,78.31401475259942,66.51211801932021,70.56902002138494,69.38883034805703,71.03617843374393,77.13382507927152,76.44362486853062,6.106152785245642,-0.8851422549959551,-10.105374077870323,0.0,8.0,0.0,1.0,-0.6400986305074876,-0.768292745782777
2020-08-11,68.94625922055904,2,3,24,0,0,0,0,0,1,0,0,0,0,0,0,0,0,0,0,0,61.05374078017858,68.2086406747291,69.09378292972505,86.3540569021459,80.3055848263403,71.3804004217979,77.87144362510145,66.88092729223519,66.11872146154424,74.38356164410554,76.0537407800205,8.076041474549235,-7.154899894550518,-19.251844046161715,1.0,8.0,0.7818314824680298,0.6234898018587336,-0.6532200358378337,-0.757168135079666
2020-08-12,75.36354056927964,2,2,23,0,0,0,0,0,1,0,0,0,0,0,0,0,0,0,0,0,68.94625922055904,61.05374078017858,68.2086406747291,78.97787144384638,86.3540569021459,81.33825079050223,78.8303477346804,70.27397260305297,66.06954689182223,71.89673340387887,75.87987355136059,6.541498510477896,7.892518440380464,-17.407797681586857,2.0,8.0,0.9749279121818236,-0.22252093395631434,-0.6661481349118972,-0.7458194569420945
2020-08-13,75.14225500553064,2,3,27,0,0,0,0,0,1,0,0,0,0,0,0,0,0,0,0,0,75.36354056927964,68.94625922055904,61.05374078017858,81.19072708133623,78.97787144384638,82.66596417299614,73.74077976845373,60.46364594351461,68.45451352333907,71.38040042179789,75.45310853555897,6.089199537828065,6.417281348720593,-3.614330874566747,3.0,8.0,0.43388373911755823,-0.900968867902419,-0.6788791019400585,-0.7342500697644226
2020-08-14,73.51949420470476,2,3,24,0,0,0,0,0,1,0,0,0,0,0,0,0,0,0,0,0,75.14225500553064,75.36354056927964,68.94625922055904,75.8061116967776,81.19072708133623,71.82297154929586,72.7818756588748,71.45416227638088,73.15068493178977,70.51633298239709,74.91570073788286,4.960288154703929,-0.22128556374899233,-6.048472075805591,4.0,8.0,-0.433883739117558,-0.9009688679024191,-0.6914091694696364,-0.7224633972550496
2020-08-15,70.49525816680196,1,2,22,0,0,0,1,0,0,0,0,0,0,0,0,0,0,0,0,0,73.51949420470476,75.14225500553064,75.36354056927964,69.09378292972505,75.8061116967776,78.24025289801644,62.01264488975751,66.43835616473721,74.67509659317166,70.1896733406724,75.03688092755492,4.667845677354968,-1.622760800825887,-2.2866174920728497,5.0,8.0,-0.9749279121818236,-0.2225209339563146,-0.703734629499786,-0.7104629274232391
2020-08-16,78.16649104343344,1,3,26,0,0,0,1,0,0,0,0,0,0,0,0,0,0,0,0,0,70.49525816680196,73.51949420470476,75.14225500553064,68.2086406747291,69.09378292972505,78.31401475259942,64.66807165474533,67.02845100140118,73.05233579234579,70.38988408882625,74.48366701818247,4.64655477224993,-3.0242360379027957,1.4014752370769088,6.0,8.0,-0.7818314824680299,0.6234898018587334,-0.715851834578799,-0.6982522115469223
2020-08-17,74.69968387803267,2,3,26,0,0,0,0,0,1,0,0,0,0,0,0,0,0,0,0,0,78.16649104343344,70.49525816680196,73.51949420470476,61.05374078017858,68.2086406747291,80.3055848263403,66.51211801932021,70.56902002138494,74.06041447164671,71.8124341414983,74.47312961038492,5.246571003849379,7.671232876631478,9.957850368704342,0.0,8.0,0.0,1.0,-0.7277571988834893,-0.6858348631217702
2020-08-18,78.16649104343344,2,4,21,1,0,0,0,0,1,0,0,0,0,0,0,0,0,0,0,0,74.69968387803267,78.16649104343344,70.49525816680196,68.94625922055904,61.05374078017858,86.3540569021459,71.3804004217979,77.87144362510145,74.45381102942268,73.76185458404886,74.0727081140772,2.895084475806848,-3.466807165400766,13.645943097854094,1.0,8.0,0.7818314824680298,0.6234898018587336,-0.7394471992803373,-0.6732145567918634
2020-08-19,68.2086406747291,1,3,24,0,0,0,0,0,0,0,0,0,0,0,0,0,0,0,0,0,78.16649104343344,74.69968387803267,78.16649104343344,75.36354056927964,68.94625922055904,78.97787144384638,81.33825079050223,78.8303477346804,77.01088865496651,75.07903055874522,73.48788198131204,2.470881700661819,3.466807165400766,9.220231822874396,2.0,8.0,0.9749279121818236,-0.22252093395631434,-0.7509183763680874,-0.6603950272622556
2020-08-20,74.99473129636465,1,2,35,0,0,0,0,0,0,0,0,0,0,0,0,0,0,0,0,0,68.2086406747291,78.16649104343344,74.69968387803267,75.14225500553064,75.36354056927964,81.19072708133623,82.66596417299614,73.74077976845373,73.69160519873174,74.05690200238085,72.71865121208937,3.4339664355379185,-9.957850368704342,-7.154899894550539,3.0,8.0,0.43388373911755823,-0.900968867902419,-0.76216733550148,-0.6473800681937733
2020-08-21,76.54373024260754,1,2,52,0,0,0,0,0,0,0,0,0,0,0,0,0,0,0,0,0,74.99473129636465,68.2086406747291,78.16649104343344,73.51949420470476,75.14225500553064,75.8061116967776,71.82297154929586,72.7818756588748,73.78995433817572,74.03582718678571,72.27608008459141,3.427687724796584,6.786090621635552,-0.1475237091659949,4.0,8.0,-0.433883739117558,-0.9009688679024191,-0.7731907477958236,-0.6341735310803621
2020-08-22,78.9041095892634,1,2,29,0,0,0,1,0,0,0,0,0,0,0,0,0,0,0,0,0,76.54373024260754,74.99473129636465,68.2086406747291,70.49525816680196,73.51949420470476,69.09378292972505,78.24025289801644,62.01264488975751,73.24903407123375,74.46786090648611,72.32876712357925,3.5246014570111677,1.5489989462428895,3.0242360379027815,5.0,8.0,-0.9749279121818236,-0.2225209339563146,-0.7839853511121072,-0.6207793241093215
2020-08-23,65.1106427822433,1,3,25,0,0,0,1,0,0,0,0,0,0,0,0,0,0,0,0,0,78.9041095892634,76.54373024260754,74.99473129636465,78.16649104343344,70.49525816680196,68.2086406747291,78.31401475259942,64.66807165474533,76.81419037607851,75.66912539540918,73.02950474211771,3.396577757874623,2.3603793466558614,8.408851422461439,6.0,8.0,-0.7818314824680299,0.6234898018587334,-0.7945479510223574,-0.6072014110047618
2020-08-24,64.15173867266437,1,3,30,0,0,0,0,0,0,0,0,0,0,0,0,0,0,0,0,0,65.1106427822433,78.9041095892634,76.54373024260754,74.69968387803267,78.16649104343344,61.05374078017858,80.3055848263403,66.51211801932021,73.51949420470474,73.80400421523916,72.80821917836873,4.805520100476473,-13.793466807020096,-13.055848261190135,0.0,8.0,0.0,1.0,-0.8048754217549614,-0.5934438098546255
2020-08-25,63.26659641766843,2,3,27,0,0,0,0,0,1,0,0,0,0,0,0,0,0,0,0,0,64.15173867266437,65.1106427822433,78.9041095892634,78.16649104343344,74.69968387803267,68.94625922055904,86.3540569021459,71.3804004217979,69.38883034805701,72.29715490018654,73.02950474211771,5.832433798420414,-0.9589041095789383,-10.547945205368308,1.0,8.0,0.7818314824680298,0.6234898018587336,-0.8149647071196691,-0.5795105919216249
2020-08-26,59.72602739768465,1,2,46,0,0,0,0,0,0,0,0,0,0,0,0,0,0,0,0,0,63.26659641766843,64.15173867266437,65.1106427822433,68.2086406747291,78.16649104343344,75.36354056927964,78.97787144384638,81.33825079050223,64.17632595752536,70.16859852507726,72.62381454191124,6.017920881361946,-0.8851422549959338,-14.899894625765008,2.0,8.0,0.9749279121818236,-0.22252093395631434,-0.8248128214120084,-0.5654058804384355
2020-08-27,71.67544784012986,1,2,55,0,0,0,0,0,0,0,0,0,0,0,0,0,0,0,0,0,59.72602739768465,63.26659641766843,64.15173867266437,74.99473129636465,68.2086406747291,75.14225500553064,81.19072708133623,82.66596417299614,62.38145416267247,68.95679662835661,71.50684931536874,7.055233237590051,-3.540569019983778,-8.482613277044443,3.0,8.0,0.43388373911755823,-0.900968867902419,-0.8344168502968383,-0.5511338493875183
2020-08-28,70.64278187596794,1,2,59,0,0,0,0,0,0,0,0,0,0,0,0,0,0,0,0,0,71.67544784012986,59.72602739768465,63.26659641766843,76.54373024260754,74.99473129636465,73.51949420470476,75.8061116967776,71.82297154929586,64.88935721849431,68.48261327746593,71.25922023212583,6.737895736184761,11.94942044244521,-3.3192834562347855,4.0,8.0,-0.433883739117558,-0.9009688679024191,-0.8437739516707836,-0.536698722265919
2020-08-29,74.47839831428368,1,2,56,0,0,0,1,0,0,0,0,0,0,0,0,0,0,0,0,0,70.64278187596794,71.67544784012986,59.72602739768465,78.9041095892634,76.54373024260754,70.49525816680196,69.09378292972505,78.24025289801644,67.34808570459414,67.63962065366027,71.0537407800732,6.006008162826895,-1.0326659641619216,-5.9009483666395965,5.0,8.0,-0.9749279121818236,-0.2225209339563146,-0.8528813565032917,-0.5221047708354187
2020-08-30,81.9283456271662,1,2,38,0,0,0,1,0,0,0,0,0,0,0,0,0,0,0,0,0,74.47839831428368,70.64278187596794,71.67544784012986,65.1106427822433,78.9041095892634,78.16649104343344,68.2086406747291,78.31401475259942,72.26554267679381,67.00737618580604,71.3382507906076,4.9220636758636385,3.835616438315739,-4.425711274979719,6.0,8.0,-0.7818314824680299,0.6234898018587334,-0.8617363696560699,-0.507356313858394
2020-08-31,70.79030558513392,1,2,37,0,0,0,0,0,0,0,0,0,0,0,0,0,0,0,0,0,81.9283456271662,74.47839831428368,70.64278187596794,64.15173867266437,65.1106427822433,74.69968387803267,61.05374078017858,80.3055848263403,75.6831752724726,69.40990516365217,71.60695468944566,7.053061025893786,7.449947312882514,16.81770284492289,0.0,8.0,0.0,1.0,-0.8703363706806498,-0.4924577158197792
2020-09-01,69.09378292972505,1,2,64,0,0,0,0,0,0,0,0,0,0,0,0,0,0,0,0,0,70.79030558513392,81.9283456271662,74.47839831428368,63.26659641766843,64.15173867266437,78.16649104343344,68.94625922055904,86.3540569021459,75.7323498421946,70.35827186543352,71.32771338281003,6.720768275749212,-11.138040042032273,6.638566912469557,1.0,9.0,0.7818314824680298,0.6234898018587336,-0.878678814593855,-0.4774133856354865
2020-09-02,72.26554267679384,2,2,78,0,0,0,0,0,1,0,0,0,0,0,0,0,0,0,0,0,69.09378292972505,70.79030558513392,81.9283456271662,59.72602739768465,63.26659641766843,68.2086406747291,75.36354056927964,78.97787144384638,73.93747804734171,71.19072708144162,70.67966280325943,6.125325452807737,-1.6965226554088702,5.82718651205662,2.0,9.0,0.9749279121818236,-0.22252093395631434,-0.8867612326309313,-0.46222777534768655
2020-09-03,75.43730242386262,2,2,81,0,0,0,0,0,1,0,0,0,0,0,0,0,0,0,0,0,72.26554267679384,69.09378292972505,70.79030558513392,71.67544784012986,59.72602739768465,74.99473129636465,75.14225500553064,81.19072708133623,70.71654373055092,72.98208640702865,70.96944151769263,3.9621494060565783,3.1717597470687906,12.539515279109189,3.0,9.0,0.43388373911755823,-0.900968867902419,-0.8945812329761252,-0.44690537880732156
2020-09-04,74.25711275053469,2,2,57,0,0,0,0,0,1,0,0,0,0,0,0,0,0,0,0,0,75.43730242386262,72.26554267679384,69.09378292972505,70.64278187596794,71.67544784012986,76.54373024260754,73.51949420470476,75.8061116967776,72.26554267679383,73.51949420470474,71.00105374108534,4.0033829760268365,3.1717597470687764,3.761854583732756,4.0,9.0,-0.433883739117558,-0.9009688679024191,-0.9021365014704882,-0.4314507303442513
2020-09-05,78.6090621709314,2,2,47,0,0,0,1,0,1,0,0,0,0,0,0,0,0,0,0,0,74.25711275053469,75.43730242386262,72.26554267679384,74.47839831428368,70.64278187596794,78.9041095892634,70.49525816680196,69.09378292972505,73.98665261706371,74.03582718678571,70.837723920223,3.8283143591504705,-1.1801896733279307,3.614330874566747,5.0,9.0,-0.9749279121818236,-0.2225209339563146,-0.9094248022967037,-0.4158684034254122
2020-09-06,75.6585879876116,2,2,46,0,0,0,1,0,1,0,0,0,0,0,0,0,0,0,0,0,78.6090621709314,74.25711275053469,75.43730242386262,81.9283456271662,74.47839831428368,65.1106427822433,78.16649104343344,68.2086406747291,76.10115911510955,74.62592202344968,70.81664910462784,4.155427800408594,4.351949420396707,4.130663856647715,6.0,9.0,-0.7818314824680299,0.6234898018587334,-0.9164439786407274,-0.4001630093014021
2020-09-07,75.28977871469664,2,2,31,0,0,0,0,0,1,0,0,0,0,0,0,0,0,0,0,0,75.6585879876116,78.6090621709314,74.25711275053469,70.79030558513392,81.9283456271662,64.15173867266437,74.69968387803267,61.05374078017858,76.17492096969255,73.73024236065615,71.57007376215417,2.9999613218432812,-2.9504741833197983,-6.269757639554598,0.0,9.0,0.0,1.0,-0.9231919533300499,-0.38433919564187974
2020-09-08,79.19915700759537,2,2,30,0,0,0,0,0,1,0,0,0,0,0,0,0,0,0,0,0,75.28977871469664,75.6585879876116,78.6090621709314,69.09378292972505,70.79030558513392,63.26659641766843,78.16649104343344,68.94625922055904,76.51914295774652,74.37302423630798,72.36564805087075,2.7747617953292054,-0.3688092729149588,4.499473129562716,1.0,9.0,0.7818314824680298,0.6234898018587336,-0.9296667294483892,-0.3684016451601911
2020-09-09,84.878819810486,2,2,34,0,0,0,0,0,1,0,0,0,0,0,0,0,0,0,0,0,79.19915700759537,75.28977871469664,75.6585879876116,72.26554267679384,69.09378292972505,59.72602739768465,68.2086406747291,75.36354056927964,76.71584123663452,75.81664910457516,73.50368809300838,2.227359762355917,3.9093782928987366,10.105374077870323,2.0,9.0,0.9749279121818236,-0.22252093395631434,-0.9358663909266379,-0.35235507422761664
2020-09-10,79.27291886217837,2,2,35,0,0,0,0,0,1,0,0,0,0,0,0,0,0,0,0,0,84.878819810486,79.19915700759537,75.28977871469664,75.43730242386262,72.26554267679384,71.67544784012986,74.99473129636465,75.14225500553064,79.78925184425931,77.61854583795976,75.3003161224942,3.412428518432878,5.679662802890618,12.61327713369215,3.0,9.0,0.43388373911755823,-0.900968867902419,-0.9417891031098783,-0.3362042314776705
2020-09-11,73.29820864095575,2,3,28,0,0,0,0,0,1,0,0,0,0,0,0,0,0,0,0,0,79.27291886217837,84.878819810486,79.19915700759537,74.25711275053469,75.43730242386262,70.64278187596794,76.54373024260754,73.51949420470476,81.11696522675324,78.16649104343344,75.84299262406908,3.325015539989606,-5.605900948307621,3.8356164383157534,4.0,9.0,-0.433883739117558,-0.9009688679024191,-0.9474331133003114,-0.3199538964008396
2020-09-12,76.17492096969258,1,2,40,0,0,0,1,0,0,0,0,0,0,0,0,0,0,0,0,0,73.29820864095575,79.27291886217837,84.878819810486,78.6090621709314,74.25711275053469,74.47839831428368,78.9041095892634,70.49525816680196,79.14998243787336,78.02950474206501,76.03266596442538,3.4984828665775045,-5.974710221222622,-0.9589041095789383,5.0,9.0,-0.9749279121818236,-0.2225209339563146,-0.9527967512759288,-0.3036088779302013
2020-09-13,80.67439409925528,1,2,37,0,0,0,1,0,0,0,0,0,0,0,0,0,0,0,0,0,76.17492096969258,73.29820864095575,79.27291886217837,75.6585879876116,78.6090621709314,81.9283456271662,65.1106427822433,78.16649104343344,76.24868282427556,77.6817702847452,76.15384615409742,3.5442677252933983,2.8767123287368292,-2.434141201238816,6.0,9.0,-0.7818314824680299,0.6234898018587334,-0.9578784297847783,-0.287174013018322
2020-09-14,79.49420442592735,2,3,37,0,0,0,0,0,1,0,0,0,0,0,0,0,0,0,0,0,80.67439409925528,76.17492096969258,73.29820864095575,75.28977871469664,75.6585879876116,70.79030558513392,64.15173867266437,74.69968387803267,76.71584123663452,78.39831401498,76.06427818781808,3.569740331217804,4.499473129562702,5.015806111643684,0.0,9.0,0.0,1.0,-0.9626766450146765,-0.2706541652058703
2020-09-15,87.23919915714184,2,3,30,0,0,0,0,0,1,0,0,0,0,0,0,0,0,0,0,0,79.49420442592735,80.67439409925528,76.17492096969258,79.19915700759537,75.28977871469664,69.09378292972505,63.26659641766843,78.16649104343344,78.78117316495839,78.99894625944152,76.68598524787475,3.3426677253430555,-1.1801896733279307,4.204425711230712,1.0,9.0,0.7818314824680298,0.6234898018587336,-0.9671899770382298,-0.25405422318235227
2020-09-16,79.93677555342532,2,3,26,0,0,0,0,0,1,0,0,0,0,0,0,0,0,0,0,0,87.23919915714184,79.49420442592735,80.67439409925528,84.878819810486,79.19915700759537,72.26554267679384,59.72602739768465,68.2086406747291,82.46926589410815,80.14752370937674,77.98208640697594,4.421393849701281,7.74499473121449,8.040042149546466,2.0,9.0,0.9749279121818236,-0.22252093395631434,-0.971417090233031,-0.23737909933941392
2020-09-17,81.41201264508521,2,4,26,1,0,0,0,0,1,0,0,0,0,0,0,0,0,0,0,0,79.93677555342532,87.23919915714184,79.49420442592735,79.27291886217837,84.878819810486,75.43730242386262,71.67544784012986,74.99473129636465,82.22339304549816,79.4415173869395,78.53003161244963,3.9823037574616205,-7.3024236037165196,-4.942044257060672,3.0,9.0,0.43388373911755823,-0.900968867902419,-0.9753567336769071,-0.2206337283171249
2020-09-18,85.02634351965199,2,4,25,1,0,0,0,0,1,0,0,0,0,0,0,0,0,0,0,0,81.41201264508521,79.93677555342532,87.23919915714184,73.29820864095575,79.27291886217837,74.25711275053469,70.64278187596794,76.54373024260754,82.8626624518841,79.74710221306906,78.95679662825124,4.039306058063316,1.475237091659892,2.1390937829068406,4.0,9.0,-0.433883739117558,-0.9009688679024191,-0.9790077415181033,-0.2038230655436782
2020-09-19,81.04320337217025,2,3,27,0,0,0,1,0,1,0,0,0,0,0,0,0,0,0,0,0,85.02634351965199,81.41201264508521,79.93677555342532,76.17492096969258,73.29820864095575,78.6090621709314,74.47839831428368,78.9041095892634,82.12504390605416,81.4225500528828,79.7260273974739,3.3984079515493897,3.6143308745667753,11.728134878696238,5.0,9.0,-0.9749279121818236,-0.2225209339563146,-0.9823690333202907,-0.1869520857689416
2020-09-20,87.75553213922281,2,2,29,0,0,0,1,0,1,0,0,0,0,0,0,0,0,0,0,0,81.04320337217025,85.02634351965199,81.41201264508521,80.67439409925528,76.17492096969258,75.6585879876116,81.9283456271662,65.1106427822433,82.49385317896913,82.11801896752247,79.89989462613381,2.6743434459131783,-3.983140147481734,4.868282402477675,6.0,9.0,-0.7818314824680299,0.6234898018587334,-0.9854396143822979,-0.17002578159228698
2020-09-21,80.96944151758724,2,3,35,0,0,0,0,0,1,0,0,0,0,0,0,0,0,0,0,0,87.75553213922281,81.04320337217025,85.02634351965199,79.49420442592735,80.67439409925528,75.28977871469664,70.79030558513392,64.15173867266437,84.608359677015,83.12961011608925,80.76396206553463,3.220449735777707,6.712328767052554,7.081138039967527,0.0,9.0,0.0,1.0,-0.9882185760324722,-0.1530491619851375
2020-09-22,81.7808219180002,2,3,41,0,0,0,0,0,1,0,0,0,0,0,0,0,0,0,0,0,80.96944151758724,87.75553213922281,81.04320337217025,87.23919915714184,79.49420442592735,79.19915700759537,69.09378292972505,63.26659641766843,83.25605900966009,83.34035827204067,81.16965226574109,3.0175279818782794,-6.786090621635566,1.475237091659892,1.0,9.0,0.7818314824680298,0.6234898018587336,-0.9907050958975805,-0.13602725080867392
2020-09-23,76.39620653344156,1,2,40,0,0,0,0,0,0,0,0,0,0,0,0,0,0,0,0,0,81.7808219180002,80.96944151758724,87.75553213922281,79.93677555342532,87.23919915714184,84.878819810486,72.26554267679384,59.72602739768465,83.50193185827008,82.56059009502043,81.3540569021986,2.5832772754477364,0.8113804004129577,-5.45837723914164,2.0,9.0,0.9749279121818236,-0.22252093395631434,-0.9928984381461724,-0.11896508532713071
2020-09-24,83.62486828257506,1,2,47,0,0,0,0,0,0,0,0,0,0,0,0,0,0,0,0,0,76.39620653344156,81.7808219180002,80.96944151758724,81.41201264508521,79.93677555342532,79.27291886217837,75.43730242386262,71.67544784012986,79.71548998967633,82.05479452073703,80.74815595383828,3.295834344349122,-5.384615384558643,-3.5405690199837636,3.0,9.0,0.43388373911755823,-0.900968867902419,-0.994797953706334,-0.10186771471713056
2020-09-25,81.11696522675325,1,2,42,0,0,0,0,0,0,0,0,0,0,0,0,0,0,0,0,0,83.62486828257506,76.39620653344156,81.7808219180002,85.02634351965199,81.41201264508521,73.29820864095575,74.25711275053469,70.64278187596794,80.60063224467227,82.37091675466415,81.0590094838666,3.325015539989515,7.228661749133508,2.2128556374898523,4.0,9.0,-0.433883739117558,-0.9009688679024191,-0.9964030804577665,-0.08474019857348533
2020-09-26,81.11696522675325,1,3,44,0,0,0,1,0,0,0,0,0,0,0,0,0,0,0,0,0,81.11696522675325,83.62486828257506,76.39620653344156,81.04320337217025,85.02634351965199,76.17492096969258,78.6090621709314,74.47839831428368,80.37934668092329,81.81243414139291,81.61749209713786,3.156125149452711,-2.5079030558218136,-3.9093782928987366,5.0,9.0,-0.9749279121818236,-0.2225209339563146,-0.9977133433981337,-0.06758760541192248
2020-09-27,82.00210748174919,1,3,37,0,0,0,0,0,0,0,0,0,0,0,0,0,0,0,0,0,81.11696522675325,81.11696522675325,83.62486828257506,87.75553213922281,81.04320337217025,80.67439409925528,75.6585879876116,81.9283456271662,81.95293291202718,81.82297154919047,81.97049525835648,3.153661488520125,0.0,0.07376185458299744,6.0,9.0,-0.7818314824680299,0.6234898018587334,-0.9987283547836282,-0.050415011169167266
2020-09-28,89.00948366713372,1,3,37,0,0,0,0,0,0,0,0,0,0,0,0,0,0,0,0,0,82.00210748174919,81.11696522675325,81.11696522675325,80.96944151758724,87.75553213922281,79.49420442592735,75.28977871469664,70.79030558513392,81.41201264508523,81.00105374097997,82.06533192853462,2.060757067299699,0.8851422549959409,-5.753424657473616,0.0,9.0,0.0,1.0,-0.999447814243716,-0.03322749770082888
2020-09-29,88.27186512130376,1,3,42,0,0,0,0,0,0,0,0,0,0,0,0,0,0,0,0,0,89.00948366713372,82.00210748174919,81.11696522675325,81.7808219180002,80.96944151758724,87.23919915714184,79.19915700759537,69.09378292972505,84.04285212521205,82.14963119091517,82.74499473147793,3.47699330852982,7.00737618538453,8.04004214954648,1.0,9.0,0.7818314824680298,0.6234898018587336,-0.9998715088700244,-0.01603015127753844
2020-09-30,84.21496311923904,2,2,47,0,1,0,0,1,1,0,0,0,0,0,0,0,0,0,0,0,88.27186512130376,89.00948366713372,82.00210748174919,76.39620653344156,81.7808219180002,79.93677555342532,84.878819810486,72.26554267679384,86.42781875672888,83.0769230771014,82.81875658606091,4.069977423528691,-0.7376185458299602,6.491043203303562,2.0,9.0,0.9749279121818236,-0.22252093395631434,-0.9999993132793479,0.001171938920223869
2020-10-01,84.95258166506898,1,3,42,0,1,0,0,1,0,0,0,0,0,0,0,0,0,0,0,0,84.21496311923904,88.27186512130376,89.00948366713372,83.62486828257506,76.39620653344156,81.41201264508521,79.27291886217837,75.43730242386262,87.16543730255883,84.1938883036439,83.12434141219046,3.0209481949469836,-4.056902002064717,7.8187565857974874,3.0,10.0,0.43388373911755823,-0.900968867902419,-0.9998311896507523,0.018373682308162793
2020-10-02,87.01791359339286,1,3,41,0,0,1,0,1,0,0,0,0,0,0,0,0,0,0,0,0,84.95258166506898,84.21496311923904,88.27186512130376,81.11696522675325,83.62486828257506,85.02634351965199,73.29820864095575,74.25711275053469,85.81313663520392,84.38356164400018,83.37723919933217,3.0209481949469783,0.7376185458299318,1.3277133824939114,4.0,10.0,-0.433883739117558,-0.9009688679024191,-0.9993671877367676,0.03556998840461302
2020-10-03,85.54267650173296,1,2,42,0,0,1,0,1,0,0,0,0,0,0,0,0,0,0,0,0,87.01791359339286,84.95258166506898,84.21496311923904,81.11696522675325,81.11696522675325,81.04320337217025,76.17492096969258,78.6090621709314,85.39515279256695,85.22655426780582,83.51949420459937,2.807581523290016,2.065331928323886,5.900948366639611,5.0,10.0,-0.9749279121818236,-0.2225209339563146,-0.9986074448486638,0.05275576833695822
2020-10-04,85.46891464714996,2,2,51,0,0,1,0,1,1,0,0,0,0,0,0,0,0,0,0,0,85.54267650173296,87.01791359339286,84.95258166506898,82.00210748174919,81.11696522675325,87.75553213922281,80.67439409925528,75.6585879876116,85.83772392006493,85.85879873566007,83.84088514242528,2.2548575431705937,-1.4752370916599062,4.4257112749797045,6.0,10.0,-0.7818314824680299,0.6234898018587334,-0.9975521858158177,0.06992593634756863
2020-10-05,89.67334035838068,1,3,42,0,0,1,0,1,0,0,0,0,0,0,0,0,0,0,0,0,85.46891464714996,85.54267650173296,87.01791359339286,89.00948366713372,82.00210748174919,80.96944151758724,79.49420442592735,75.28977871469664,86.00983491409193,86.3540569021459,83.67755532156293,1.654070969030962,-0.07376185458299744,3.466807165400766,0.0,10.0,0.0,1.0,-0.9962017229191789,0.08707541129882572
2020-10-06,89.1570073762997,1,3,42,0,0,1,0,1,0,0,0,0,0,0,0,0,0,0,0,0,89.67334035838068,85.46891464714996,85.54267650173296,88.27186512130376,89.00948366713372,81.7808219180002,87.23919915714184,79.19915700759537,86.89497716908785,86.44889357232402,84.29926238161961,1.8148218643273422,4.204425711230726,0.6638566912469628,1.0,10.0,0.7818314824680298,0.6234898018587336,-0.9945564557988568,0.10419911817677069
2020-10-07,85.02634351965199,1,3,39,0,0,1,0,1,0,0,0,0,0,0,0,0,0,0,0,0,89.1570073762997,89.67334035838068,85.46891464714996,84.21496311923904,88.27186512130376,76.39620653344156,79.93677555342532,84.878819810486,88.09975412727677,86.57534246589488,84.82613277149814,1.9622792375478944,-0.5163329820809821,0.8851422549959409,2.0,10.0,0.9749279121818236,-0.22252093395631434,-0.9926168713358567,0.12129198959294538
2020-10-08,79.93677555342532,1,3,40,0,1,0,0,1,0,0,0,0,0,0,0,0,0,0,0,0,85.02634351965199,89.1570073762997,89.67334035838068,84.95258166506898,84.21496311923904,83.62486828257506,81.41201264508521,79.27291886217837,87.95223041811079,86.69125395166816,85.44257112765602,1.8395549698765914,-4.130663856647715,0.8113804004129435,3.0,10.0,0.43388373911755823,-0.900968867902419,-0.9903835435079973,0.13834896728397644
2020-10-09,85.10010537423499,1,3,51,0,0,0,0,0,0,0,0,0,0,0,0,0,0,0,0,0,79.93677555342532,85.02634351965199,89.1570073762997,87.01791359339286,84.95258166506898,81.11696522675325,85.02634351965199,73.29820864095575,84.706708816459,85.97471022143336,85.17913593271678,2.9926980206866842,-5.089567966226667,-5.015806111643656,4.0,10.0,-0.433883739117558,-0.9009688679024191,-0.9878571332200545,0.1553650036084558
2020-10-26,24.3487400574688,1,2,51,0,0,0,0,0,0,0,0,0,0,0,0,0,0,0,0,0,85.10010537423499,79.93677555342532,85.02634351965199,85.54267650173296,87.01791359339286,81.11696522675325,81.04320337217025,76.17492096969258,83.35440814910409,85.70073761869652,85.46364594325118,2.9723709525100066,5.163329820809665,-1.9178082191578767,0.0,10.0,0.0,1.0,-0.9011227562966325,0.43356404150293626
2020-10-27,18.72850395561436,1,2,48,0,0,0,0,0,0,0,0,0,0,0,0,0,0,0,0,0,24.3487400574688,85.10010537423499,79.93677555342532,85.46891464714996,85.54267650173296,82.00210748174919,87.75553213922281,80.67439409925528,63.12854032837635,76.95874669808734,81.40877271687371,21.68254962669748,-60.75136531676618,-61.19393644426415,1.0,10.0,0.7818314824680298,0.6234898018587336,-0.8935312847725092,0.4490009388996743
2020-10-28,21.80510609615953,1,3,45,0,0,0,0,0,0,0,0,0,0,0,0,0,0,0,0,0,18.72850395561436,24.3487400574688,85.10010537423499,89.67334035838068,85.46891464714996,89.00948366713372,80.96944151758724,79.49420442592735,42.72578312910604,67.42440231358226,76.88922960786408,29.210914935612383,-5.620236101854438,-66.7404106915356,2.0,10.0,0.9749279121818236,-0.22252093395631434,-0.8856753921068801,0.46430496423829476
2020-10-29,21.91695238902789,2,4,26,1,0,0,0,0,1,0,0,0,0,0,0,0,0,0,0,0,21.80510609615953,18.72850395561436,24.3487400574688,89.1570073762997,89.67334035838068,88.27186512130376,81.7808219180002,87.23919915714184,21.62745003641422,57.7289402761221,72.08891692422307,31.39843925612035,3.0766021405451696,-67.86823426222115,3.0,10.0,0.43388373911755823,-0.900968867902419,-0.8775574030802451,0.4794715886254953
2020-10-30,27.632346097405943,1,4,42,1,0,0,0,0,0,0,0,0,0,0,0,0,0,0,0,0,21.91695238902789,21.80510609615953,18.72850395561436,85.02634351965199,89.1570073762997,84.21496311923904,76.39620653344156,79.93677555342532,20.816854146933917,48.12321813508327,67.34928030048908,30.58925979550475,0.11184629286836056,-67.2400549872718,4.0,10.0,-0.433883739117558,-0.9009688679024191,-0.869179720034818,0.49449632382879777
2020-10-31,19.07115692180305,1,3,42,0,0,0,1,0,0,0,0,0,0,0,0,0,0,0,0,0,27.632346097405943,21.91695238902789,21.80510609615953,79.93677555342532,85.02634351965199,84.95258166506898,83.62486828257506,81.41201264508521,23.784801527531112,39.92407564619098,63.30766479892957,27.090782076727944,5.715393708378052,-57.393997422246045,5.0,10.0,-0.9749279121818236,-0.2225209339563146,-0.8605448221636071,0.5093747236047407
2020-11-01,21.56477831326788,1,3,47,0,0,0,1,0,0,0,0,0,0,0,0,0,0,0,0,0,19.07115692180305,27.632346097405943,21.91695238902789,85.10010537423499,79.93677555342532,87.01791359339286,81.11696522675325,85.02634351965199,22.87348513607895,31.228987270244936,58.60184874583915,22.174533163397523,-8.561189175602895,-60.86561863162227,6.0,11.0,-0.7818314824680299,0.6234898018587334,-0.8516552647767522,0.5241023850146458
2020-11-02,23.523077992698845,1,3,46,0,0,0,0,0,0,0,0,0,0,0,0,0,0,0,0,0,21.56477831326788,19.07115692180305,27.632346097405943,24.3487400574688,85.10010537423499,85.54267650173296,81.11696522675325,81.04320337217025,22.756093777492282,22.152511975821064,53.92662479725879,2.843342844017838,2.4936213914648313,-63.535327060967106,0.0,11.0,0.0,1.0,-0.8425136785453353,0.5386749497275768
2020-11-03,25.241049889238138,1,3,37,0,0,0,0,0,0,0,0,0,0,0,0,0,0,0,0,0,23.523077992698845,21.56477831326788,19.07115692180305,18.72850395561436,24.3487400574688,85.46891464714996,82.00210748174919,87.75553213922281,21.386337742589916,22.0345602522825,49.49665347518492,2.765859072352294,1.958299679430965,-0.8256620647699542,1.0,11.0,0.7818314824680298,0.6234898018587336,-0.8331227687228905,0.55308810531009
2020-11-04,20.45358993973728,1,3,46,0,0,0,0,0,0,0,0,0,0,0,0,0,0,0,0,0,25.241049889238138,23.523077992698845,21.56477831326788,21.80510609615953,18.72850395561436,89.67334035838068,89.00948366713372,80.96944151758724,23.442968731734947,22.964923957085894,45.19466313533409,2.586844908086444,1.717971896539293,6.512545933623777,2.0,11.0,0.9749279121818236,-0.22252093395631434,-0.8234853143448451,0.5673375865024032
2020-11-05,23.54206672265173,1,3,54,0,0,0,0,0,0,0,0,0,0,0,0,0,0,0,0,0,20.45358993973728,25.241049889238138,23.523077992698845,21.91695238902789,21.80510609615953,89.1570073762997,88.27186512130376,81.7808219180002,23.072572607224743,22.771850220454148,40.25039524828812,2.7135386714762473,-4.787459949500857,-1.3515161564222495,3.0,11.0,0.43388373911755823,-0.900968867902419,-0.8136041674061217,0.5814191764806106
2020-11-06,18.0575331767838,1,4,50,1,0,0,0,0,0,0,0,0,0,0,0,0,0,0,0,0,23.54206672265173,20.45358993973728,25.241049889238138,27.632346097405943,21.91695238902789,85.02634351965199,84.21496311923904,76.39620653344156,23.07890218387571,23.004009410971836,35.56361377302755,2.699950866776932,3.088476782914448,1.6251143336238378,4.0,11.0,-0.433883739117558,-0.9009688679024191,-0.8034822520171546,0.5953287081045576
2020-11-07,21.181740865185684,1,4,47,1,0,0,1,0,0,0,0,0,0,0,0,0,0,0,0,0,18.0575331767838,23.54206672265173,20.45358993973728,19.07115692180305,27.632346097405943,79.93677555342532,84.95258166506898,83.62486828257506,20.68439661305759,21.6361789937401,30.78012731996554,2.4194907693660754,-5.484533545867929,-9.574812920622144,5.0,11.0,-0.9749279121818236,-0.2225209339563146,-0.7931225635385611,0.6090620651510165
2020-11-08,35.09192149823937,1,4,48,1,0,0,1,0,0,0,0,0,0,0,0,0,0,0,0,0,21.181740865185684,18.0575331767838,23.54206672265173,21.56477831326788,19.07115692180305,85.10010537423499,87.01791359339286,81.11696522675325,20.92711358820706,21.937690985651905,26.583339127948424,2.202866914326045,3.124207688401885,2.110583943382636,6.0,11.0,-0.7818314824680299,0.6234898018587334,-0.7825281676947325,0.62261518353179
2020-11-09,33.9140853577094,1,3,57,0,0,0,0,0,0,0,0,0,0,0,0,0,0,0,0,0,35.09192149823937,21.181740865185684,18.0575331767838,23.523077992698845,21.56477831326788,24.3487400574688,85.54267650173296,81.11696522675325,24.77706518006961,23.87014001207641,23.011325993948734,5.081093250396625,13.910180633053688,13.527143184971493,0.0,11.0,0.0,1.0,-0.7717021996665964,0.6359840524963944
2020-11-10,26.000064187008714,1,2,56,0,0,0,0,0,0,0,0,0,0,0,0,0,0,0,0,0,33.9140853577094,35.09192149823937,21.181740865185684,25.241049889238138,23.523077992698845,18.72850395561436,85.46891464714996,82.00210748174919,30.062582573711477,25.35456963564934,23.694564943965926,6.165088659355108,-1.177836140529969,10.391007365010559,1.0,11.0,0.7818314824680298,0.6234898018587336,-0.7606478631638292,0.649164715818952
2020-11-11,25.262445641178765,1,3,43,0,0,0,0,0,0,0,0,0,0,0,0,0,0,0,0,0,26.000064187008714,33.9140853577094,35.09192149823937,20.45358993973728,25.241049889238138,21.80510609615953,89.67334035838068,89.00948366713372,31.668690347652486,25.463000249616567,24.213962103351236,6.16881214938332,-7.914021170700689,0.7590142977705767,2.0,11.0,0.9749279121818236,-0.22252093395631434,-0.7493684294767903,0.6621532729689469
2020-11-12,28.741180938138605,1,2,40,0,0,0,0,0,0,0,0,0,0,0,0,0,0,0,0,0,25.262445641178765,26.000064187008714,33.9140853577094,23.54206672265173,20.45358993973728,21.91695238902789,89.1570073762997,88.27186512130376,28.39219839529895,26.149979635536784,24.460914927995464,5.831223212795791,-0.7376185458299496,4.808855701441484,3.0,11.0,0.43388373911755823,-0.900968867902419,-0.7378672365084513,0.6749458802655077
2020-11-13,30.323503767881192,1,2,36,0,0,0,0,0,0,0,0,0,0,0,0,0,0,0,0,0,28.741180938138605,25.262445641178765,26.000064187008714,18.0575331767838,23.54206672265173,27.632346097405943,85.02634351965199,84.21496311923904,26.667896922108685,26.892710237749192,24.948359824360516,5.78265537496537,3.47873529695984,5.199114215486876,4.0,11.0,-0.433883739117558,-0.9009688679024191,-0.7261476877866176,0.6875387520148583
2020-11-14,36.5266671296262,1,3,51,0,0,0,1,0,0,0,0,0,0,0,0,0,0,0,0,0,30.323503767881192,28.741180938138605,25.262445641178765,21.181740865185684,18.0575331767838,19.07115692180305,79.93677555342532,84.95258166506898,28.109043449066178,28.644991750763104,25.140585372251604,4.571499899863168,1.582322829742587,12.265970591097393,5.0,11.0,-0.9749279121818236,-0.2225209339563146,-0.7142132514567308,0.6999281616306094
2020-11-15,23.98704487213743,1,2,54,0,0,0,1,0,0,0,0,0,0,0,0,0,0,0,0,0,36.5266671296262,30.323503767881192,28.741180938138605,35.09192149823937,21.181740865185684,21.56477831326788,85.10010537423499,87.01791359339286,31.86378394521532,30.837124074254607,26.387407529953258,4.1243677172900455,6.2031633617450055,15.344926264440513,6.0,11.0,-0.7818314824680299,0.6234898018587334,-0.7020674592555421,0.7121104427365658
2020-11-16,33.473867763009366,1,2,51,0,0,0,0,0,0,0,0,0,0,0,0,0,0,0,0,0,23.98704487213743,36.5266671296262,30.323503767881192,33.9140853577094,35.09192149823937,23.523077992698845,24.3487400574688,85.54267650173296,30.27907192321493,29.250713127668615,26.56042656987251,4.314034399292754,-12.539622257488766,-11.104876626101941,0.0,11.0,0.0,1.0,-0.6897139054659751,0.7240819902517062
2020-11-17,31.358523264841065,1,2,49,0,0,0,0,0,0,0,0,0,0,0,0,0,0,0,0,0,33.473867763009366,23.98704487213743,36.5266671296262,26.000064187008714,33.9140853577094,25.241049889238138,18.72850395561436,85.46891464714996,31.32919325492432,29.187824899854327,27.271197267751834,4.248303183989539,9.486822890871935,-0.4402175947000373,1.0,11.0,0.7818314824680298,0.6234898018587336,-0.6771562458534737,0.7358392614570317
2020-11-18,33.87835445222198,1,3,58,0,0,0,0,0,0,0,0,0,0,0,0,0,0,0,0,0,31.358523264841065,33.473867763009366,23.98704487213743,25.262445641178765,26.000064187008714,20.45358993973728,21.80510609615953,89.67334035838068,29.606478633329278,29.953319053830374,27.708159651723474,4.0845493462325635,-2.1153444981683016,5.35845907783235,2.0,11.0,0.9749279121818236,-0.22252093395631434,-0.6643981965841613,0.7473787770439526
2020-11-19,30.413900819619144,1,3,54,0,0,0,0,0,0,0,0,0,0,0,0,0,0,0,0,0,33.87835445222198,31.358523264841065,33.473867763009366,28.741180938138605,25.262445641178765,23.54206672265173,21.91695238902789,89.1570073762997,32.90358182669079,31.184163169693687,28.66707140261524,3.771728902068237,2.5198311873809125,8.615908811043212,3.0,11.0,0.43388373911755823,-0.900968867902419,-0.6514435331251178,0.7586971221439182
2020-11-20,25.02447139108504,1,2,56,0,0,0,0,0,0,0,0,0,0,0,0,0,0,0,0,0,30.413900819619144,33.87835445222198,31.358523264841065,30.323503767881192,28.741180938138605,18.0575331767838,27.632346097405943,85.02634351965199,31.883592845560717,31.42312315276234,29.157916695255768,3.660737653310737,-3.464453632602833,1.672719881480539,4.0,11.0,-0.433883739117558,-0.9009688679024191,-0.6382960891271152,0.7697909473389706
2020-11-21,26.53308585543443,1,2,44,0,0,0,1,0,0,0,0,0,0,0,0,0,0,0,0,0,25.02447139108504,30.413900819619144,33.87835445222198,36.5266671296262,30.323503767881192,21.181740865185684,19.07115692180305,79.93677555342532,29.772242220975375,30.666118527505745,29.655555139134428,4.301647370842953,-5.389429428534104,-5.299032376796152,5.0,11.0,-0.9749279121818236,-0.2225209339563146,-0.6249597552901307,0.7806569696529327
2020-11-22,29.766679325527136,1,2,73,0,0,0,1,0,0,0,0,0,0,0,0,0,0,0,0,0,26.53308585543443,25.02447139108504,30.413900819619144,23.98704487213743,36.5266671296262,35.09192149823937,21.56477831326788,85.10010537423499,27.323819355379527,29.238464059764066,30.037794067009337,3.741614222255955,1.5086144643493888,-9.993581274191769,6.0,11.0,-0.7818314824680299,0.6234898018587334,-0.6114384782119812,0.791291973522932
2020-11-23,27.19929607947932,1,3,67,0,0,0,0,0,0,0,0,0,0,0,0,0,0,0,0,0,29.766679325527136,26.53308585543443,25.02447139108504,33.473867763009366,23.98704487213743,33.9140853577094,23.523077992698845,24.3487400574688,27.108078857348858,30.064126124534024,29.657419626101323,3.068906782639746,3.233593470092707,5.779634453389704,0.0,11.0,0.0,1.0,-0.5977362592204096,0.8016928117509794
2020-11-24,40.42893133494133,1,3,55,0,0,0,0,0,0,0,0,0,0,0,0,0,0,0,0,0,27.19929607947932,29.766679325527136,26.53308585543443,31.358523264841065,33.473867763009366,26.000064187008714,25.241049889238138,18.72850395561436,27.83302042014695,29.167758741172584,29.177791820513455,2.850661918821738,-2.5673832460478145,-6.274571683530045,1.0,11.0,0.7818314824680298,0.6234898018587336,-0.5838571531889813,0.8118564064353119
2020-11-25,26.723401068481657,1,3,63,0,0,0,0,0,0,0,0,0,0,0,0,0,0,0,0,0,40.42893133494133,27.19929607947932,29.766679325527136,33.87835445222198,31.358523264841065,25.262445641178765,20.45358993973728,21.80510609615953,32.46496891331592,30.463531322615484,30.208425188222925,4.886501619427757,13.22963525546201,9.070408070100267,2.0,11.0,0.9749279121818236,-0.22252093395631434,-0.5698052673371348,0.8217797498812296
2020-11-26,31.24191641718704,1,3,71,0,0,0,0,0,0,0,0,0,0,0,0,0,0,0,0,0,26.723401068481657,40.42893133494133,27.19929607947932,30.413900819619144,33.87835445222198,28.741180938138605,23.54206672265173,21.91695238902789,31.450542827634095,29.441395124938293,30.312779147315997,4.813070107261061,-13.705530266459675,-7.15495338374032,3.0,11.0,0.43388373911755823,-0.900968867902419,-0.555584760014732,0.8314599054911623
2020-11-27,42.02318229776584,1,2,53,0,0,0,0,0,0,0,0,0,0,0,0,0,0,0,0,0,31.24191641718704,26.723401068481657,40.42893133494133,25.02447139108504,30.413900819619144,30.323503767881192,18.0575331767838,27.632346097405943,32.79808294020334,29.559683067447992,30.491403110105164,4.845582263967311,4.518515348705382,0.8280155975678944,4.0,11.0,-0.433883739117558,-0.9009688679024191,-0.5411998394714944,0.8408940086336855
2020-11-28,40.03161222402497,1,2,52,0,0,0,1,0,0,0,0,0,0,0,0,0,0,0,0,0,42.02318229776584,31.24191641718704,26.723401068481657,26.53308585543443,25.02447139108504,36.5266671296262,21.181740865185684,19.07115692180305,33.329499927811504,31.988070339830966,31.327094433668353,6.069230208191055,10.781265880578804,16.998710906680802,5.0,11.0,-0.9749279121818236,-0.2225209339563146,-0.5266547626116581,0.8500792674912487
2020-11-29,39.66280295110999,1,2,53,0,0,0,1,0,0,0,0,0,0,0,0,0,0,0,0,0,40.03161222402497,42.02318229776584,31.24191641718704,29.766679325527136,26.53308585543443,23.98704487213743,35.09192149823937,21.56477831326788,37.765570312992615,33.91643124962961,31.577447654696837,6.173220587676939,-1.9915700737408741,13.49852636859054,6.0,11.0,-0.7818314824680299,0.6234898018587334,-0.5119538337342339,0.8590129638863552
2020-11-30,39.07270811444602,1,3,48,0,0,0,0,0,0,0,0,0,0,0,0,0,0,0,0,0,39.66280295110999,40.03161222402497,42.02318229776584,27.19929607947932,29.766679325527136,33.473867763009366,33.9140853577094,23.523077992698845,40.57253249096693,35.33016319614145,32.697144660337734,6.194126798285753,-0.3688092729149801,9.896123625582852,0.0,11.0,0.0,1.0,-0.49710140325924973,0.8676924540859421
2020-12-01,36.01750172431863,1,2,42,0,0,0,0,0,0,0,0,0,0,0,0,0,0,0,0,0,39.07270811444602,39.66280295110999,40.03161222402497,40.42893133494133,27.19929607947932,31.358523264841065,26.000064187008714,25.241049889238138,39.589041096526984,37.026364915422405,33.0970618282975,5.295906613898776,-0.5900948366639653,11.873412034966702,1.0,12.0,0.7818314824680298,0.6234898018587336,-0.4821018664403299,0.8761151695837427
2020-12-02,41.50684931568487,1,2,46,0,0,0,0,0,0,0,0,0,0,0,0,0,0,0,0,0,36.01750172431863,39.07270811444602,39.66280295110999,26.723401068481657,40.42893133494133,33.87835445222198,25.262445641178765,20.45358993973728,38.25100426329154,36.39616068533345,33.42984600397447,5.112821881445715,-3.0552063901273954,-4.4114296106227044,2.0,12.0,0.9749279121818236,-0.22252093395631434,-0.4669596620640253,0.8842786178603729
2020-12-03,44.014752371506695,1,3,39,0,0,0,0,0,0,0,0,0,0,0,0,0,0,0,0,0,41.50684931568487,36.01750172431863,39.07270811444602,31.24191641718704,26.723401068481657,30.413900819619144,28.741180938138605,23.54206672265173,38.86568638481649,38.50808186350533,33.97473849422182,3.470735108858793,5.48934759136624,14.78344824720321,3.0,12.0,0.43388373911755823,-0.900968867902419,-0.45167927113624246,0.892180383120943
2020-12-04,47.55532139149047,1,2,36,0,0,0,0,0,0,0,0,0,0,0,0,0,0,0,0,0,44.014752371506695,41.50684931568487,36.01750172431863,42.02318229776584,31.24191641718704,25.02447139108504,30.323503767881192,18.0575331767838,40.51303447050339,40.332772714122434,34.94622789078521,2.3464805943976867,2.507903055821828,12.772835954319657,4.0,12.0,-0.433883739117558,-0.9009688679024191,-0.4362652155561949,0.8998181270099568
2020-12-05,42.76080084359579,1,3,31,0,0,0,1,0,0,0,0,0,0,0,0,0,0,0,0,0,47.55532139149047,44.014752371506695,41.50684931568487,40.03161222402497,42.02318229776584,26.53308585543443,36.5266671296262,21.181740865185684,44.358974359560676,41.123078298940236,36.5555743193856,3.453309854822742,3.540569019983778,5.532139093724631,5.0,12.0,-0.9749279121818236,-0.2225209339563146,-0.4207220567782361,0.9071895893033003
2020-12-06,39.53426797037404,1,2,38,0,0,0,1,0,0,0,0,0,0,0,0,0,0,0,0,0,42.76080084359579,47.55532139149047,44.014752371506695,39.66280295110999,40.03161222402497,29.766679325527136,23.98704487213743,35.09192149823937,44.77695820219765,41.51296238745035,37.714696818539984,3.4621259446675046,-4.794520547894685,2.72918861957082,6.0,12.0,-0.7818314824680299,0.6234898018587334,-0.4050543944620073,0.9142925885771013
2020-12-07,48.07165437357143,1,2,37,0,0,0,0,0,0,0,0,0,0,0,0,0,0,0,0,0,39.53426797037404,42.76080084359579,47.55532139149047,39.07270811444602,39.66280295110999,27.19929607947932,33.473867763009366,33.9140853577094,43.28346340182009,41.49460024734521,38.41238172174333,3.4722161279864405,-3.2265328732217498,-0.1285349807359495,0.0,12.0,0.0,1.0,-0.3892668651112589,0.9211250228532786
2020-12-08,44.30979978983868,1,2,41,0,0,0,0,0,0,0,0,0,0,0,0,0,0,0,0,0,48.07165437357143,39.53426797037404,42.76080084359579,36.01750172431863,39.07270811444602,40.42893133494133,31.358523264841065,26.000064187008714,43.45557439584707,42.780163998648845,39.903264457035625,3.9680393546685933,8.537386403197388,8.998946259125404,1.0,12.0,0.7818314824680298,0.6234898018587336,-0.3733641407017845,0.9276848702215738
2020-12-09,35.3678732082389,1,2,50,0,0,0,0,0,0,0,0,0,0,0,0,0,0,0,0,0,44.30979978983868,48.07165437357143,39.53426797037404,41.50684931568487,36.01750172431863,26.723401068481657,33.87835445222198,25.262445641178765,43.97190737792804,43.96477800800886,40.18046934667115,2.8535783650964377,-3.761854583732749,8.29229806552005,2.0,12.0,0.9749279121818236,-0.22252093395631434,-0.35735092729884943,0.9339701894378923
2020-12-10,27.53954202368028,1,2,47,0,0,0,0,0,0,0,0,0,0,0,0,0,0,0,0,0,35.3678732082389,44.30979978983868,48.07165437357143,44.014752371506695,41.50684931568487,31.24191641718704,30.413900819619144,28.741180938138605,42.583109123883,43.08778142123085,40.7979316423681,4.131444990858751,-8.94192658159978,-6.13897610744597,3.0,12.0,0.43388373911755823,-0.900968867902419,-0.3412319636645278,0.9399791204987749
2020-12-11,26.11902456746068,1,2,52,0,0,0,0,0,0,0,0,0,0,0,0,0,0,0,0,0,27.53954202368028,35.3678732082389,44.30979978983868,47.55532139149047,44.014752371506695,42.02318229776584,25.02447139108504,30.323503767881192,35.73907167391928,40.73417994296994,40.53347632854618,6.778055534264671,-7.828331184558618,-16.475210347826415,4.0,12.0,-0.433883739117558,-0.9009688679024191,-0.32501201985537936,0.9457098851918206
2020-12-12,23.94184634626846,1,3,50,0,0,0,1,0,0,0,0,0,0,0,0,0,0,0,0,0,26.11902456746068,27.53954202368028,35.3678732082389,42.76080084359579,47.55532139149047,40.03161222402497,26.53308585543443,36.5266671296262,29.67547993312661,37.6718518252514,39.39746506209581,7.77380288684467,-1.4205174562195992,-21.436296824029792,5.0,12.0,-0.9749279121818236,-0.2225209339563146,-0.30869589581084605,0.9511607876219137
2020-12-13,4.247270705039378,1,3,48,0,0,0,1,0,0,0,0,0,0,0,0,0,0,0,0,0,23.94184634626846,26.11902456746068,27.53954202368028,39.53426797037404,42.76080084359579,39.66280295110999,29.766679325527136,23.98704487213743,25.8668043124698,34.983429754204636,38.2481960708275,8.742722973843197,-2.1771782211922215,-18.81895449732733,6.0,12.0,-0.7818314824680299,0.6234898018587334,-0.2922884199328186,0.9563302147130855
2020-12-14,1.3705583755649464,1,3,43,0,0,0,0,0,0,0,0,0,0,0,0,0,0,0,0,0,4.247270705039378,23.94184634626846,26.11902456746068,48.07165437357143,39.53426797037404,39.07270811444602,27.19929607947932,33.473867763009366,18.10271387292283,29.942430144871114,35.718515196108164,13.528625947429811,-19.69457564122908,-35.28699726533466,0.0,12.0,0.0,1.0,-0.27579444765677436,0.9612166366858694
2020-12-15,1.5228426395166066,1,3,45,0,0,0,0,0,0,0,0,0,0,0,0,0,0,0,0,0,1.3705583755649464,4.247270705039378,23.94184634626846,44.30979978983868,48.07165437357143,36.01750172431863,40.42893133494133,31.358523264841065,9.85322514229092,23.27084500229876,33.02550450047381,14.428537136241713,-2.876712329474432,-46.70109599800648,1.0,12.0,0.7818314824680298,0.6234898018587336,-0.2592188600149208,0.9658186075100049
2020-12-16,2.588832487178232,1,3,39,0,0,0,0,0,0,0,0,0,0,0,0,0,0,0,0,0,1.5228426395166066,1.3705583755649464,4.247270705039378,35.3678732082389,44.30979978983868,41.50684931568487,26.723401068481657,33.87835445222198,2.38022390670697,17.158422552252752,30.5616002801308,13.234612725771106,0.15228426395166017,-42.786957150322074,2.0,12.0,0.9749279121818236,-0.22252093395631434,-0.24256656219175124,0.9701347653323611
2020-12-17,1.0659898476616247,1,3,46,0,0,0,0,0,0,0,0,0,0,0,0,0,0,0,0,0,2.588832487178232,1.5228426395166066,1.3705583755649464,27.53954202368028,35.3678732082389,44.014752371506695,31.24191641718704,30.413900819619144,1.8274111674199212,12.475702449244084,27.78174193523747,11.669732562351681,1.0659898476616254,-32.77904072106067,3.0,12.0,0.43388373911755823,-0.900968867902419,-0.22584248207247404,0.9741638328799443
2020-12-18,3.350253806936536,1,3,51,0,0,0,0,0,0,0,0,0,0,0,0,0,0,0,0,0,1.0659898476616247,2.588832487178232,1.5228426395166066,26.11902456746068,27.53954202368028,47.55532139149047,42.02318229776584,25.02447139108504,1.7258883247854806,8.69376642409856,24.71397318353425,10.395188480226176,-1.5228426395166073,-26.473552176018654,4.0,12.0,-0.433883739117558,-0.9009688679024191,-0.20905156878470177,0.9779046178378825
2020-12-19,2.588832487178232,1,4,52,1,0,0,1,0,0,0,0,0,0,0,0,0,0,0,0,0,3.350253806936536,1.0659898476616247,2.588832487178232,23.94184634626846,26.11902456746068,42.76080084359579,40.03161222402497,26.53308585543443,2.335025380592124,5.441084886880826,21.556468356066112,7.627708420386596,2.284263959274911,-22.768770760524145,5.0,12.0,-0.9749279121818236,-0.2225209339563146,-0.1921987912338717,0.9813560132022622
2020-12-20,2.13197969532325,1,4,59,1,0,0,1,0,0,0,0,0,0,0,0,0,0,0,0,0,2.588832487178232,3.350253806936536,1.0659898476616247,4.247270705039378,23.94184634626846,39.53426797037404,39.66280295110999,29.766679325527136,2.335025380592124,2.3906543355822225,18.687042044893428,1.0686997147024697,-0.7614213197583042,-21.353013859090225,6.0,12.0,-0.7818314824680299,0.6234898018587334,-0.17528913663280452,0.9845169976077234
2020-12-21,2.2842639592749103,1,3,63,0,0,0,0,0,0,0,0,0,0,0,0,0,0,0,0,0,2.13197969532325,2.588832487178232,3.350253806936536,1.3705583755649464,4.247270705039378,48.07165437357143,39.07270811444602,27.19929607947932,2.690355329812666,2.0884699056227753,16.015450025246945,0.7536116638887215,-0.45685279185498207,-2.1152910097161284,0.0,12.0,0.0,1.0,-0.15832760902584103,0.9873866356297114
2020-12-22,10.17678240039301,1,2,55,0,0,0,0,0,0,0,0,0,0,0,0,0,0,0,0,0,2.2842639592749103,2.13197969532325,2.588832487178232,1.5228426395166066,1.3705583755649464,44.30979978983868,36.01750172431863,40.42893133494133,2.3350253805921235,2.2189992747241987,12.74492213851148,0.6947956238772809,0.1522842639516604,0.9137055837099639,1.0,12.0,0.7818314824680298,0.6234898018587336,-0.14131922780801567,0.9899640780612932
2020-12-23,16.31805854992429,1,2,49,0,0,0,0,0,0,0,0,0,0,0,0,0,0,0,0,0,10.17678240039301,2.2842639592749103,2.13197969532325,2.588832487178232,1.5228426395166066,35.3678732082389,41.50684931568487,26.723401068481657,4.864342018330383,3.4552763834208275,10.306849467836788,2.816334935964416,7.8925184411181,8.653939760876405,2.0,12.0,0.9749279121818236,-0.22252093395631434,-0.1242690262396651,0.9922485621644637
2020-12-24,5.09197498895202,1,2,60,0,0,0,0,0,0,0,0,0,0,0,0,0,0,0,0,0,16.31805854992429,10.17678240039301,2.2842639592749103,1.0659898476616247,2.588832487178232,27.53954202368028,44.014752371506695,31.24191641718704,9.593034969864064,5.416594392384551,8.946148420814316,5.254865215239225,6.141276149531281,13.72922606274606,3.0,12.0,0.43388373911755823,-0.900968867902419,-0.10718204995695312,0.9942394118958598
2020-12-25,5.35369852378431,1,2,58,0,0,0,0,0,0,0,0,0,0,0,0,0,0,0,0,0,5.09197498895202,16.31805854992429,10.17678240039301,3.350253806936536,1.0659898476616247,26.11902456746068,47.55532139149047,42.02318229776584,10.528938646423102,5.991735126854607,7.342750775476584,4.959224720712924,-11.22608356097227,4.025985141290396,4.0,12.0,-0.433883739117558,-0.9009688679024191,-0.09006335547871394,0.9959360381068229
2020-12-26,2.536466385273477,1,2,53,0,0,0,1,0,0,0,0,0,0,0,0,0,0,0,0,0,5.35369852378431,5.09197498895202,16.31805854992429,2.588832487178232,3.350253806936536,23.94184634626846,42.76080084359579,40.03161222402497,8.921244020886867,6.277941514975717,5.859513200928272,4.855242193177579,0.2617235348322895,2.0034447168477736,5.0,12.0,-0.9749279121818236,-0.2225209339563146,-0.07291800871009775,0.9973379387177418
2020-12-27,9.01322792422004,1,1,68,0,0,0,1,0,0,0,0,0,0,0,0,0,0,0,0,0,2.536466385273477,5.35369852378431,5.09197498895202,2.13197969532325,2.588832487178232,4.247270705039378,39.53426797037404,39.66280295110999,4.327379966003262,6.2704606432750385,4.33055748942863,4.860957522722636,-2.8172321385108328,-0.05236610190475499,6.0,12.0,-0.7818314824680299,0.6234898018587334,-0.055751083443415735,0.9984446988666349
2020-12-28,3.19556252173477,1,2,52,0,0,0,0,0,0,0,0,0,0,0,0,0,0,0,0,0,9.01322792422004,2.536466385273477,5.35369852378431,2.2842639592749103,2.13197969532325,1.3705583755649464,48.07165437357143,39.07270811444602,5.634464277759268,7.2534961045460085,4.670983005084392,4.61416441960504,6.476761538946563,6.88124822889679,0.0,12.0,0.0,1.0,-0.03856765985666961,0.9992559910319179
2020-12-29,12.023182297765835,1,2,58,0,0,0,0,0,0,0,0,0,0,0,0,0,0,0,0,0,3.19556252173477,9.01322792422004,2.536466385273477,10.17678240039301,2.2842639592749103,1.5228426395166066,44.30979978983868,36.01750172431863,4.915085610409422,7.383681613468846,4.801340444096523,4.483119322522478,-5.81766540248527,0.9112985624598595,1.0,12.0,0.7818314824680298,0.6234898018587336,-0.021372823010177244,0.999771575129327
2020-12-30,2.588832487178232,0,5,61,1,0,0,0,0,0,0,0,0,0,0,0,0,0,0,0,0,12.023182297765835,3.19556252173477,9.01322792422004,16.31805854992429,10.17678240039301,2.588832487178232,35.3678732082389,41.50684931568487,8.077324247906875,7.64745302737925,5.551364705400039,4.6892740696481585,8.827619776031066,1.8463998973728248,2.0,12.0,0.9749279121818236,-0.22252093395631434,-0.004171661341762418,0.9999912985829675
2020-12-31,1.0659898476616247,0,4,44,1,1,0,0,1,0,0,0,0,0,0,0,0,0,0,0,0,2.588832487178232,12.023182297765835,3.19556252173477,5.09197498895202,16.31805854992429,1.0659898476616247,27.53954202368028,44.014752371506695,5.935859102226272,5.686135018415526,5.551364705400038,3.3253979873109563,-9.434349810587603,-13.72922606274606,3.0,12.0,0.43388373911755823,-0.900968867902419,0.013030734839054127,0.9999150963704639
2021-01-01,3.9974218125763774,1,2,43,0,1,0,0,1,0,0,0,0,0,0,0,0,0,0,0,0,1.0659898476616247,2.588832487178232,12.023182297765835,5.35369852378431,5.09197498895202,3.350253806936536,26.11902456746068,47.55532139149047,5.226001544201891,5.1109942839454705,5.551364705400038,3.7049216229455117,-1.5228426395166073,-4.025985141290396,4.0,1.0,-0.433883739117558,-0.9009688679024191,0.01720192860577051,0.9998520358794305
2021-01-02,10.252897787773952,1,3,44,0,0,1,0,1,0,0,0,0,0,0,0,0,0,0,0,0,3.9974218125763774,1.0659898476616247,2.588832487178232,2.536466385273477,5.35369852378431,2.588832487178232,23.94184634626846,42.76080084359579,2.5507480491387384,4.917240468058623,5.59759099151717,3.7225848189117396,2.9314319649147524,-1.3562767112079324,5.0,1.0,-0.9749279121818236,-0.2225209339563146,0.03439876667506451,0.999408187304484
2021-01-03,10.443266490010974,1,2,51,0,1,0,0,1,0,0,0,0,0,0,0,0,0,0,0,0,10.252897787773952,3.9974218125763774,1.0659898476616247,9.01322792422004,2.536466385273477,2.13197969532325,4.247270705039378,39.53426797037404,5.105436482670645,6.019587811272976,6.145024227274007,3.9874522886974813,6.255475975197575,7.716431402500475,6.0,1.0,-0.7818314824680299,0.6234898018587334,0.05158542517783902,0.9986685856224885
2021-01-04,15.946842255021576,1,2,58,0,0,0,0,0,0,0,0,0,0,0,0,0,0,0,0,0,10.443266490010974,10.252897787773952,3.9974218125763774,3.19556252173477,9.01322792422004,2.2842639592749103,1.3705583755649464,48.07165437357143,8.231195363453761,6.2238790349573945,6.738687569751702,4.1681331532204,0.19036870223702174,1.4300385657909338,0.0,1.0,0.0,1.0,0.06875681809647223,0.9976334497024689
2021-01-05,7.252464523799504,1,2,65,0,0,0,0,0,0,0,0,0,0,0,0,0,0,0,0,0,15.946842255021576,10.443266490010974,10.252897787773952,12.023182297765835,3.19556252173477,10.17678240039301,1.5228426395166066,44.30979978983868,12.214335510935493,8.045490425426939,7.714586019447893,5.123486178515391,5.503575765010602,12.751279733286806,1.0,1.0,0.7818314824680298,0.6234898018587336,0.08590786393085985,0.9963030858703775
2021-01-06,14.41688552792137,1,2,51,0,0,0,0,0,0,0,0,0,0,0,0,0,0,0,0,0,7.252464523799504,15.946842255021576,10.443266490010974,2.588832487178232,12.023182297765835,16.31805854992429,2.588832487178232,35.3678732082389,11.214191089610678,7.3639593148603195,7.505706171119785,4.859544940729073,-8.694377731222072,-4.770717773966331,2.0,1.0,0.9749279121818236,-0.22252093395631434,0.1030334872021744,0.9946778878184431
2021-01-07,1.3705583755649464,1,3,68,0,0,0,0,0,0,0,0,0,0,0,0,0,0,0,0,0,14.41688552792137,7.252464523799504,15.946842255021576,1.0659898476616247,2.588832487178232,5.09197498895202,1.0659898476616247,27.53954202368028,12.538730768914142,9.053681177823625,7.369908098119575,4.960732252168845,7.164421004121865,11.828053040743137,3.0,1.0,0.43388373911755823,-0.900968867902419,0.12012861995484278,0.9927583364886667
2021-01-08,0.4568527918549821,1,4,49,1,0,0,0,0,0,0,0,0,0,0,0,0,0,0,0,0,1.3705583755649464,14.41688552792137,7.252464523799504,3.9974218125763774,1.0659898476616247,5.35369852378431,3.350253806936536,26.11902456746068,7.679969475761933,9.0971909675241,7.1040926257347845,4.891332901017017,-13.046327152356422,0.3045685279033217,4.0,1.0,-0.433883739117558,-0.9009688679024191,0.13718820325629746,0.9905449999304973
2021-01-09,2.13197969532325,1,3,45,0,0,0,1,0,0,0,0,0,0,0,0,0,0,0,0,0,0.4568527918549821,1.3705583755649464,14.41688552792137,10.252897787773952,3.9974218125763774,2.536466385273477,2.588832487178232,23.94184634626846,5.4147655651137585,8.591395393135329,6.754317930596976,5.5334432196375785,-0.9137055837099644,-3.5405690207213953,5.0,1.0,-0.9749279121818236,-0.2225209339563146,0.15420718869405753,0.9880385331327293
2021-01-10,12.93218081587992,1,3,42,0,0,0,1,0,0,0,0,0,0,0,0,0,0,0,0,0,2.13197969532325,0.4568527918549821,1.3705583755649464,10.443266490010974,10.252897787773952,9.01322792422004,2.13197969532325,4.247270705039378,1.319796954247719,7.431264237070943,6.725426024171959,5.902482382251503,1.6751269034682679,-8.120918092450701,6.0,1.0,-0.7818314824680299,0.6234898018587334,0.17118053986969634,0.9852396778296737
2021-01-11,3.350253806936536,1,4,46,1,0,0,0,0,0,0,0,0,0,0,0,0,0,0,0,0,12.93218081587992,2.13197969532325,0.4568527918549821,15.946842255021576,10.443266490010974,3.19556252173477,2.2842639592749103,1.3705583755649464,5.173671101019377,7.786823426480793,7.005351230719094,6.1432664320330455,10.800201120556672,2.4889143258689472,0.0,1.0,0.0,1.0,0.18810323388925426,0.9821492622816578
2021-01-12,1.6751269034682676,1,3,56,0,0,0,0,0,0,0,0,0,0,0,0,0,0,0,0,0,3.350253806936536,12.93218081587992,2.13197969532325,7.252464523799504,15.946842255021576,12.023182297765835,10.17678240039301,1.5228426395166066,6.138138106046562,5.987310791040073,7.016400608233505,5.27267321487143,-9.581927008943385,-12.59658844808504,1.0,1.0,0.7818314824680298,0.6234898018587336,0.20497026284965483,0.9787682010299187
2021-01-13,8.725348082661462,1,2,55,0,0,0,0,0,0,0,0,0,0,0,0,0,0,0,0,0,1.6751269034682676,3.350253806936536,12.93218081587992,14.41688552792137,7.252464523799504,2.588832487178232,16.31805854992429,2.588832487178232,5.985853842094902,5.190548273849896,6.277253794355107,5.4400378434461505,-1.6751269034682685,-5.577337620331236,2.0,1.0,0.9749279121818236,-0.22252093395631434,0.2217766353206845,0.9750974946259662
2021-01-14,12.851251384523518,1,1,68,0,0,0,0,0,0,0,0,0,0,0,0,0,0,0,0,0,8.725348082661462,1.6751269034682676,3.350253806936536,1.3705583755649464,14.41688552792137,1.0659898476616247,5.09197498895202,1.0659898476616247,4.583576264355415,4.377471495955624,6.715576336889625,4.307799169647927,7.050221179193194,-5.6915374452599075,3.0,1.0,0.43388373911755823,-0.900968867902419,0.23851737782209795,0.9711382293354899
2021-01-15,12.884575268023216,1,2,67,0,0,0,0,0,0,0,0,0,0,0,0,0,0,0,0,0,12.851251384523518,8.725348082661462,1.6751269034682676,0.4568527918549821,1.3705583755649464,3.9974218125763774,5.35369852378431,3.350253806936536,7.750575456884409,6.017570497235419,7.55738073237976,4.983313323345943,4.125903301862056,11.480693008958571,4.0,1.0,-0.433883739117558,-0.9009688679024191,0.2551875362954114,0.9668915768169035
2021-01-16,7.335747487953835,1,2,59,0,0,0,1,0,0,0,0,0,0,0,0,0,0,0,0,0,12.884575268023216,12.851251384523518,8.725348082661462,2.13197969532325,0.4568527918549821,10.252897787773952,2.536466385273477,2.588832487178232,11.487058245069392,7.79295942240231,8.19217740776882,4.899038010879741,0.033323883499697615,12.427722476168233,5.0,1.0,-0.9749279121818236,-0.2225209339563146,0.27178217756994844,0.9623587937746176
2021-01-18,1.5228426395166066,1,2,86,0,0,0,0,0,0,0,0,0,0,0,0,0,0,0,0,0,7.335747487953835,12.884575268023216,12.851251384523518,12.93218081587992,2.13197969532325,10.443266490010974,9.01322792422004,2.13197969532325,11.023858046833515,8.536354821349537,7.98380952921024,4.34737865636427,-5.548827780069381,5.203767792630585,0.0,1.0,0.0,1.0,0.3047252890315972,0.9524402859101507
2021-01-19,8.289891042747097,1,1,72,0,0,0,0,0,0,0,0,0,0,0,0,0,0,0,0,0,1.5228426395166066,7.335747487953835,12.884575268023216,3.350253806936536,12.93218081587992,15.946842255021576,3.19556252173477,2.2842639592749103,7.247721798497879,6.906449367583349,7.3466363970320705,4.528762566808735,-5.8129048484372285,-11.409338176363313,1.0,1.0,0.7818314824680298,0.6234898018587336,0.32106401042167637,0.9470574962545567
2021-01-20,6.793258199146577,1,2,56,0,0,0,0,0,0,0,0,0,0,0,0,0,0,0,0,0,8.289891042747097,1.5228426395166066,7.335747487953835,1.6751269034682676,3.350253806936536,7.252464523799504,12.023182297765835,10.17678240039301,5.716160390072506,7.612111829842,6.799711310441038,4.29866258494138,6.767048403230491,4.939637235810562,2.0,1.0,0.9749279121818236,-0.22252093395631434,0.33730771990385844,0.9413944455398386
2021-01-21,10.971527603651014,1,2,51,0,0,0,0,0,0,0,0,0,0,0,0,0,0,0,0,0,6.793258199146577,8.289891042747097,1.5228426395166066,8.725348082661462,1.6751269034682676,14.41688552792137,2.588832487178232,16.31805854992429,5.535330627136754,8.34327344351033,6.766910858680113,3.6061465434454076,-1.49663284360052,5.118131295678309,3.0,1.0,0.43388373911755823,-0.900968867902419,0.3534516105057668,0.9354528096226339
2021-01-22,5.239498698118016,1,1,50,0,0,0,0,0,0,0,0,0,0,0,0,0,0,0,0,0,10.971527603651014,6.793258199146577,8.289891042747097,12.851251384523518,8.725348082661462,1.3705583755649464,1.0659898476616247,5.09197498895202,8.684892281848223,8.664156232223123,6.520813864089374,3.7238810169996412,4.178269404504436,2.2461795209895516,4.0,1.0,-0.433883739117558,-0.9009688679024191,0.3694909047942504,0.929234346800809
2021-01-23,11.230897605685357,1,2,91,0,0,0,1,0,0,0,0,0,0,0,0,0,0,0,0,0,5.239498698118016,10.971527603651014,6.793258199146577,12.884575268023216,12.851251384523518,0.4568527918549821,3.9974218125763774,5.35369852378431,7.668094833638528,7.576762991308052,6.797166744271736,3.443224688535124,-5.732028905532998,-7.611752686405502,5.0,1.0,-0.9749279121818236,-0.2225209339563146,0.3854208562891614,0.9227408972931294
2021-01-24,4.97777516328572,1,1,77,0,0,0,1,0,0,0,0,0,0,0,0,0,0,0,0,0,11.230897605685357,5.239498698118016,10.971527603651014,7.335747487953835,12.884575268023216,2.13197969532325,10.252897787773952,2.536466385273477,9.147307969151454,7.3405233252597855,7.566741373831048,3.111722952839677,5.991398907567341,-1.6536776623378593,6.0,1.0,-0.7818314824680299,0.6234898018587334,0.4012367508679725,0.9159743826946868
2021-01-25,8.994239194267148,1,2,54,0,0,0,0,0,0,0,0,0,0,0,0,0,0,0,0,0,4.97777516328572,11.230897605685357,5.239498698118016,1.5228426395166066,7.335747487953835,12.93218081587992,10.443266490010974,9.01322792422004,7.149390489029691,7.0036701360214835,7.770012478685509,3.21976049946033,-6.253122442399636,-2.357972324668115,0.0,1.0,0.0,1.0,0.4169339081608189,0.908936805408245
2021-01-26,11.468818366589298,1,2,57,0,0,0,0,0,0,0,0,0,0,0,0,0,0,0,0,0,8.994239194267148,4.97777516328572,11.230897605685357,8.289891042747097,1.5228426395166066,3.350253806936536,15.946842255021576,3.19556252173477,8.400970654412735,8.071012500985846,7.488730934284598,2.3457061312126597,4.016464030981428,7.471396554750542,1.0,1.0,0.7818314824680298,0.6234898018587336,0.43250768293555203,0.9016302480516722
2021-01-27,6.557690971040578,1,1,66,0,0,0,0,0,0,0,0,0,0,0,0,0,0,0,0,0,11.468818366589298,8.994239194267148,4.97777516328572,6.793258199146577,8.289891042747097,1.6751269034682676,7.252464523799504,12.023182297765835,8.48027757471405,8.525144975820448,8.068628402831225,2.6341136630603863,2.4745791723221497,3.178927323842201,2.0,1.0,0.9749279121818236,-0.22252093395631434,0.44795346647239487,0.8940568728416358
2021-01-28,4.3591169979077415,1,2,66,0,0,0,0,0,0,0,0,0,0,0,0,0,0,0,0,0,6.557690971040578,11.468818366589298,8.994239194267148,10.971527603651014,6.793258199146577,8.725348082661462,14.41688552792137,2.588832487178232,9.006916177299,8.491492514662447,8.417382979086389,2.657426240507439,-4.9111273955487205,-0.2355672281059995,3.0,1.0,0.43388373911755823,-0.900968867902419,0.4632666879277925,0.8862189209537411
2021-01-29,6.550576883456976,1,3,61,0,0,0,0,0,0,0,0,0,0,0,0,0,0,0,0,0,4.3591169979077415,6.557690971040578,11.468818366589298,5.239498698118016,10.971527603651014,12.851251384523518,1.3705583755649464,1.0659898476616247,7.461875445179198,7.546862428127694,8.105509330175408,2.7803666493138373,-2.198573973132836,-6.612410605743272,4.0,1.0,-0.433883739117558,-0.9009688679024191,0.4784428156870534,0.8781187118593045
2021-01-30,8.89191401097014,1,2,44,0,0,0,1,0,0,0,0,0,0,0,0,0,0,0,0,0,6.550576883456976,4.3591169979077415,6.557690971040578,11.230897605685357,5.239498698118016,12.884575268023216,0.4568527918549821,3.9974218125763774,5.8224616174684245,7.734159311747546,7.655461151527798,2.6601870927215407,2.191459885549235,1.3110781853389604,5.0,1.0,-0.9749279121818236,-0.2225209339563146,0.4934773587053823,0.8697586426389562
2021-01-31,6.9193861563719485,1,2,65,0,0,0,1,0,0,0,0,0,0,0,0,0,0,0,0,0,8.89191401097014,6.550576883456976,4.3591169979077415,4.97777516328572,11.230897605685357,7.335747487953835,2.13197969532325,10.252897787773952,6.600535964111612,7.4000187982167995,7.3702710617382925,2.3258742026472317,2.341337127513164,-2.3389835947152164,6.0,1.0,-0.7818314824680299,0.6234898018587334,0.5083658678369077,0.8611411872732762
2021-02-01,9.872213872489692,1,2,43,0,0,0,0,0,0,0,0,0,0,0,0,0,0,0,0,0,6.9193861563719485,8.89191401097014,6.550576883456976,8.994239194267148,4.97777516328572,1.5228426395166066,12.93218081587992,10.443266490010974,7.453959016933015,7.677391797229119,7.340530966625302,2.1278100308316277,-1.9725278545981917,1.9416109930862282,0.0,2.0,0.0,1.0,0.523103937151309,0.852268895910674
2021-02-02,8.368466941305554,1,2,51,0,0,0,0,0,0,0,0,0,0,0,0,0,0,0,0,0,9.872213872489692,6.9193861563719485,8.89191401097014,11.468818366589298,8.994239194267148,8.289891042747097,3.350253806936536,15.946842255021576,8.561171346610587,7.80281675126091,7.936914626123378,2.225375269556056,2.952827716117743,0.877974678222543,1.0,2.0,0.7818314824680298,0.6234898018587336,0.5376872052376563,0.8431443941127276
2021-02-03,13.41759693644892,1,2,54,0,0,0,0,0,0,0,0,0,0,0,0,0,0,0,0,0,8.368466941305554,9.872213872489692,6.9193861563719485,6.557690971040578,11.468818366589298,6.793258199146577,1.6751269034682676,7.252464523799504,8.386688990055724,7.3599094047918046,7.942527190306125,1.6976155337697958,-1.5037469311841374,-3.100351425283744,2.0,2.0,0.9749279121818236,-0.22252093395631434,0.5521113564950746,0.8337703820772051
2021-02-04,16.287141688412337,1,2,55,0,0,0,0,0,0,0,0,0,0,0,0,0,0,0,0,0,13.41759693644892,8.368466941305554,9.872213872489692,4.3591169979077415,6.557690971040578,10.971527603651014,8.725348082661462,14.41688552792137,10.552759250081381,8.339895971278711,8.415694242970579,2.65928824058926,5.049129995143366,6.859905965408342,3.0,2.0,0.43388373911755823,-0.900968867902419,0.5663721224098525,0.8241496338390009
2021-02-07,9.710408498966691,1,2,47,0,0,0,0,0,0,0,0,0,0,0,0,0,0,0,0,0,16.287141688412337,13.41759693644892,8.368466941305554,6.550576883456976,4.3591169979077415,5.239498698118016,12.851251384523518,1.3705583755649464,12.691068522055597,10.043899498493653,8.795380963310674,3.305610268577848,2.869544751963417,11.928024690504596,6.0,2.0,-0.7818314824680299,0.6234898018587334,0.6081321556947994,0.7938358024238994
2021-02-08,19.68494755401577,1,2,58,0,0,0,0,0,0,0,0,0,0,0,0,0,0,0,0,0,9.710408498966691,16.287141688412337,13.41759693644892,8.89191401097014,6.550576883456976,11.230897605685357,12.884575268023216,0.4568527918549821,13.138382374609307,10.49530401499504,9.114731663371293,2.9993086304657495,-6.576733189445646,3.159831615509715,0.0,2.0,0.0,1.0,0.6216976807531925,0.7832572972823819
2021-02-09,9.715222542942149,1,2,57,0,0,0,0,0,0,0,0,0,0,0,0,0,0,0,0,0,19.68494755401577,9.710408498966691,16.287141688412337,6.9193861563719485,8.89191401097014,4.97777516328572,7.335747487953835,2.13197969532325,15.227499247131592,12.037165949715845,9.718592373966322,4.279657648433601,9.97453905504908,10.793033543045631,1.0,2.0,0.7818314824680298,0.6234898018587336,0.6350792279104001,0.7724470041865203
2021-02-10,13.227281723401696,1,2,52,0,1,0,0,1,0,0,0,0,0,0,0,0,0,0,0,0,9.715222542942149,19.68494755401577,9.710408498966691,9.872213872489692,6.9193861563719485,8.994239194267148,1.5228426395166066,12.93218081587992,13.036859531974862,12.4365711477973,10.056981472513211,3.8967269543974288,-9.969725011073622,2.7958363865702003,2.0,2.0,0.9749279121818236,-0.22252093395631434,0.6482728371887081,0.7614081222073368
2021-02-11,11.061978144578744,2,3,56,0,1,0,0,1,1,0,0,0,0,0,0,0,0,0,0,0,13.227281723401696,9.715222542942149,19.68494755401577,8.368466941305554,9.872213872489692,11.468818366589298,8.289891042747097,3.350253806936536,14.20915060678653,12.915866555070446,10.359341653165677,3.7556166141395884,3.5120591804595467,3.355067850912004,3.0,2.0,0.43388373911755823,-0.900968867902419,0.6612746042265288,0.7501439180617594
2021-02-12,8.275662867579879,2,3,40,0,0,1,0,1,1,0,0,0,0,0,0,0,0,0,0,0,11.061978144578744,13.227281723401696,9.715222542942149,13.41759693644892,8.368466941305554,6.557690971040578,6.793258199146577,1.6751269034682676,11.334827470307522,13.300653869823758,10.330281637307781,3.390200649665138,-2.165303578822952,2.6935112032731894,4.0,2.0,-0.433883739117558,-0.9009688679024191,0.6740806814338108,0.738657725145909
2021-02-13,16.82010986764824,1,2,33,0,0,1,0,1,0,0,0,0,0,0,0,0,0,0,0,0,8.275662867579879,11.061978144578744,13.227281723401696,16.287141688412337,13.41759693644892,4.3591169979077415,10.971527603651014,8.725348082661462,10.854974245186762,12.566091859985324,10.452993915632018,3.815644723328375,-2.786315276998865,-5.141934068869041,5.0,2.0,-0.9749279121818236,-0.2225209339563146,0.6866872791306503,0.7269529425486524
2021-02-14,20.91744984079628,1,2,37,0,0,1,0,1,0,0,0,0,0,0,0,0,0,0,0,0,16.82010986764824,8.275662867579879,11.061978144578744,9.710408498966691,16.287141688412337,6.550576883456976,5.239498698118016,12.851251384523518,12.052583626602278,12.642230171304737,11.343064834899197,3.893655841225666,8.544447000068363,0.5329681792359047,6.0,2.0,-0.7818314824680299,0.6234898018587334,0.6990906666687643,0.7150330340457165
2021-02-15,22.70918359191858,1,1,33,0,0,1,0,1,0,0,0,0,0,0,0,0,0,0,0,0,20.91744984079628,16.82010986764824,8.275662867579879,19.68494755401577,9.710408498966691,8.89191401097014,11.230897605685357,12.884575268023216,15.337740858674792,14.243236077280395,12.369270046137718,4.599146404536683,4.097339973148038,11.207041341829589,0.0,2.0,0.0,1.0,0.7112871735354942,0.7029015270746591
2021-02-16,15.095077372715124,1,2,45,0,0,1,0,1,0,0,0,0,0,0,0,0,0,0,0,0,22.70918359191858,20.91744984079628,16.82010986764824,9.715222542942149,19.68494755401577,6.9193861563719485,4.97777516328572,7.335747487953835,20.148914433454355,14.675269796980798,13.356217873348319,5.193656916063314,1.791733751122301,3.02423603790281,1.0,2.0,0.7818314824680298,0.6234898018587336,0.723273190440015,0.6905620116910007
2021-02-17,10.869255909543783,1,2,45,0,1,0,0,1,0,0,0,0,0,0,0,0,0,0,0,0,15.095077372715124,22.70918359191858,20.91744984079628,13.227281723401696,9.715222542942149,9.872213872489692,8.994239194267148,1.5228426395166066,19.573903601809985,15.443820486948365,13.940195817372834,4.78476725257808,-7.614106219203457,5.379854829772976,2.0,2.0,0.9749279121818236,-0.22252093395631434,0.7350451703814259,0.6780181395058251
2021-02-18,10.4052355409154,1,2,45,0,0,0,0,0,0,0,0,0,0,0,0,0,0,0,0,0,10.869255909543783,15.095077372715124,22.70918359191858,11.061978144578744,13.227281723401696,8.368466941305554,11.468818366589298,8.289891042747097,16.22450562472582,15.106959656397235,14.01141310573384,5.006813273328201,-4.225821463171341,-2.358025813857912,3.0,2.0,0.43388373911755823,-0.900968867902419,0.7465996296984081,0.6652736226051653
2021-02-19,13.99576364155381,1,3,45,0,0,0,0,0,0,0,0,0,0,0,0,0,0,0,0,0,10.4052355409154,10.869255909543783,15.095077372715124,8.275662867579879,11.061978144578744,13.41759693644892,6.557690971040578,6.793258199146577,12.12318960772476,15.013139284445328,14.156896577134543,5.087238550244074,-0.4640203686283826,-0.6567426036633428,4.0,2.0,-0.433883739117558,-0.9009688679024191,0.7579331491001386,0.6523322324514917
2021-02-20,8.059137858616568,1,3,47,0,0,0,0,0,0,0,0,0,0,0,0,0,0,0,0,0,13.99576364155381,10.4052355409154,10.869255909543783,16.82010986764824,8.275662867579879,16.287141688412337,4.3591169979077415,10.971527603651014,11.756751697337656,15.830296537870174,14.19819419892775,4.3445732218938815,3.5905281006384087,5.720100773973931,5.0,2.0,-0.9749279121818236,-0.2225209339563146,0.769042374678155,0.6391977987676305
2021-02-21,13.769771012208947,1,2,55,0,0,0,1,0,0,0,0,0,0,0,0,0,0,0,0,0,8.059137858616568,13.99576364155381,10.4052355409154,20.91744984079628,16.82010986764824,9.710408498966691,6.550576883456976,5.239498698118016,10.820045680361916,14.578729108008506,13.610479639656623,5.078996595682517,-5.9366257829372415,-8.760972009031674,6.0,2.0,-0.7818314824680299,0.6234898018587334,0.7799240188988715,0.62587420840344
2021-02-22,17.645878910797784,1,2,58,0,0,0,0,0,0,0,0,0,0,0,0,0,0,0,0,0,13.769771012208947,8.059137858616568,13.99576364155381,22.70918359191858,20.91744984079628,19.68494755401577,8.89191401097014,11.230897605685357,11.94155750412643,13.55763213249603,13.90043410488821,4.371171865944364,5.710633153592379,-7.147678828587333,0.0,2.0,0.0,1.0,0.7905748615764533,0.6123654041855825
2021-02-23,13.517568586948,1,2,55,0,0,0,0,0,0,0,0,0,0,0,0,0,0,0,0,0,17.645878910797784,13.769771012208947,8.059137858616568,15.095077372715124,22.70918359191858,9.715222542942149,6.9193861563719485,4.97777516328572,13.158262593874424,12.834302892335918,13.754786344658356,3.001200608554308,3.8761078985888364,-5.063304681120798,1.0,2.0,0.7818314824680298,0.6234898018587336,0.8009917508257599,0.5986753837507299
2021-02-24,18.438270581257843,1,2,55,0,0,0,0,0,0,0,0,0,0,0,0,0,0,0,0,0,13.517568586948,17.645878910797784,13.769771012208947,10.869255909543783,15.095077372715124,13.227281723401696,9.872213872489692,8.994239194267148,14.977739503318233,12.608944494369183,14.026382490658774,2.879749035570102,-4.128310323849783,-1.5775087857671242,2.0,2.0,0.9749279121818236,-0.22252093395631434,0.8111716039950779,0.5848081983625508
2021-02-25,28.15584665626032,1,2,49,0,0,0,0,0,0,0,0,0,0,0,0,0,0,0,0,0,18.438270581257843,13.517568586948,17.645878910797784,10.4052355409154,10.869255909543783,11.061978144578744,8.368466941305554,11.468818366589298,16.53390602633453,13.690232304614048,14.398595980505643,3.3979179446513736,4.920701994309843,7.56901467171406,3.0,2.0,0.43388373911755823,-0.900968867902419,0.8211114085783636,0.5707679517128266
2021-02-26,18.333538375973102,1,3,48,0,0,0,0,0,0,0,0,0,0,0,0,0,0,0,0,0,28.15584665626032,18.438270581257843,13.517568586948,13.99576364155381,10.4052355409154,8.275662867579879,13.41759693644892,6.557690971040578,20.037228608155377,16.226033892520466,15.619586588482898,5.785100215091051,9.717576075002476,17.750611115344917,4.0,2.0,-0.433883739117558,-0.9009688679024191,0.8308082231067296,0.5565587987070535
2021-02-27,14.923804378810582,1,2,40,0,0,0,1,0,0,0,0,0,0,0,0,0,0,0,0,0,18.333538375973102,28.15584665626032,18.438270581257843,8.059137858616568,13.99576364155381,16.82010986764824,16.287141688412337,4.3591169979077415,21.642551871163743,16.84571599743751,16.338006267653842,5.745198241859642,-9.822308280287217,4.337774734419293,5.0,2.0,-0.9749279121818236,-0.2225209339563146,0.8402591780189079,0.5421849442348885
2021-02-28,15.882708488389516,1,2,46,0,0,0,1,0,0,0,0,0,0,0,0,0,0,0,0,0,14.923804378810582,18.333538375973102,28.15584665626032,13.769771012208947,8.059137858616568,20.91744984079628,9.710408498966691,6.550576883456976,20.471063137014657,17.82638264317951,16.20255587559401,4.641566226695149,-3.4097339971625207,6.864666520194014,6.0,2.0,-0.7818314824680299,0.6234898018587334,0.849461476510434,0.5276506419258042
2021-03-01,16.106347584936444,1,2,46,0,0,0,0,0,0,0,0,0,0,0,0,0,0,0,0,0,15.882708488389516,14.923804378810582,18.333538375973102,17.645878910797784,13.769771012208947,22.70918359191858,19.68494755401577,8.89191401097014,16.380017081057723,18.128230854062448,15.84293149327924,4.431912585460773,0.9589041095789348,2.1129374761805693,0.0,3.0,0.0,1.0,0.8584123953613012,0.5129601928903189
2021-03-02,13.40101522774614,1,2,40,0,0,0,0,0,0,0,0,0,0,0,0,0,0,0,0,0,16.106347584936444,15.882708488389516,14.923804378810582,13.517568586948,17.645878910797784,15.095077372715124,9.715222542942149,6.9193861563719485,15.637620150712172,17.90829780751083,15.371300349923372,4.488233806269799,0.22363909654692726,-1.53953132586134,1.0,3.0,0.7818314824680298,0.6234898018587336,0.8671092857418372,0.498117944447177
2021-03-03,10.046000866761556,1,2,44,0,0,0,0,0,0,0,0,0,0,0,0,0,0,0,0,0,13.40101522774614,16.106347584936444,15.882708488389516,18.438270581257843,13.517568586948,10.869255909543783,13.227281723401696,9.872213872489692,15.130023767024023,17.89164732762485,15.250295910997016,4.504677749603097,-2.7053323571903043,-0.11655335920186083,2.0,3.0,0.9749279121818236,-0.22252093395631434,0.8755495739965682,0.48312828883685527
2021-03-04,28.48416446890219,1,3,45,0,0,0,0,0,0,0,0,0,0,0,0,0,0,0,0,0,10.046000866761556,13.40101522774614,16.106347584936444,28.15584665626032,18.438270581257843,10.4052355409154,11.061978144578744,8.368466941305554,13.184454559814704,16.692751654125377,15.191491979369715,5.25409727124978,-3.3550143609845833,-8.392269714496287,3.0,3.0,0.43388373911755823,-0.900968867902419,0.8837307624058365,0.4679956619217736
2021-03-05,21.23164645665053,1,2,45,0,0,0,0,0,0,0,0,0,0,0,0,0,0,0,0,0,28.48416446890219,10.046000866761556,13.40101522774614,18.333538375973102,28.15584665626032,13.99576364155381,8.275662867579879,13.41759693644892,17.310393521136618,16.739654198788504,16.482844045654485,5.35668123734838,18.438163602140634,0.32831781264187043,4.0,3.0,-0.433883739117558,-0.9009688679024191,0.8916504299249455,0.4527245418735987
2021-03-06,18.740378597983643,2,3,52,0,0,0,1,0,1,0,0,0,0,0,0,0,0,0,0,0,21.23164645665053,28.48416446890219,10.046000866761556,14.923804378810582,18.333538375973102,8.059137858616568,16.82010986764824,16.287141688412337,19.920603930771417,17.15366963888528,16.999692818161396,5.571559198694022,-7.2525180122516595,2.898108080677428,5.0,3.0,-0.9749279121818236,-0.2225209339563146,0.8993062329006161,0.4373194478480267
2021-03-07,18.761774349924263,2,1,66,0,0,0,1,0,1,0,0,0,0,0,0,0,0,0,0,0,18.740378597983643,21.23164645665053,28.48416446890219,15.882708488389516,14.923804378810582,13.769771012208947,20.91744984079628,9.710408498966691,22.81872984117878,17.698894527338574,17.762638585259044,5.513105921629394,-2.4912678586668875,3.816574219173061,6.0,3.0,-0.7818314824680299,0.6234898018587334,0.9066959057645391,0.42178493864743694
2021-03-08,13.52468267453161,2,2,53,0,0,0,0,0,1,0,0,0,0,0,0,0,0,0,0,0,18.761774349924263,18.740378597983643,21.23164645665053,16.106347584936444,15.882708488389516,17.645878910797784,22.70918359191858,19.68494755401577,19.577933134852803,18.110189650414966,18.11921025223871,5.469491937270334,0.021395751940620045,2.8790658615347464,0.0,3.0,0.0,1.0,0.9138172617038212,0.4061256113718145
2021-03-09,17.372227244406435,2,2,33,0,0,0,0,0,1,0,0,0,0,0,0,0,0,0,0,0,13.52468267453161,18.761774349924263,18.740378597983643,13.40101522774614,16.106347584936444,13.517568586948,15.095077372715124,9.715222542942149,17.00894520747983,17.74138037749999,17.82483909250541,5.67534446540515,-5.237091675392653,-2.581664910404834,1.0,3.0,0.7818314824680298,0.6234898018587336,0.9206681933081248,0.3903461000583373
2021-03-10,6.086610004018379,1,2,39,0,0,0,0,0,0,0,0,0,0,0,0,0,0,0,0,0,17.372227244406435,13.52468267453161,18.761774349924263,10.046000866761556,13.40101522774614,18.438270581257843,10.869255909543783,13.227281723401696,16.552894756287426,18.30869637988003,18.100171853752443,5.405173657625401,3.8475445698748256,3.9712120166602958,2.0,3.0,0.9749279121818236,-0.22252093395631434,0.92724667319331,0.3744510743100344
2021-03-11,2.7411167511298924,1,2,48,0,0,0,0,0,0,0,0,0,0,0,0,0,0,0,0,0,6.086610004018379,17.372227244406435,13.52468267453161,28.48416446890219,10.046000866761556,28.15584665626032,10.4052355409154,11.061978144578744,12.327839974318797,17.743069113773863,17.217910383949622,6.3626031812120685,-11.285617240388056,-3.9593908627431773,3.0,3.0,0.43388373911755823,-0.900968867902419,0.9335507546013952,0.3584452379139183
2021-03-12,12.032756896526964,1,3,48,0,0,0,0,0,0,0,0,0,0,0,0,0,0,0,0,0,2.7411167511298924,6.086610004018379,17.372227244406435,21.23164645665053,28.48416446890219,18.333538375973102,13.99576364155381,8.275662867579879,8.733317999851558,14.065490868377822,15.402572533583164,6.528994756326841,-3.3454932528884864,-25.7430477177723,4.0,3.0,-0.433883739117558,-0.9009688679024191,0.9395785719766574,0.34233332744900147
2021-03-13,8.323268415436585,1,2,44,0,0,0,1,0,0,0,0,0,0,0,0,0,0,0,0,0,12.032756896526964,2.7411167511298924,6.086610004018379,18.740378597983643,21.23164645665053,14.923804378810582,8.059137858616568,16.82010986764824,6.9534945505584025,12.751363788360168,14.952516713622725,5.8442171577055575,9.291640145397071,-9.198889560123567,5.0,3.0,-0.9749279121818236,-0.2225209339563146,0.9453283415177025,0.3261201108846096
2021-03-14,6.5934218765280095,1,2,50,0,0,0,1,0,0,0,0,0,0,0,0,0,0,0,0,0,8.323268415436585,12.032756896526964,2.7411167511298924,18.761774349924263,18.740378597983643,15.882708488389516,13.769771012208947,20.91744984079628,7.699047354364471,11.263205190853446,14.481049859096009,5.442183614629968,-3.7094884810903785,-10.417110182547058,6.0,3.0,-0.7818314824680299,0.6234898018587334,0.9507983617053434,0.30981038616940365
2021-03-15,8.097222296901936,1,2,46,0,0,0,0,0,0,0,0,0,0,0,0,0,0,0,0,0,6.5934218765280095,8.323268415436585,12.032756896526964,13.52468267453161,18.761774349924263,16.106347584936444,17.645878910797784,22.70918359191858,8.98314906283051,9.524869123225411,13.817529386820187,4.655982146638266,-1.7298465389085758,-12.168352473396254,0.0,3.0,0.0,1.0,0.9559870138061269,0.29340897981153197
2021-03-16,11.721074281040034,1,2,51,0,0,0,0,0,0,0,0,0,0,0,0,0,0,0,0,0,8.097222296901936,6.5934218765280095,8.323268415436585,17.372227244406435,13.52468267453161,13.40101522774614,13.517568586948,15.095077372715124,7.671304196288834,8.749517640706886,13.245449009103439,4.36837115466058,1.5038004203739268,-5.427460377629673,1.0,3.0,0.7818314824680298,0.6234898018587336,0.9608927623513632,0.27692074545033024
2021-03-17,8.123378603628218,1,1,41,0,0,0,0,0,0,0,0,0,0,0,0,0,0,0,0,0,11.721074281040034,8.097222296901936,6.5934218765280095,6.086610004018379,17.372227244406435,10.046000866761556,18.438270581257843,10.869255909543783,8.803906151489985,7.942210074511686,13.125453227195859,3.011773924972719,3.6238519841380974,-5.6511529633664015,2.0,3.0,0.9749279121818236,-0.22252093395631434,0.9655141555915137,0.2603505624199925
2021-03-18,13.424764513222328,1,2,47,0,0,0,0,0,0,0,0,0,0,0,0,0,0,0,0,0,8.123378603628218,11.721074281040034,8.097222296901936,2.7411167511298924,6.086610004018379,28.48416446890219,28.15584665626032,10.4052355409154,9.313891727190054,8.233177017313091,12.988123065543476,2.915290069069915,-3.5976956774118154,2.0367685996098395,3.0,3.0,0.43388373911755823,-0.900968867902419,0.969849825925805,0.24370333430563806
2021-03-19,10.19587810872548,1,2,36,0,0,0,0,0,0,0,0,0,0,0,0,0,0,0,0,0,13.424764513222328,8.123378603628218,11.721074281040034,12.032756896526964,2.7411167511298924,21.23164645665053,18.333538375973102,13.99576364155381,11.089739132630186,9.759412411897726,11.912451640137773,2.3897551192608377,5.30138590959411,10.683647762092436,4.0,3.0,-0.433883739117558,-0.9009688679024191,0.9738984903069413,0.22698398749220305
2021-03-20,10.357683482248497,1,2,45,0,0,0,1,0,0,0,0,0,0,0,0,0,0,0,0,0,10.19587810872548,13.424764513222328,8.123378603628218,8.323268415436585,12.032756896526964,18.740378597983643,14.923804378810582,8.059137858616568,10.581340408525334,9.497001156497515,11.12418247242884,2.2205821694907666,-3.2288864044968477,-1.8368787878014832,5.0,3.0,-0.9749279121818236,-0.2225209339563146,0.977658950620793,0.21019746970658276
2021-03-21,14.923857867262749,1,1,39,0,0,0,1,0,0,0,0,0,0,0,0,0,0,0,0,0,10.357683482248497,10.19587810872548,13.424764513222328,6.5934218765280095,8.323268415436585,18.761774349924263,15.882708488389516,13.769771012208947,11.32610870139876,9.787631880327785,10.525418535590616,2.1807193503587867,0.16180537352301627,2.0344150668119116,6.0,3.0,-0.7818314824680299,0.6234898018587334,0.9811300940409537,0.19334874855346035
2021-03-22,11.269035532422892,1,2,42,0,0,0,0,0,0,0,0,0,0,0,0,0,0,0,0,0,14.923857867262749,10.357683482248497,10.19587810872548,8.097222296901936,6.5934218765280095,13.52468267453161,16.106347584936444,17.645878910797784,11.825806486078898,10.977694164718462,10.251281643971938,2.3770588174281437,4.566174385014252,8.330435990734738,0.0,3.0,0.0,1.0,0.9843108933580564,0.17644281004525206
2021-03-23,13.343835081865937,1,3,51,0,0,0,0,0,0,0,0,0,0,0,0,0,0,0,0,0,11.269035532422892,14.923857867262749,10.357683482248497,11.721074281040034,8.097222296901936,17.372227244406435,13.40101522774614,13.517568586948,12.183525627311369,11.430810341221457,10.090163990964172,2.0668617368914672,-3.6548223348398565,3.171813235520956,1.0,3.0,0.7818314824680298,0.6234898018587336,0.9872004072837537,0.15948465712660548
2021-03-24,11.989965392645722,1,3,44,0,0,0,0,0,0,0,0,0,0,0,0,0,0,0,0,0,13.343835081865937,11.269035532422892,14.923857867262749,8.123378603628218,11.721074281040034,6.086610004018379,10.046000866761556,18.438270581257843,13.178909493850517,11.662633312768014,9.802421693639848,2.174614558575639,2.0747995494430445,1.622760800825903,2.0,3.0,0.9749279121818236,-0.22252093395631434,0.9897977807292717,0.14247930819388652
2021-03-25,19.606532123026696,1,1,65,0,0,0,0,0,0,0,0,0,0,0,0,0,0,0,0,0,11.989965392645722,13.343835081865937,11.269035532422892,13.424764513222328,8.123378603628218,2.7411167511298924,28.48416446890219,28.15584665626032,12.20094533564484,12.215002854056229,10.22408993568466,1.6277801260757874,-1.3538696892202147,3.8665867890175036,3.0,3.0,0.43388373911755823,-0.900968867902419,0.9921022450584553,0.1254317956100953
2021-03-26,21.338785683923007,1,2,82,0,0,0,0,0,0,0,0,0,0,0,0,0,0,0,0,0,19.606532123026696,11.989965392645722,13.343835081865937,10.19587810872548,13.424764513222328,12.032756896526964,21.23164645665053,18.333538375973102,14.98011086584611,13.09811251259971,11.428762462248718,3.076632666473875,7.616566730380974,6.181767609804368,4.0,3.0,-0.433883739117558,-0.9009688679024191,0.9941131183152286,0.10834716421564623
2021-03-27,16.644129808147817,1,1,69,0,0,0,1,0,0,0,0,0,0,0,0,0,0,0,0,0,21.338785683923007,19.606532123026696,11.989965392645722,10.357683482248497,10.19587810872548,8.323268415436585,18.740378597983643,14.923804378810582,17.645094399865133,14.689956451913643,12.093478804205578,3.928060950984037,1.7322535608963108,11.142907575197526,5.0,3.0,-0.9749279121818236,-0.2225209339563146,0.9958298054254058,0.09123046983545845
2021-03-28,18.109899279426173,1,3,43,0,0,0,1,0,0,0,0,0,0,0,0,0,0,0,0,0,16.644129808147817,21.338785683923007,19.606532123026696,14.923857867262749,10.357683482248497,6.5934218765280095,18.761774349924263,15.882708488389516,19.19648253836583,15.588020212756403,12.687826046542096,3.533759928689248,-4.69465587577519,6.28644632589932,6.0,3.0,-0.7818314824680299,0.6234898018587334,0.9972517983727895,0.07408677778279397
2021-03-29,27.25171567131148,1,2,46,0,0,0,0,0,0,0,0,0,0,0,0,0,0,0,0,0,18.109899279426173,16.644129808147817,21.338785683923007,11.269035532422892,14.923857867262749,8.097222296901936,13.52468267453161,16.106347584936444,18.697604923832323,16.04316898592261,13.510431575320535,3.622959607065567,1.4657694712783567,3.1860414121634246,0.0,3.0,0.0,1.0,0.9983786763495082,0.05692116136028858
2021-03-30,16.598984770731015,1,2,42,0,0,0,0,0,0,0,0,0,0,0,0,0,0,0,0,0,27.25171567131148,18.109899279426173,16.644129808147817,13.343835081865937,11.269035532422892,11.721074281040034,17.372227244406435,13.40101522774614,20.668581586295147,18.326409005763832,14.878609673492646,4.754362325430074,9.141816391885307,15.982680138888588,1.0,3.0,0.7818314824680298,0.6234898018587336,0.999210105880544,0.03973870035861803
2021-03-31,14.771573603311086,1,3,28,0,0,0,0,0,0,0,0,0,0,0,0,0,0,0,0,0,16.598984770731015,27.25171567131148,18.109899279426173,11.989965392645722,13.343835081865937,8.123378603628218,6.086610004018379,10.046000866761556,20.653533240489548,18.791430389887417,15.227031851327714,4.389467348374276,-10.652730900580465,3.255149688865078,2.0,3.0,0.9749279121818236,-0.22252093395631434,0.9997458409224182,0.022544479553245424
2021-04-01,12.8370766985461,1,3,23,0,0,0,0,0,0,0,0,0,0,0,0,0,0,0,0,0,14.771573603311086,16.598984770731015,27.25171567131148,19.606532123026696,11.989965392645722,13.424764513222328,2.7411167511298924,28.48416446890219,19.54075801511785,19.18880299141104,15.701902922733634,3.8483011614012397,-1.8274111674199283,2.7816082106653646,3.0,4.0,0.43388373911755823,-0.900968867902419,0.9999857229360024,0.00534358719969123
2021-04-02,10.03647975719022,1,3,25,0,1,0,0,1,0,0,0,0,0,0,0,0,0,0,0,0,12.8370766985461,14.771573603311086,16.598984770731015,21.338785683923007,19.606532123026696,10.19587810872548,12.032756896526964,21.23164645665053,14.735878357529392,18.221737930770953,15.65992522168533,4.428630524430003,-1.9344969047649858,-6.769455424480595,4.0,4.0,-0.433883739117558,-0.9009688679024191,0.9999296809334339,-0.01185888647222434
2021-04-03,8.815798623589199,1,3,28,0,1,0,0,1,0,0,0,0,0,0,0,0,0,0,0,0,10.03647975719022,12.8370766985461,14.771573603311086,16.644129808147817,21.338785683923007,10.357683482248497,8.323268415436585,18.740378597983643,12.548376686349124,16.607122798380555,15.648539625147098,5.018863968582164,-2.800596941355881,-11.302305926732787,5.0,4.0,-0.9749279121818236,-0.2225209339563146,0.9995777314991241,-0.029057850764724318
2021-04-04,12.337325424430285,1,3,29,0,0,1,0,1,0,0,0,0,0,0,0,0,0,0,0,0,8.815798623589199,10.03647975719022,12.8370766985461,18.109899279426173,16.644129808147817,14.923857867262749,6.5934218765280095,18.761774349924263,10.563118359775164,15.488789772015037,15.538404992385722,5.710537256671405,-1.2206811336010208,-7.828331184558618,6.0,4.0,-0.7818314824680299,0.6234898018587334,0.99892997878485,-0.046248216018556436
2021-04-05,12.170759496121615,1,2,32,0,1,0,0,1,0,0,0,0,0,0,0,0,0,0,0,0,12.337325424430285,8.815798623589199,10.03647975719022,27.25171567131148,18.109899279426173,11.269035532422892,8.097222296901936,13.52468267453161,10.396534601736557,14.664136364158482,15.353652675040546,5.689247880261971,3.5215268008410856,-5.772573854995889,0.0,4.0,0.0,1.0,0.9979866144789332,-0.06342489511916614
2021-04-06,10.0483543995595,1,2,36,0,0,0,0,0,0,0,0,0,0,0,0,0,0,0,0,0,12.170759496121615,12.337325424430285,8.815798623589199,16.598984770731015,27.25171567131148,13.343835081865937,11.721074281040034,17.372227244406435,11.107961181380356,12.509714053417074,15.418061529590455,2.4451648218623867,-0.16656592830866934,-15.080956175189865,1.0,4.0,0.7818314824680298,0.6234898018587336,0.9967479177495133,-0.08058280500211881
2021-04-07,9.260776773074902,1,2,46,0,0,0,0,0,0,0,0,0,0,0,0,0,0,0,0,0,10.0483543995595,12.170759496121615,12.337325424430285,14.771573603311086,16.598984770731015,11.989965392645722,8.123378603628218,6.086610004018379,11.51881310670379,11.573909714678285,15.182670052282853,1.892008194857476,-2.1224050965621153,-6.550630371171515,2.0,4.0,0.9749279121818236,-0.22252093395631434,0.9952142551619348,-0.09771686815732115
2021-04-08,12.358774665560702,1,2,56,0,0,0,0,0,0,0,0,0,0,0,0,0,0,0,0,0,9.260776773074902,10.0483543995595,12.170759496121615,12.8370766985461,14.771573603311086,19.606532123026696,13.424764513222328,2.7411167511298924,10.49329688958533,10.786653024644545,14.987728008027792,1.5045162039055442,-0.7875776264845982,-5.510796830236185,3.0,4.0,0.43388373911755823,-0.900968867902419,0.9933860805702698,-0.11482201413160008
2021-04-09,20.80811754829524,1,3,46,0,0,0,0,0,0,0,0,0,0,0,0,0,0,0,0,0,12.358774665560702,9.260776773074902,10.0483543995595,10.03647975719022,12.8370766985461,21.338785683923007,10.19587810872548,12.032756896526964,10.555968612731691,10.718324162789488,14.470031046780221,1.4182298036891248,3.0979978924858003,-0.47830203298539864,4.0,4.0,-0.433883739117558,-0.9009688679024191,0.9912639349830097,-0.13189318102919323
2021-04-10,11.266628511172785,1,2,41,0,0,0,1,0,0,0,0,0,0,0,0,0,0,0,0,0,20.80811754829524,12.358774665560702,9.260776773074902,8.815798623589199,10.03647975719022,16.644129808147817,10.357683482248497,8.323268415436585,14.142556328976937,12.257129561518777,14.432126179949666,3.7577195747105923,8.449342882734538,10.77163779110502,5.0,4.0,-0.9749279121818236,-0.2225209339563146,0.9888484464029655,-0.14892531700970596
2021-04-11,6.700507613873072,1,2,44,0,0,0,1,0,0,0,0,0,0,0,0,0,0,0,0,0,11.266628511172785,20.80811754829524,12.358774665560702,12.337325424430285,8.815798623589199,18.109899279426173,14.923857867262749,6.5934218765280095,14.811173575009564,12.607248116887861,14.048018944451451,3.5279181943429196,-9.541489037122455,2.450829887583586,6.0,4.0,-0.7818314824680299,0.6234898018587334,0.9861403296414243,-0.16591338178309495
2021-04-12,5.939086294114768,1,1,51,0,0,0,0,0,0,0,0,0,0,0,0,0,0,0,0,0,6.700507613873072,11.266628511172785,20.80811754829524,12.170759496121615,12.337325424430285,27.25171567131148,11.269035532422892,8.097222296901936,12.925084557780353,11.801988429665402,13.233062396911944,4.095312136452473,-4.5661208972997125,-5.636817810557212,0.0,4.0,0.0,1.0,0.983140386106616,-0.18285234810123144
2021-04-13,10.1697218019992,1,2,38,0,0,0,0,0,0,0,0,0,0,0,0,0,0,0,0,0,5.939086294114768,6.700507613873072,11.266628511172785,10.0483543995595,12.170759496121615,16.598984770731015,13.343835081865937,11.721074281040034,7.968740806386865,10.911749400807281,11.710731727112178,4.568385477807528,-0.7614213197583046,-6.2316732020068475,1.0,4.0,0.7818314824680298,0.6234898018587336,0.9798495035665545,-0.1997372032456062
2021-04-14,6.39593908596975,1,2,38,0,0,0,0,0,0,0,0,0,0,0,0,0,0,0,0,0,10.1697218019992,5.939086294114768,6.700507613873072,9.260776773074902,10.0483543995595,14.771573603311086,11.989965392645722,8.123378603628218,7.603105236662337,10.92908760115581,11.251498657917049,4.565305041502436,4.230635507884433,0.12136740243970046,2.0,4.0,0.9749279121818236,-0.22252093395631434,0.9762686558863216,-0.21656295051073468
2021-04-15,12.335025380084517,1,2,43,0,0,0,0,0,0,0,0,0,0,0,0,0,0,0,0,0,6.39593908596975,10.1697218019992,5.939086294114768,12.358774665560702,9.260776773074902,12.8370766985461,19.606532123026696,13.424764513222328,7.5015823940278965,10.519825074426503,10.653239049535525,4.817939313276715,-3.7737827160294506,-2.864837687105152,3.0,4.0,0.43388373911755823,-0.900968867902419,0.9723989027398732,-0.23332461068282243
2021-04-16,13.891138414648646,1,3,40,0,0,0,0,0,0,0,0,0,0,0,0,0,0,0,0,0,12.335025380084517,6.39593908596975,10.1697218019992,20.80811754829524,12.358774665560702,10.03647975719022,21.338785683923007,10.19587810872548,9.633562089351146,10.516432319358476,10.617378241073983,4.816651334698068,5.939086294114767,-0.023749285476185378,4.0,4.0,-0.433883739117558,-0.9009688679024191,0.9682413892964514,-0.25001722351325634
2021-04-17,11.618749097743017,1,3,37,0,0,0,1,0,0,0,0,0,0,0,0,0,0,0,0,0,13.891138414648646,12.335025380084517,6.39593908596975,11.266628511172785,20.80811754829524,8.815798623589199,16.644129808147817,10.357683482248497,10.874034293567627,9.528292443123249,10.892711002321013,2.9528635988373946,1.5561130345641292,-6.916979133646594,5.0,4.0,-0.9749279121818236,-0.2225209339563146,0.9637973458816972,-0.2666358491864816
2021-04-18,10.050761420809607,1,2,41,0,0,0,1,0,0,0,0,0,0,0,0,0,0,0,0,0,11.618749097743017,13.891138414648646,12.335025380084517,6.700507613873072,11.266628511172785,12.337325424430285,18.109899279426173,14.923857867262749,12.614970964158717,9.578595384061854,11.092921750474856,2.984873964117487,-2.2723893169056293,0.3521205865702317,6.0,4.0,-0.7818314824680299,0.6234898018587334,0.9590680876135618,-0.2831755697818324
2021-04-19,7.005076141776394,1,1,46,0,0,0,0,0,0,0,0,0,0,0,0,0,0,0,0,0,10.050761420809607,11.618749097743017,13.891138414648646,5.939086294114768,6.700507613873072,12.170759496121615,27.25171567131148,11.269035532422892,11.853549644400415,10.057203070767073,10.929595750216237,2.7438867740227533,-1.5679876769334093,3.350253806936535,0.0,4.0,0.0,1.0,0.9540550140131263,-0.2996314907288842
2021-04-20,3.0456852790332136,1,3,74,0,0,0,0,0,0,0,0,0,0,0,0,0,0,0,0,0,7.005076141776394,10.050761420809607,11.618749097743017,10.1697218019992,5.939086294114768,10.0483543995595,16.598984770731015,13.343835081865937,9.558195553442998,10.209487334718732,10.560618367763007,2.5325498704945155,-3.045685279033213,1.0659898476616263,1.0,4.0,0.7818314824680298,0.6234898018587336,0.948759608590444,-0.3159987422558949
2021-04-21,2.893401015081553,1,3,66,0,0,0,0,0,0,0,0,0,0,0,0,0,0,0,0,0,3.0456852790332136,7.005076141776394,10.050761420809607,6.39593908596975,10.1697218019992,9.260776773074902,14.771573603311086,11.989965392645722,6.700507613873062,9.191767831437877,10.060427716296843,3.5650059028149506,-3.9593908627431804,-7.124036522965987,2.0,4.0,0.9749279121818236,-0.22252093395631434,0.9431834384055279,-0.3322724808309075
2021-04-22,3.654822334839857,1,3,49,0,0,0,0,0,0,0,0,0,0,0,0,0,0,0,0,0,2.893401015081553,3.0456852790332136,7.005076141776394,12.335025380084517,6.39593908596975,12.358774665560702,12.8370766985461,19.606532123026696,4.314720811963711,8.691405249882422,9.605615162154463,4.124233206617852,-0.15228426395166084,-3.502538070888197,3.0,4.0,0.43388373911755823,-0.900968867902419,0.937328153604613,-0.3484478905950889
2021-04-23,3.654822334839857,1,1,53,0,0,0,0,0,0,0,0,0,0,0,0,0,0,0,0,0,3.654822334839857,2.893401015081553,3.0456852790332136,13.891138414648646,12.335025380084517,20.80811754829524,10.03647975719022,21.338785683923007,3.1979695429848647,7.451376243418899,8.983904281388687,4.147160699059674,0.7614213197583042,-8.68020304524466,4.0,4.0,-0.433883739117558,-0.9009688679024191,0.9311954869318319,-0.3645201847878779
2021-04-24,2.893401015081553,1,2,56,0,0,0,1,0,0,0,0,0,0,0,0,0,0,0,0,0,3.654822334839857,3.654822334839857,2.893401015081553,11.618749097743017,13.891138414648646,11.266628511172785,8.815798623589199,16.644129808147817,3.4010152282537462,5.989045374874785,7.7586689089990175,3.345935633012609,0.0,-10.23631607980879,5.0,4.0,-0.9749279121818236,-0.2225209339563146,0.9247872532164463,-0.380484607163523
2021-04-25,3.1979695429848745,1,2,56,0,0,0,0,0,0,0,0,0,0,0,0,0,0,0,0,0,2.893401015081553,3.654822334839857,3.654822334839857,10.050761420809607,11.618749097743017,6.700507613873072,12.337325424430285,18.109899279426173,3.4010152282537462,4.74256707735172,7.160581230706785,2.5461592867217986,-0.7614213197583042,-8.725348082661464,6.0,4.0,-0.7818314824680299,0.6234898018587334,0.9181053488357886,-0.39633643339858987
2021-04-26,3.654822334839857,1,3,38,0,0,0,0,0,0,0,0,0,0,0,0,0,0,0,0,0,3.1979695429848745,2.893401015081553,3.654822334839857,7.005076141776394,10.050761420809607,5.939086294114768,12.170759496121615,27.25171567131148,3.2487309643020854,3.7635968090910437,6.910399939929057,1.3565009949869609,0.3045685279033217,-6.852791877824733,0.0,4.0,0.0,1.0,0.9111517511540698,-0.4120709724900216
2021-04-27,13.643643054983576,2,2,40,0,0,0,0,0,1,0,0,0,0,0,0,0,0,0,0,0,3.654822334839857,3.1979695429848745,2.893401015081553,3.0456852790332136,7.005076141776394,10.1697218019992,10.0483543995595,16.598984770731015,3.2487309643020854,3.2849891223858236,6.747238228552279,0.3342050361709453,0.4568527918549825,-3.350253806936537,1.0,4.0,0.7818314824680298,0.6234898018587336,0.9039285179372211,-0.42768356814333996
2021-04-28,10.088792370642809,1,3,38,0,0,0,0,0,0,0,0,0,0,0,0,0,0,0,0,0,13.643643054983576,3.654822334839857,3.1979695429848745,2.893401015081553,3.0456852790332136,6.39593908596975,9.260776773074902,14.771573603311086,6.832144977602759,4.798983090378733,6.995375460908305,3.6249345188856057,9.98882072014372,10.597957775950363,2.0,4.0,0.9749279121818236,-0.22252093395631434,0.896437786743944,-0.44316960015057344
2021-04-29,5.939086294114768,2,2,35,0,0,0,0,0,1,0,0,0,0,0,0,0,0,0,0,0,10.088792370642809,13.643643054983576,3.654822334839857,3.654822334839857,2.893401015081553,12.335025380084517,12.358774665560702,12.8370766985461,9.129085920155404,5.826896141173198,7.259150695527809,3.9449000414527298,-3.5548506843407672,7.195391355561256,3.0,4.0,0.43388373911755823,-0.900968867902419,0.8886817742931451,-0.4585244857575084
2021-04-30,2.588832487178232,2,2,44,0,1,0,0,1,1,0,0,0,0,0,0,0,0,0,0,0,5.939086294114768,10.088792370642809,13.643643054983576,3.654822334839857,3.654822334839857,13.891138414648646,20.80811754829524,10.03647975719022,9.890507239913708,6.153219563926756,6.8022979036728275,3.8449396713820065,-4.149706076528041,2.2842639592749108,4.0,4.0,-0.433883739117558,-0.9009688679024191,0.8806627758079475,-0.47374368101985365
2021-05-01,4.720812182501483,2,2,52,0,1,0,0,1,1,0,0,0,0,0,0,0,0,0,0,0,2.588832487178232,5.939086294114768,10.088792370642809,2.893401015081553,3.654822334839857,11.618749097743017,11.266628511172785,8.815798623589199,6.205570383978593,6.000935299975096,5.99499033742494,3.960257217029184,-3.3502538069365357,-1.065989847661625,5.0,5.0,-0.9749279121818236,-0.2225209339563146,0.8723831643364682,-0.48882268214792435
2021-05-02,10.143512006083114,1,2,53,0,0,1,0,1,0,0,0,0,0,0,0,0,0,0,0,0,4.720812182501483,2.588832487178232,5.939086294114768,3.1979695429848745,2.893401015081553,10.050761420809607,6.700507613873072,12.337325424430285,4.416243654598151,6.261994038177943,5.5022805577648315,3.8039517945304278,2.131979695323251,1.82741116741993,6.0,5.0,-0.7818314824680299,0.6234898018587334,0.8638453900495676,-0.5037570268394381
2021-05-03,5.634517766211446,1,2,59,0,0,1,0,1,0,0,0,0,0,0,0,0,0,0,0,0,10.143512006083114,4.720812182501483,2.588832487178232,3.654822334839857,3.1979695429848745,7.005076141776394,5.939086294114768,12.170759496121615,5.817718891920933,7.254214390049119,5.508905599570082,3.7810953028970946,5.422699823581631,6.945542463098239,0.0,5.0,0.0,1.0,0.8550519795157738,-0.5185422956000375
2021-05-04,5.634517766211446,1,2,49,0,0,1,0,1,0,0,0,0,0,0,0,0,0,0,0,0,5.634517766211446,10.143512006083114,4.720812182501483,13.643643054983576,3.654822334839857,3.0456852790332136,10.1697218019992,10.0483543995595,6.8329473182653375,7.537028023102203,5.411008572744014,3.56940733287786,-4.508994239871668,1.979695431371589,1.0,5.0,0.7818314824680298,0.6234898018587336,0.8460055349535992,-0.5331741130511443
2021-05-05,6.472054474088304,2,3,39,0,1,0,0,1,1,0,0,0,0,0,0,0,0,0,0,0,5.634517766211446,5.634517766211446,10.143512006083114,10.088792370642809,13.643643054983576,2.893401015081553,6.39593908596975,9.260776773074902,7.137515846168658,6.392867267563328,5.59592517897103,2.5732067887694816,0.0,-8.009125288772129,2.0,5.0,0.9749279121818236,-0.22252093395631434,0.8367087334614722,-0.5476481492247545
2021-05-06,6.852791877824732,2,3,34,0,0,0,0,0,1,0,0,0,0,0,0,0,0,0,0,0,6.472054474088304,5.634517766211446,5.634517766211446,5.939086294114768,10.088792370642809,3.654822334839857,12.335025380084517,12.358774665560702,5.913696668837056,5.876190425198399,5.851543283185799,2.098553099312444,0.8375367078768576,-3.616737896554505,3.0,5.0,0.43388373911755823,-0.900968867902419,0.8271643262255062,-0.561960120844802
2021-05-07,7.614213197583035,1,2,61,0,0,0,0,0,0,0,0,0,0,0,0,0,0,0,0,0,6.852791877824732,6.472054474088304,5.634517766211446,2.588832487178232,5.939086294114768,3.654822334839857,13.891138414648646,20.80811754829524,6.319788039374818,6.006719794299822,6.079969679113289,2.1266339891949926,0.38073740373642817,0.9137055837099641,4.0,5.0,-0.433883739117558,-0.9009688679024191,0.8173751377053472,-0.5761057925946976
2021-05-08,5.634517766211446,1,3,58,0,0,0,0,0,0,0,0,0,0,0,0,0,0,0,0,0,7.614213197583035,6.852791877824732,6.472054474088304,4.720812182501483,2.588832487178232,2.893401015081553,11.618749097743017,11.266628511172785,6.979686516498681,6.724631324357651,6.362783312166373,1.6454399112387235,0.7614213197583029,5.025380710404803,5.0,5.0,-0.9749279121818236,-0.2225209339563146,0.8073440647983365,-0.5900809783706804
2021-05-09,5.329949238308124,1,2,55,0,0,0,1,0,0,0,0,0,0,0,0,0,0,0,0,0,5.634517766211446,7.614213197583035,6.852791877824732,10.143512006083114,4.720812182501483,3.1979695429848745,10.050761420809607,6.700507613873072,6.700507613873062,6.855160693459075,6.5585773658185085,1.512145992265853,-1.9796954313715887,0.9137055837099632,6.0,5.0,-0.7818314824680299,0.6234898018587334,0.7970740759822359,-0.6038815425206047
2021-05-10,6.54822334992141,1,3,37,0,0,0,0,0,0,0,0,0,0,0,0,0,0,0,0,0,5.329949238308124,5.634517766211446,7.614213197583035,5.634517766211446,10.143512006083114,3.654822334839857,7.005076141776394,5.939086294114768,6.19289340070086,6.167508869491219,6.71086162977017,0.7754315779085356,-0.3045685279033217,-4.8135627677749895,0.0,5.0,0.0,1.0,0.7865682104367726,-0.6175034010677942
2021-05-11,4.41624365459816,1,3,39,0,0,0,0,0,0,0,0,0,0,0,0,0,0,0,0,0,6.54822334992141,5.329949238308124,5.634517766211446,5.634517766211446,5.634517766211446,13.643643054983576,3.0456852790332136,10.1697218019992,5.837563451480317,6.2980382385926434,6.917533130847423,0.751252051118814,1.2182741116132858,0.9137055837099641,1.0,5.0,0.7818314824680298,0.6234898018587336,0.7758295771442586,-0.6309425229196086
2021-05-12,5.329949238308124,1,3,38,0,0,0,0,0,0,0,0,0,0,0,0,0,0,0,0,0,4.41624365459816,6.54822334992141,5.329949238308124,6.472054474088304,5.634517766211446,10.088792370642809,2.893401015081553,6.39593908596975,5.431472080942555,6.123999079790745,6.2584331736770356,0.9884707920880721,-2.13197969532325,-1.2182741116132858,2.0,5.0,0.9749279121818236,-0.22252093395631434,0.7648613539695567,-0.6441949310603557
2021-05-13,7.005076141776394,1,3,25,0,0,0,0,0,0,0,0,0,0,0,0,0,0,0,0,0,5.329949238308124,4.41624365459816,6.54822334992141,6.852791877824732,6.472054474088304,5.939086294114768,3.654822334839857,12.335025380084517,5.431472080942555,5.960841188965004,5.918515807081702,1.0115441279525375,0.9137055837099641,-1.1421052357801793,3.0,5.0,0.43388373911755823,-0.900968867902419,0.7536667867196597,-0.6572567037282031
2021-05-14,9.593908628954624,1,3,24,0,0,0,0,0,0,0,0,0,0,0,0,0,0,0,0,0,7.005076141776394,5.329949238308124,4.41624365459816,7.614213197583035,6.852791877824732,2.588832487178232,3.654822334839857,13.891138414648646,5.5837563448942165,5.982596083815243,5.994657939057532,1.0319252697702508,1.6751269034682696,0.15228426395166217,4.0,5.0,-0.433883739117558,-0.9009688679024191,0.7422491881831634,-0.6701239755757398
2021-05-15,8.37563451734134,2,3,33,0,0,0,1,0,1,0,0,0,0,0,0,0,0,0,0,0,9.593908628954624,7.005076141776394,5.329949238308124,5.634517766211446,7.614213197583035,4.720812182501483,2.893401015081553,11.618749097743017,7.309644669679705,6.2654097168683265,6.495020520612989,1.570878160783631,2.5888324871782302,1.9796954313715895,5.0,5.0,-0.9749279121818236,-0.2225209339563146,0.7306119371499218,-0.682792938813839
2021-05-16,7.157360405728053,2,3,29,0,0,0,1,0,1,0,0,0,0,0,0,0,0,0,0,0,8.37563451734134,9.593908628954624,7.005076141776394,5.329949238308124,5.634517766211446,10.143512006083114,3.1979695429848745,10.050761420809607,8.32487309602411,6.656997824172597,6.756079258815836,1.7010602872847476,-1.218274111613285,2.7411167511298933,6.0,5.0,-0.7818314824680299,0.6234898018587334,0.7187584774111637,-0.695259844338493
2021-05-17,10.507614212664588,1,3,31,0,0,0,0,0,0,0,0,0,0,0,0,0,0,0,0,0,7.157360405728053,8.37563451734134,9.593908628954624,6.54822334992141,5.329949238308124,5.634517766211446,3.654822334839857,7.005076141776394,8.375634517341329,6.918056562375445,6.542782715933332,1.6154382783041519,-1.2182741116132867,1.8274111674199283,0.0,5.0,0.0,1.0,0.7066923167403818,-0.7075210028402775
2021-05-18,13.09644669984282,1,3,29,0,0,0,0,0,0,0,0,0,0,0,0,0,0,0,0,0,10.507614212664588,7.157360405728053,8.37563451734134,4.41624365459816,6.54822334992141,5.634517766211446,13.643643054983576,3.0456852790332136,8.680203045244651,7.483683828481611,6.890861033537127,2.0275281892578736,3.3502538069365357,3.959390862743178,1.0,5.0,0.7818314824680298,0.6234898018587336,0.6944170258552806,-0.7195727858961222
2021-05-19,11.116751268471232,1,3,25,0,0,0,0,0,0,0,0,0,0,0,0,0,0,0,0,0,13.09644669984282,10.507614212664588,7.157360405728053,5.329949238308124,4.41624365459816,6.472054474088304,10.088792370642809,2.893401015081553,10.253807106078478,8.723712834945136,7.42385595736794,2.393631675309826,2.588832487178232,8.68020304524466,2.0,5.0,0.9749279121818236,-0.22252093395631434,0.6819362373611009,-0.7314116270430655
2021-05-20,9.746192892906285,1,3,28,0,0,0,0,0,0,0,0,0,0,0,0,0,0,0,0,0,11.116751268471232,13.09644669984282,10.507614212664588,7.005076141776394,5.329949238308124,6.852791877824732,5.939086294114768,3.654822334839857,11.573604060326204,9.550398839254152,7.755620014109577,2.053966251140044,-1.9796954313715887,5.786802030163107,3.0,5.0,0.43388373911755823,-0.900968867902419,0.6692536446756302,-0.743034022833669
2021-05-21,11.116751268471232,1,1,27,0,0,0,0,0,0,0,0,0,0,0,0,0,0,0,0,0,9.746192892906285,11.116751268471232,13.09644669984282,9.593908628954624,7.005076141776394,7.614213197583035,2.588832487178232,3.654822334839857,11.319796953740102,9.94198694655842,7.962291515186831,1.7735243557242775,-1.370558375564947,2.7411167511298906,4.0,5.0,-0.433883739117558,-0.9009688679024191,0.6563730009362144,-0.7544365338727892
2021-05-22,11.573604060326211,1,3,28,0,0,0,1,0,0,0,0,0,0,0,0,0,0,0,0,0,11.116751268471232,9.746192892906285,11.116751268471232,8.37563451734134,9.593908628954624,5.634517766211446,4.720812182501483,2.893401015081553,10.65989847661624,10.159535895060793,8.21247280596456,1.810498761759237,1.370558375564947,1.5228426395166075,5.0,5.0,-0.9749279121818236,-0.2225209339563146,0.6432981178891005,-0.7656157858353895
2021-05-23,12.335025380084517,1,3,24,0,0,0,1,0,0,0,0,0,0,0,0,0,0,0,0,0,11.573604060326211,11.116751268471232,9.746192892906285,7.157360405728053,8.37563451734134,5.329949238308124,10.143512006083114,3.1979695429848745,10.8121827405679,10.616388686915773,8.636693255544186,1.7030067402319975,0.4568527918549794,3.197969542984872,6.0,5.0,-0.7818314824680299,0.6234898018587334,0.630032864761432,-0.7765684704650989
2021-05-24,13.705583755649464,1,3,27,0,0,0,0,0,0,0,0,0,0,0,0,0,0,0,0,0,12.335025380084517,11.573604060326211,11.116751268471232,10.507614212664588,7.157360405728053,6.54822334992141,5.634517766211446,3.654822334839857,11.675126902960642,11.35605511182384,9.137055837099641,1.032383801349623,0.7614213197583055,5.177664974356464,0.0,5.0,0.0,1.0,0.6165811671162346,-0.7872913465532199
2021-05-25,21.75755403749262,1,3,28,0,0,0,0,0,0,0,0,0,0,0,0,0,0,0,0,0,13.705583755649464,12.335025380084517,11.573604060326211,13.09644669984282,10.507614212664588,4.41624365459816,5.634517766211446,13.643643054983576,12.538071065353387,11.812907903678823,9.648295866080216,1.2421263892347811,1.370558375564947,3.1979695429848753,1.0,5.0,0.7818314824680298,0.6234898018587336,0.6029470056907332,-0.797781240897891
2021-05-26,14.98809861301202,1,2,33,0,0,0,0,0,0,0,0,0,0,0,0,0,0,0,0,0,21.75755403749262,13.705583755649464,12.335025380084517,11.116751268471232,13.09644669984282,5.329949238308124,6.472054474088304,10.088792370642809,15.93272105774219,13.05020895191451,10.886960893429821,3.7288884491914867,8.051970281843158,8.661107337649801,2.0,5.0,0.9749279121818236,-0.22252093395631434,0.5891344152183375,-0.80803504924313
2021-05-27,21.84089049083675,2,2,30,0,0,0,0,0,1,0,0,0,0,0,0,0,0,0,0,0,14.98809861301202,21.75755403749262,13.705583755649464,9.746192892906285,11.116751268471232,7.005076141776394,6.852791877824732,5.939086294114768,16.81707880205136,13.603258572563192,11.576828705908671,3.687979973803317,-6.769455424480601,3.871347344540789,3.0,5.0,0.43388373911755823,-0.900968867902419,0.5751474832346518,-0.8180497371974677
2021-05-28,21.92893400903914,2,3,22,0,0,0,0,0,1,0,0,0,0,0,0,0,0,0,0,0,21.84089049083675,14.98809861301202,21.75755403749262,11.116751268471232,9.746192892906285,9.593908628954624,7.614213197583035,2.588832487178232,19.528847713780454,15.331072515124688,12.636529730841554,4.264347393266647,6.852791877824728,12.094697597930464,4.0,5.0,-0.433883739117558,-0.9009688679024191,0.5609903488678573,-0.8278223411319121
2021-05-29,16.598984770731015,2,3,26,0,0,0,1,0,1,0,0,0,0,0,0,0,0,0,0,0,21.92893400903914,21.84089049083675,14.98809861301202,11.573604060326211,11.116751268471232,8.37563451734134,5.634517766211446,4.720812182501483,19.585974370962628,16.875670049491532,13.517602972276164,4.41367052874034,0.0880435182023902,10.812182740567907,5.0,5.0,-0.9749279121818236,-0.2225209339563146,0.546667201613826,-0.83734996905697
2021-05-30,16.903553298634336,2,3,31,0,0,0,1,0,1,0,0,0,0,0,0,0,0,0,0,0,16.598984770731015,21.92893400903914,21.84089049083675,12.335025380084517,11.573604060326211,7.157360405728053,5.329949238308124,10.143512006083114,20.122936423535624,17.59358157954936,14.104985133232569,3.8678211841697405,-5.329949238308124,5.025380710404804,6.0,5.0,-0.7818314824680299,0.6234898018587334,0.5321822800963331,-0.8466298014784668
2021-05-31,14.771573603311086,2,4,35,1,0,0,0,0,1,0,0,0,0,0,0,0,0,0,0,0,16.903553298634336,16.598984770731015,21.92893400903914,13.705583755649464,12.335025380084517,10.507614212664588,6.54822334992141,5.634517766211446,18.47715735946815,18.246228425056476,14.801141768440159,3.263704629927341,0.3045685279033208,4.568527918549819,0.0,5.0,0.0,1.0,0.5175398708127256,-0.8556590922319165
2021-06-01,19.62557434216937,2,4,23,1,0,0,0,0,1,0,0,0,0,0,0,0,0,0,0,0,14.771573603311086,16.903553298634336,16.598984770731015,21.75755403749262,13.705583755649464,13.09644669984282,4.41624365459816,5.634517766211446,16.0913705575588,18.398512689008136,15.10571029634348,3.067241990942281,-2.131979695323249,1.0659898476616227,1.0,6.0,0.7818314824680298,0.6234898018587336,0.5027443068654295,-0.8644351692951872
2021-06-02,17.36035260203715,2,3,29,0,0,0,0,0,1,0,0,0,0,0,0,0,0,0,0,0,19.62557434216937,14.771573603311086,16.903553298634336,14.98809861301202,21.75755403749262,11.116751268471232,5.329949238308124,6.472054474088304,17.100233748038253,18.093944161104815,15.572076556509662,2.8139702917383826,4.854000738858282,-2.1319796953232526,2.0,6.0,0.9749279121818236,-0.22252093395631434,0.4877999666796597,-0.8729554355792298
2021-06-03,16.653704406908954,1,3,29,0,0,0,0,0,0,0,0,0,0,0,0,0,0,0,0,0,17.36035260203715,19.62557434216937,14.771573603311086,21.84089049083675,14.98809861301202,9.746192892906285,7.005076141776394,6.852791877824732,17.25250018250586,18.43283758810841,16.0180480803358,2.5499843232674055,-2.265221740132219,2.372253989025129,3.0,6.0,0.43388373911755823,-0.900968867902419,0.47271127270772273,-0.8812173696966288
2021-06-04,28.11540868517702,1,2,35,0,0,0,0,0,0,0,0,0,0,0,0,0,0,0,0,0,16.653704406908954,17.36035260203715,19.62557434216937,21.92893400903914,21.84089049083675,11.116751268471232,9.593908628954624,7.614213197583035,17.879877117038482,17.691811004690148,16.51144175990742,2.1785836765362,-0.7066481951281958,-5.187186083927795,4.0,6.0,-0.433883739117558,-0.9009688679024191,0.4574826901202872,-0.8892185267077521
2021-06-05,22.373805180882883,1,2,61,0,0,0,1,0,0,0,0,0,0,0,0,0,0,0,0,0,28.11540868517702,16.653704406908954,17.36035260203715,16.598984770731015,21.92893400903914,11.573604060326211,8.37563451734134,5.634517766211446,20.70982189804103,18.575593101281274,17.725631575386405,4.113640541636557,11.461704278268066,6.18647467613788,5.0,6.0,-0.9749279121818236,-0.2225209339563146,0.4421187254850124,-0.8969565388442788
2021-06-06,17.46267778533417,1,2,77,0,0,0,1,0,0,0,0,0,0,0,0,0,0,0,0,0,22.373805180882883,28.11540868517702,16.653704406908954,16.903553298634336,16.598984770731015,12.335025380084517,7.157360405728053,5.329949238308124,22.380972757656277,19.400567445588685,18.49707451256902,4.212390318511787,-5.741603504294137,5.774820410151868,6.0,6.0,-0.7818314824680299,0.6234898018587334,0.42662392543293065,-0.904429116209887
2021-06-07,15.31165587086824,1,3,40,0,0,0,0,0,0,0,0,0,0,0,0,0,0,0,0,0,17.46267778533417,22.373805180882883,28.11540868517702,14.771573603311086,16.903553298634336,13.705583755649464,10.507614212664588,6.54822334992141,22.650630550464683,19.48044237226009,18.863335398658283,4.16936620785288,-4.911127395548714,0.5591244866998331,0.0,6.0,0.0,1.0,0.4110028753129673,-0.9116340474579004
2021-06-08,12.8299091217727,1,2,34,0,0,0,0,0,0,0,0,0,0,0,0,0,0,0,0,0,15.31165587086824,17.46267778533417,22.373805180882883,19.62557434216937,14.771573603311086,21.75755403749262,13.09644669984282,4.41624365459816,18.38271294569509,19.55759698191111,18.978054835459627,4.085671268518259,-2.151021914465929,0.5400822675571533,1.0,6.0,0.7818314824680298,0.6234898018587336,0.3952601978350095,-0.9185692004456872
2021-06-09,17.357945580049417,1,2,30,0,0,0,0,0,0,0,0,0,0,0,0,0,0,0,0,0,12.8299091217727,15.31165587086824,17.46267778533417,17.36035260203715,19.62557434216937,14.98809861301202,11.116751268471232,5.329949238308124,15.201414259325027,18.586787664711586,18.3403659129082,4.713337245219099,-2.4817467490955405,-6.795665220396669,2.0,6.0,0.9749279121818236,-0.22252093395631434,0.37940055170191456,-0.9252325228656215
2021-06-10,15.361614951522876,2,3,26,0,0,0,0,0,1,0,0,0,0,0,0,0,0,0,0,0,17.357945580049417,12.8299091217727,15.31165587086824,16.653704406908954,17.36035260203715,21.84089049083675,9.746192892906285,7.005076141776394,15.166503524230109,18.586443804427628,18.509640696268015,4.713426793875849,4.528036458276718,-0.0024070219877323495,3.0,6.0,0.43388373911755823,-0.900968867902419,0.36342863023086686,-0.9316220428524198
2021-06-11,11.83532759589613,2,3,24,0,1,0,0,1,1,0,0,0,0,0,0,0,0,0,0,0,15.361614951522876,17.357945580049417,12.8299091217727,28.11540868517702,16.653704406908954,21.92893400903914,11.116751268471232,9.593908628954624,15.183156551114989,18.40185959651533,18.04683530060274,4.80981563697344,-1.9963306285265414,-1.292089455386078,4.0,6.0,-0.433883739117558,-0.9009688679024191,0.34734915996449583,-0.9377358695666702
2021-06-12,21.1293747625433,2,4,24,1,1,0,0,1,1,0,0,0,0,0,0,0,0,0,0,0,11.83532759589613,15.361614951522876,17.357945580049417,22.373805180882883,28.11540868517702,16.598984770731015,11.573604060326211,8.37563451734134,14.851629375822796,16.07613372661806,17.325863413949666,3.2258683459025588,-3.526287355626746,-16.28008108928089,5.0,6.0,-0.9749279121818236,-0.2225209339563146,0.331166899272155,-0.943572193754387
2021-06-13,24.61763116907449,2,3,25,0,0,1,0,1,1,0,0,0,0,0,0,0,0,0,0,0,21.1293747625433,11.83532759589613,15.361614951522876,17.46267778533417,22.373805180882883,16.903553298634336,12.335025380084517,7.157360405728053,16.108772436654093,15.89835795256955,17.649462699079116,2.8907966212027336,9.29404716664717,-1.244430418339583,6.0,6.0,-0.7818314824680299,0.6234898018587334,0.3148866369417895,-0.9491292882824182
2021-06-14,15.38071065911773,2,3,26,0,1,0,0,1,1,0,0,0,0,0,0,0,0,0,0,0,24.61763116907449,21.1293747625433,11.83532759589613,15.31165587086824,17.46267778533417,14.771573603311086,13.705583755649464,10.507614212664588,19.194111175837964,16.920494150246736,18.200468261253413,4.221750276413196,3.488256406531189,7.15495338374032,0.0,6.0,0.0,1.0,0.2985131907627956,-0.9544055086495544
2021-06-15,12.030456852181194,1,3,27,0,0,0,0,0,0,0,0,0,0,0,0,0,0,0,0,0,15.38071065911773,24.61763116907449,21.1293747625433,12.8299091217727,15.31165587086824,19.62557434216937,21.75755403749262,13.09644669984282,20.375905530245163,16.930359119996663,18.24397805095389,4.218058442014135,-9.236920509956759,0.06905478824949007,1.0,6.0,0.7818314824680298,0.6234898018587336,0.28205140610030166,-0.959399293473183
2021-06-16,15.076142131214407,1,3,31,0,0,0,0,0,0,0,0,0,0,0,0,0,0,0,0,0,12.030456852181194,15.38071065911773,24.61763116907449,17.357945580049417,12.8299091217727,17.36035260203715,14.98809861301202,11.116751268471232,17.342932893457796,16.816151652912165,17.701469658811874,4.3366901099665265,-3.3502538069365357,-0.7994522695915052,2.0,6.0,0.9749279121818236,-0.22252093395631434,0.2655061544612901,-0.9641091649513439
2021-06-17,17.8172588823443,1,3,32,0,0,0,0,0,0,0,0,0,0,0,0,0,0,0,0,0,15.076142131214407,12.030456852181194,15.38071065911773,15.361614951522876,17.357945580049417,16.653704406908954,21.84089049083675,9.746192892906285,14.162436547504432,16.490179731650016,17.53831176803882,4.369348699277201,3.045685279033213,-2.28180344883501,3.0,6.0,0.43388373911755823,-0.900968867902419,0.24888233205297766,-0.9685337293000545
2021-06-18,21.62436548113582,1,4,29,1,0,0,0,0,0,0,0,0,0,0,0,0,0,0,0,0,17.8172588823443,15.076142131214407,12.030456852181194,11.83532759589613,15.361614951522876,28.11540868517702,21.92893400903914,11.116751268471232,14.974619288579957,16.84098600748165,17.621422801998488,4.363230809818586,2.741116751129894,2.4556439308214255,4.0,6.0,-0.433883739117558,-0.9009688679024191,0.23218485833388977,-0.9726716771657699
2021-06-19,24.822335024120694,1,4,28,1,0,0,1,0,0,0,0,0,0,0,0,0,0,0,0,0,21.62436548113582,17.8172588823443,15.076142131214407,21.1293747625433,11.83532759589613,22.373805180882883,16.598984770731015,11.573604060326211,18.17258883156483,18.23941999108732,17.15777685885269,4.095280585332786,3.807106598791517,9.789037885239688,5.0,6.0,-0.9749279121818236,-0.2225209339563146,0.21541867455805647,-0.9765217840128556
2021-06-20,21.47208121718416,1,3,30,0,0,0,1,0,0,0,0,0,0,0,0,0,0,0,0,0,24.822335024120694,21.62436548113582,17.8172588823443,24.61763116907449,21.1293747625433,17.46267778533417,16.903553298634336,12.335025380084517,21.421319795866925,18.766985742741234,17.33267184765539,4.6357911006656085,3.1979695429848753,3.6929602615773938,6.0,6.0,-0.7818314824680299,0.6234898018587334,0.19858874231275225,-0.9800829104859646
2021-06-21,14.619289339359426,2,2,31,0,0,0,0,0,1,0,0,0,0,0,0,0,0,0,0,0,21.47208121718416,24.822335024120694,21.62436548113582,15.38071065911773,24.61763116907449,15.31165587086824,14.771573603311086,13.705583755649464,22.639593907480215,18.31762146389976,17.619057807073244,4.176599877182399,-3.350253806936532,-3.1455499518903274,0.0,6.0,0.0,1.0,0.18170004205022589,-0.983354002747203
2021-06-22,16.627494610992862,2,3,44,0,0,0,0,0,1,0,0,0,0,0,0,0,0,0,0,0,14.619289339359426,21.47208121718416,24.822335024120694,12.030456852181194,15.38071065911773,12.8299091217727,19.62557434216937,21.75755403749262,20.304568526888087,18.20884698964857,17.569603054822615,4.2607393383070695,-6.852791877824735,-0.7614213197583037,1.0,6.0,0.7818314824680298,0.6234898018587336,0.16475757161384025,-0.9863340927879916
2021-06-23,15.754226998366208,2,2,41,0,0,0,0,0,1,0,0,0,0,0,0,0,0,0,0,0,16.627494610992862,14.619289339359426,21.47208121718416,15.076142131214407,12.030456852181194,17.357945580049417,17.36035260203715,14.98809861301202,17.572955055845473,18.865566669478813,17.840859161195485,3.553398844819908,2.008205271633436,4.597037758811668,2.0,6.0,0.9749279121818236,-0.22252093395631434,0.14776634475907305,-0.9890222987155258
2021-06-24,16.027825175567774,2,2,35,0,0,0,0,0,1,0,0,0,0,0,0,0,0,0,0,0,15.754226998366208,16.627494610992862,14.619289339359426,17.8172588823443,15.076142131214407,15.361614951522876,16.653704406908954,21.84089049083675,15.667003649572822,18.96243593621478,17.7263078339324,3.4567018567775385,-0.8732676126266536,0.6780848671518012,3.0,6.0,0.43388373911755823,-0.900968867902419,0.13073138966980175,-0.991417825013754
2021-06-25,18.13600209696268,1,2,32,0,0,0,0,0,0,0,0,0,0,0,0,0,0,0,0,0,16.027825175567774,15.754226998366208,16.627494610992862,21.62436548113582,17.8172588823443,11.83532759589613,28.11540868517702,21.92893400903914,16.136515594975602,18.70680254953242,17.773894278507036,3.595326031701879,0.2735981772015652,-1.7894337067765278,4.0,6.0,-0.433883739117558,-0.9009688679024191,0.11365774747032338,-0.993519962778792
2021-06-26,14.281396928694038,2,3,38,0,0,0,1,0,1,0,0,0,0,0,0,0,0,0,0,0,18.13600209696268,16.027825175567774,15.754226998366208,24.822335024120694,21.62436548113582,21.1293747625433,22.373805180882883,16.598984770731015,16.63935142363221,18.208464923221975,18.223942457154646,3.3924252152583265,2.1081769213949073,-3.4883633841731374,5.0,6.0,-0.9749279121818236,-0.2225209339563146,0.09655047073354384,-0.9953280899287085
2021-06-27,10.203045684761268,2,3,39,0,0,0,1,0,1,0,0,0,0,0,0,0,0,0,0,0,14.281396928694038,18.13600209696268,16.027825175567774,21.47208121718416,24.822335024120694,24.61763116907449,17.46267778533417,16.903553298634336,16.148408067074822,16.702616623875308,17.73480118330827,2.279265969104113,-3.854605168268643,-10.540938095426656,6.0,6.0,-0.7818314824680299,0.6234898018587334,0.07941462198577987,-0.9968416713876159
2021-06-28,11.190513123791854,2,3,39,0,0,0,0,0,1,0,0,0,0,0,0,0,0,0,0,0,10.203045684761268,14.281396928694038,18.13600209696268,14.619289339359426,21.47208121718416,15.38071065911773,15.31165587086824,14.771573603311086,14.20681490347265,15.09275440495775,16.705187934428753,2.3213422485363076,-4.0783512439327705,-11.269035532422894,0.0,6.0,0.0,1.0,0.06225527220861048,-0.9980602592440156
2021-07-02,17.51269035444098,2,3,38,0,0,0,0,0,1,0,1,0,0,0,0,0,0,0,0,0,11.190513123791854,10.203045684761268,14.281396928694038,16.627494610992862,14.619289339359426,12.030456852181194,12.8299091217727,19.62557434216937,11.891651912415709,14.602929231305241,16.405888110476905,2.7003763173402664,0.9874674390305866,-3.428776215567572,4.0,7.0,-0.433883739117558,-0.9009688679024191,-0.006515505718515781,-0.9999787738673417
2021-07-03,22.842639593486723,1,3,42,0,0,0,1,0,0,0,1,0,0,0,0,0,0,0,0,0,17.51269035444098,11.190513123791854,10.203045684761268,15.754226998366208,16.627494610992862,15.076142131214407,17.357945580049417,17.36035260203715,12.968749720998025,14.729385766083542,16.797476217781174,2.8106972144070936,6.322177230649126,0.8851957434481186,5.0,7.0,-0.9749279121818236,-0.2225209339563146,-0.0237161051327942,-0.9997187336232778
2021-07-04,27.02802308557476,1,3,34,0,0,0,1,0,0,0,1,0,0,0,0,0,0,0,0,0,22.842639593486723,17.51269035444098,11.190513123791854,16.027825175567774,15.754226998366208,17.8172588823443,15.361614951522876,16.653704406908954,17.18194769057317,15.742016136815044,17.352226036514914,4.015981966022399,5.329949239045742,7.088412595120515,6.0,7.0,-0.7818314824680299,0.6234898018587334,-0.04090968628179356,-0.999162848372739
2021-07-05,12.936994859855377,1,3,34,0,0,0,0,0,0,0,1,0,0,0,0,0,0,0,0,0,27.02802308557476,22.842639593486723,17.51269035444098,18.13600209696268,16.027825175567774,21.62436548113582,11.83532759589613,28.11540868517702,22.461117677834142,17.313472981101757,18.01013776531709,5.642981833424953,4.185383492088036,11.000197910006985,0.0,7.0,0.0,1.0,-0.05809116109928645,-0.99831128261787
2021-07-06,24.50578487620613,1,3,34,0,0,0,0,0,0,0,1,0,0,0,0,0,0,0,0,0,12.936994859855377,27.02802308557476,22.842639593486723,14.281396928694038,18.13600209696268,24.822335024120694,21.1293747625433,22.373805180882883,20.93588584630561,16.570757661515,17.389611292368485,5.8250485232095075,-14.091028225719382,-5.199007237107304,1.0,7.0,0.7818314824680298,0.6234898018587336,-0.07525544510164994,-0.9971642883610266
2021-07-07,21.036624178007425,1,2,32,0,0,0,0,0,0,0,1,0,0,0,0,0,0,0,0,0,24.50578487620613,12.936994859855377,27.02802308557476,10.203045684761268,14.281396928694038,21.47208121718416,24.61763116907449,17.46267778533417,21.490267607212076,18.031384511159583,17.367000567517444,6.328030621875996,11.568790016350752,10.22438794751209,2.0,7.0,0.9749279121818236,-0.22252093395631434,-0.09239745889250749,-0.9957222050302019
2021-07-08,18.730964466054264,1,3,22,0,0,0,0,0,0,0,1,0,0,0,0,0,0,0,0,0,21.036624178007425,24.50578487620613,12.936994859855377,11.190513123791854,10.203045684761268,14.619289339359426,15.38071065911773,15.31165587086824,19.493134638022966,19.57903858162332,17.335896493290537,5.494019419609697,-3.469160698198703,10.833578493246158,3.0,7.0,0.43388373911755823,-0.900968867902419,-0.10951212966586969,-0.9939854593785795
2021-07-09,12.177980562084803,1,3,23,0,0,0,0,0,0,0,1,0,0,0,0,0,0,0,0,0,18.730964466054264,21.036624178007425,24.50578487620613,17.51269035444098,11.190513123791854,16.627494610992862,12.030456852181194,12.8299091217727,21.42445784008926,20.656245916232233,17.629587573768738,4.367395211564939,-2.3056597119531617,7.5404513422624095,4.0,7.0,-0.433883739117558,-0.9009688679024191,-0.12659439270731607,-0.9919545653582456
2021-07-10,10.507614212664588,2,3,26,0,0,0,1,0,1,0,1,0,0,0,0,0,0,0,0,0,12.177980562084803,18.730964466054264,21.036624178007425,22.842639593486723,17.51269035444098,15.754226998366208,15.076142131214407,17.357945580049417,17.315189735382152,19.89414451732421,17.311765141703876,5.2297560525973275,-6.55298390396946,-5.334709792356177,5.0,7.0,-0.9749279121818236,-0.2225209339563146,-0.14363919289279092,-0.9896301239680952
2021-07-11,16.84637315275413,1,3,30,0,0,0,1,0,0,0,1,0,0,0,0,0,0,0,0,0,10.507614212664588,12.177980562084803,18.730964466054264,27.02802308557476,22.842639593486723,16.027825175567774,17.8172588823443,15.361614951522876,13.805519746934541,18.13199803434962,16.937007085582334,5.9657312441461645,-1.670366349420215,-12.335025380822135,6.0,7.0,-0.7818314824680299,0.6234898018587334,-0.16064148618455396,-0.987012823075981
2021-07-12,13.155926890806429,1,2,32,0,0,0,0,0,0,0,1,0,0,0,0,0,0,0,0,0,16.84637315275413,10.507614212664588,12.177980562084803,12.936994859855377,27.02802308557476,18.13600209696268,21.62436548113582,11.83532759589613,13.177322642501162,16.677476615375245,16.9954747982385,4.7333737086178065,6.338758940089541,-10.18164993282063,0.0,7.0,0.0,1.0,-0.17759624112385647,-0.9841034372151523
2021-07-13,15.85895920365096,1,3,26,0,0,0,0,0,0,0,1,0,0,0,0,0,0,0,0,0,13.155926890806429,16.84637315275413,10.507614212664588,24.50578487620613,12.936994859855377,14.281396928694038,24.822335024120694,21.1293747625433,13.503304752075037,16.708752619796822,16.63975514065591,4.709216617262451,-3.6904462619477005,0.21893203095105207,1.0,7.0,0.7818314824680298,0.6234898018587336,-0.19449844031989072,-0.9809028273550494
2021-07-14,25.20537247294052,1,2,22,0,0,0,0,0,0,0,1,0,0,0,0,0,0,0,0,0,15.85895920365096,13.155926890806429,16.84637315275413,21.036624178007425,24.50578487620613,10.203045684761268,21.47208121718416,24.61763116907449,15.287086415737159,15.473491809431797,16.752438160295693,3.474075416431578,2.703032312844531,-8.646825672555169,2.0,7.0,0.9749279121818236,-0.22252093395631434,-0.21134308193457638,-0.9774119406465193
2021-07-15,17.317561098155917,1,3,26,0,0,0,0,0,0,0,1,0,0,0,0,0,0,0,0,0,25.20537247294052,15.85895920365096,13.155926890806429,18.730964466054264,21.036624178007425,11.190513123791854,14.619289339359426,15.38071065911773,18.073419522465958,16.069027280136527,17.824032930879927,4.563251065598287,9.346413269289561,4.168748294933096,3.0,7.0,0.43388373911755823,-0.900968867902419,-0.22812518116274869,-0.9736318101415252
2021-07-16,21.793231453790256,1,3,29,0,0,0,0,0,0,0,1,0,0,0,0,0,0,0,0,0,17.317561098155917,25.20537247294052,15.85895920365096,12.177980562084803,18.730964466054264,17.51269035444098,16.627494610992862,12.030456852181194,19.460630924915787,15.867112513293907,18.26167921476307,4.471343072680741,-7.887811374784604,-1.413403367898347,4.0,7.0,-0.433883739117558,-0.9009688679024191,-0.24483977170729954,-0.9695635544874391
2021-07-17,13.648457098959044,1,2,32,0,0,0,1,0,0,0,1,0,0,0,0,0,0,0,0,0,21.793231453790256,17.317561098155917,25.20537247294052,10.507614212664588,12.177980562084803,22.842639593486723,15.754226998366208,15.076142131214407,21.43872167496222,17.240719783537543,18.56743215043088,4.60204884075223,4.475670355634339,9.615250891705452,5.0,7.0,-0.9749279121818236,-0.2225209339563146,-0.26148190724884907,-0.965208377596001
2021-07-18,16.382406273315528,1,2,24,0,0,0,1,0,0,0,1,0,0,0,0,0,0,0,0,0,13.648457098959044,21.793231453790256,17.317561098155917,16.84637315275413,10.507614212664588,27.02802308557476,16.027825175567774,17.8172588823443,17.586416550301724,17.68941162443675,17.910704829393186,4.042848089414017,-8.144774354831211,3.1408428862944557,6.0,7.0,-0.7818314824680299,0.6234898018587334,-0.2780466629094963,-0.9605675682870481
2021-07-19,11.880526121765104,1,2,30,0,0,0,0,0,0,0,1,0,0,0,0,0,0,0,0,0,16.382406273315528,13.648457098959044,21.793231453790256,13.155926890806429,16.84637315275413,12.936994859855377,18.13600209696268,21.62436548113582,17.27469827535493,17.623130641659806,17.150303628517527,4.059893412762167,2.733949174356484,-0.46396687943860115,0.0,7.0,0.0,1.0,-0.2945291367102338,-0.9556424999071171
2021-07-20,19.259118602052343,2,2,31,0,0,0,0,0,1,0,1,0,0,0,0,0,0,0,0,0,11.880526121765104,16.382406273315528,13.648457098959044,15.85895920365096,13.155926890806429,24.50578487620613,14.281396928694038,24.822335024120694,13.97046316467988,17.440930531796763,17.074841575796793,4.278991216579734,-4.501880151550424,-1.2754007690413243,1.0,7.0,0.7818314824680298,0.6234898018587336,-0.3109244510215808,-0.9504346299230308
2021-07-21,15.83986349531848,2,3,29,0,0,0,0,0,1,0,1,0,0,0,0,0,0,0,0,0,19.259118602052343,11.880526121765104,16.382406273315528,25.20537247294052,15.85895920365096,21.036624178007425,10.203045684761268,21.47208121718416,15.840683665710978,17.926667588711247,16.70007969907152,4.264805337669328,7.378592480287239,3.4001593984013834,2.0,7.0,0.9749279121818236,-0.22252093395631434,-0.3272277540070095,-0.9449454994905939
2021-07-22,13.06071579509302,2,3,23,0,0,0,0,0,1,0,1,0,0,0,0,0,0,0,0,0,15.83986349531848,19.259118602052343,11.880526121765104,17.317561098155917,25.20537247294052,18.730964466054264,11.190513123791854,14.619289339359426,15.659836073045296,16.58873773476524,16.328882507450885,3.074428273248063,-3.4192551067338623,-9.36550897762204,3.0,7.0,0.43388373911755823,-0.900968867902419,-0.343434221058743,-0.9391767329985206
2021-07-23,15.830395874936926,2,3,24,0,0,0,0,0,1,0,1,0,0,0,0,0,0,0,0,0,13.06071579509302,15.83986349531848,19.259118602052343,21.793231453790256,17.317561098155917,12.177980562084803,17.51269035444098,16.627494610992862,16.053232630821267,15.980616977184825,15.923864745239367,3.2839837256559865,-2.77914770022546,-4.256845303062896,4.0,7.0,-0.433883739117558,-0.9009688679024191,-0.3595390562254921,-0.9331300375877322
2021-07-24,13.938743962505349,2,3,28,0,0,0,1,0,1,0,1,0,0,0,0,0,0,0,0,0,15.830395874936926,13.06071579509302,15.83986349531848,13.648457098959044,21.793231453790256,10.507614212664588,22.842639593486723,15.754226998366208,14.910325055116127,15.12878332306292,16.184751553300234,2.2881239688714983,2.769680079843905,-5.96283557885333,5.0,7.0,-0.9749279121818236,-0.2225209339563146,-0.3755374936317112,-0.9268072026461666
2021-07-25,12.311222606893786,1,2,37,0,0,0,1,0,0,0,1,0,0,0,0,0,0,0,0,0,13.938743962505349,15.830395874936926,13.06071579509302,16.382406273315528,13.648457098959044,16.84637315275413,27.02802308557476,16.027825175567774,14.276618544178417,15.17025287499811,16.42983224971743,2.263416159014398,-1.891651912431577,0.29028686354630473,6.0,7.0,-0.7818314824680299,0.6234898018587334,-0.3914247988879585,-0.9202100992792468
2021-07-26,18.08850352748556,1,2,58,0,0,0,0,0,0,0,1,0,0,0,0,0,0,0,0,0,12.311222606893786,13.938743962505349,15.830395874936926,11.880526121765104,16.382406273315528,13.155926890806429,12.936994859855377,18.13600209696268,14.02678748144534,14.588655208366431,16.10589292501312,2.396375723411075,-1.627521355611563,-4.071183666421742,0.0,7.0,0.0,1.0,-0.4071962704919323,-0.9133406797561692
2021-07-27,19.409049333206063,1,2,60,0,0,0,0,0,0,0,1,0,0,0,0,0,0,0,0,0,18.08850352748556,12.311222606893786,13.938743962505349,19.259118602052343,11.880526121765104,15.85895920365096,24.50578487620613,14.281396928694038,14.779490032294886,15.475509123469351,16.458219827633055,2.3787068003520453,5.777280920591775,6.207977405720456,1.0,7.0,0.7818314824680298,0.6234898018587336,-0.42284724121978184,-0.9062009769321702
2021-07-28,19.66365878045474,1,2,45,0,0,0,0,0,0,0,1,0,0,0,0,0,0,0,0,0,19.409049333206063,18.08850352748556,12.311222606893786,15.83986349531848,19.259118602052343,25.20537247294052,21.036624178007425,10.203045684761268,16.60292515586179,15.496927799348455,16.71179769402985,2.4131055530683456,1.3205458057205028,0.14993073115372013,2.0,7.0,0.9749279121818236,-0.22252093395631434,-0.4383730795072664,-0.8987931036469494
2021-07-29,10.764577193448828,1,2,34,0,0,0,0,0,0,0,1,0,0,0,0,0,0,0,0,0,19.66365878045474,19.409049333206063,18.08850352748556,13.06071579509302,15.83986349531848,17.317561098155917,18.730964466054264,11.190513123791854,19.05373721371544,16.043184268653636,16.315961001709436,2.8263256848343445,0.25460944724867574,3.823795285136258,3.0,7.0,0.43388373911755823,-0.900968867902419,-0.45376919082036926,-0.8911192520994187
2021-07-30,10.262525875724874,1,2,52,0,0,0,0,0,0,0,1,0,0,0,0,0,0,0,0,0,10.764577193448828,19.66365878045474,19.409049333206063,15.830395874936926,13.06071579509302,21.793231453790256,12.177980562084803,17.51269035444098,16.612428435703197,15.71516446841875,15.847890722801788,3.2542766075795693,-8.899081587005911,-2.296138601644193,4.0,7.0,-0.433883739117558,-0.9009688679024191,-0.46903101901494954,-0.8831816931989691
2021-07-31,10.65989847661625,2,2,40,0,0,0,1,0,1,0,1,0,0,0,0,0,0,0,0,0,10.262525875724874,10.764577193448828,19.66365878045474,13.938743962505349,15.830395874936926,13.648457098959044,10.507614212664588,22.842639593486723,13.563587283209467,14.919754468531314,15.02426889579712,3.7686955594839517,-0.5020513177239536,-5.567869999212052,5.0,7.0,-0.9749279121818236,-0.2225209339563146,-0.4841540476850335,-0.8749827758934449
2021-08-01,26.499761971934728,2,2,25,0,0,0,1,0,1,0,1,0,0,0,0,0,0,0,0,0,10.65989847661625,10.262525875724874,10.764577193448828,12.311222606893786,13.938743962505349,16.382406273315528,16.84637315275413,27.02802308557476,10.562333848596637,14.451347970547157,14.810800422772632,4.054444166026143,0.3973726008913765,-3.2788454858890983,6.0,8.0,-0.7818314824680299,0.6234898018587334,-0.49913380149934533,-0.8665249264740237
2021-08-02,26.090461238746663,2,2,22,0,0,0,0,0,1,0,1,0,0,0,0,0,0,0,0,0,26.499761971934728,10.65989847661625,10.262525875724874,18.08850352748556,12.311222606893786,11.880526121765104,13.155926890806429,12.936994859855377,15.80739544142527,16.478282165553004,15.533468686959718,5.693285898174298,15.839863495318477,14.188539365040942,0.0,8.0,0.0,1.0,-0.5139658475256869,-0.8578106478572077
2021-08-03,20.54874754626089,2,3,26,0,0,0,0,0,1,0,1,0,0,0,0,0,0,0,0,0,26.090461238746663,26.499761971934728,10.65989847661625,19.409049333206063,18.08850352748556,19.259118602052343,15.85895920365096,24.50578487620613,21.083373895765867,17.62141898144745,16.5484640524584,6.628384542148966,-0.4093007331880649,8.001957711261102,1.0,8.0,0.7818314824680298,0.6234898018587336,-0.5286457965427641,-0.8488425188441413
2021-08-04,26.67344198782702,1,2,28,0,0,0,0,0,0,0,1,0,0,0,0,0,0,0,0,0,20.54874754626089,26.090461238746663,26.499761971934728,19.66365878045474,19.409049333206063,15.83986349531848,25.20537247294052,21.036624178007425,24.379656918980743,17.784233011883853,16.640580405616156,6.684058250392612,-5.5417136924857715,1.139698213054828,2.0,8.0,0.9749279121818236,-0.22252093395631434,-0.5431693043390854,-0.8396231933574692
2021-08-05,26.44734238010257,2,3,31,0,0,0,0,0,1,0,1,0,0,0,0,0,0,0,0,0,26.67344198782702,20.54874754626089,26.090461238746663,10.764577193448828,19.66365878045474,13.06071579509302,17.317561098155917,18.730964466054264,24.43755025761151,18.785630612937037,17.414407440795337,7.379534032648712,6.1246944415661275,7.00978320737228,3.0,8.0,0.43388373911755823,-0.900968867902419,-0.5575320729985326,-0.8301553996559674
2021-08-06,18.01944873849844,2,2,30,0,0,0,0,0,1,0,1,0,0,0,0,0,0,0,0,0,26.44734238010257,26.67344198782702,20.54874754626089,10.262525875724874,10.764577193448828,15.830395874936926,21.793231453790256,12.177980562084803,24.556510638063475,21.02602563960186,18.370595054010302,6.973742568576669,-0.22609960772444992,15.682765186653741,4.0,8.0,-0.433883739117558,-0.9009688679024191,-0.571729852172239,-0.8204419395271731
2021-08-07,10.852567223199038,2,2,26,0,0,0,1,0,1,0,1,0,0,0,0,0,0,0,0,0,18.01944873849844,26.44734238010257,26.67344198782702,10.65989847661625,10.262525875724874,13.938743962505349,13.648457098959044,10.507614212664588,23.713411035475996,22.13415747714094,18.526955972836127,5.669750337148152,-8.427893641604129,7.756922862773566,5.0,8.0,-0.9749279121818236,-0.2225209339563146,-0.5857584403363858,-0.8104856874582578
2021-08-08,15.680465143783213,2,2,39,0,0,0,1,0,1,0,1,0,0,0,0,0,0,0,0,0,10.852567223199038,18.01944873849844,26.44734238010257,26.499761971934728,10.65989847661625,12.311222606893786,16.382406273315528,16.84637315275413,18.439786113933334,22.161681583795623,18.30651477717139,5.614176421101014,-7.166881515299401,0.19266874658278788,6.0,8.0,-0.7818314824680299,0.6234898018587334,-0.5996136860355509,-0.800289589785385
2021-08-09,11.687803886730135,2,2,42,0,0,0,0,0,1,0,1,0,0,0,0,0,0,0,0,0,15.680465143783213,10.852567223199038,18.01944873849844,26.090461238746663,26.499761971934728,18.08850352748556,11.880526121765104,13.155926890806429,14.850827035160217,20.616067751202547,18.547174958377777,5.6958331694887425,4.827897920584174,-10.819296828151515,0.0,8.0,0.0,1.0,-0.6132914891112445,-0.7898566638218052
2021-08-10,14.942846597953263,2,2,41,0,0,0,0,0,1,0,1,0,0,0,0,0,0,0,0,0,11.687803886730135,15.680465143783213,10.852567223199038,20.54874754626089,26.090461238746663,19.409049333206063,19.259118602052343,15.85895920365096,12.740278751237447,18.558545272343046,18.089982126895247,5.9426873284090425,-3.9926612570530775,-14.402657352016528,1.0,8.0,0.7818314824680298,0.6234898018587336,-0.6267878019152604,-0.7791899969649484
2021-08-11,11.354672030112797,2,2,31,0,0,0,0,0,1,0,1,0,0,0,0,0,0,0,0,0,14.942846597953263,11.687803886730135,15.680465143783213,26.67344198782702,20.54874754626089,19.66365878045474,15.83986349531848,25.20537247294052,14.103705209488856,17.757702279727667,17.77096764580576,5.997995547368463,3.255042711223128,-5.605900948307628,2.0,8.0,0.9749279121818236,-0.22252093395631434,-0.6400986305074876,-0.768292745782777
2021-08-12,8.223350253389679,2,3,29,0,0,0,0,0,1,0,1,0,0,0,0,0,0,0,0,0,11.354672030112797,14.942846597953263,11.687803886730135,26.44734238010257,26.67344198782702,10.764577193448828,13.06071579509302,17.317561098155917,12.661774171598717,15.569306571482779,17.17746859220991,5.068340183469731,-3.5881745678404666,-15.318769957714222,3.0,8.0,0.43388373911755823,-0.900968867902419,-0.6532200358378337,-0.757168135079666
2021-08-13,8.527918781293,2,2,31,0,0,0,0,0,1,0,1,0,0,0,0,0,0,0,0,0,8.223350253389679,11.354672030112797,14.942846597953263,18.01944873849844,26.44734238010257,10.262525875724874,15.830395874936926,21.793231453790256,11.506956293818567,12.96587912480951,16.995952382205683,3.116845369249806,-3.1313217767231176,-18.22399212671289,4.0,8.0,-0.433883739117558,-0.9009688679024191,-0.6661481349118972,-0.7458194569420945
2021-08-14,15.440190850081336,2,2,27,0,0,0,1,0,1,0,1,0,0,0,0,0,0,0,0,0,8.527918781293,8.223350253389679,11.354672030112797,10.852567223199038,18.01944873849844,10.65989847661625,13.938743962505349,13.648457098959044,9.368647021598477,11.609946273780162,16.87205187546055,2.653572370689879,0.3045685279033208,-9.49152995720544,5.0,8.0,-0.9749279121818236,-0.2225209339563146,-0.6788791019400585,-0.7342500697644226
2021-08-15,9.746192892906285,2,2,24,0,0,0,1,0,1,0,1,0,0,0,0,0,0,0,0,0,15.440190850081336,8.527918781293,8.223350253389679,15.680465143783213,10.852567223199038,26.499761971934728,12.311222606893786,16.382406273315528,10.730486628254658,12.265321077620488,17.213501330708056,2.9369727329558737,6.9122720687883366,4.587623626882298,6.0,8.0,-0.7818314824680299,0.6234898018587334,-0.6914091694696364,-0.7224633972550496
2021-08-16,15.221258819130284,2,2,24,0,0,0,0,0,1,0,1,0,0,0,0,0,0,0,0,0,9.746192892906285,15.440190850081336,8.527918781293,11.687803886730135,15.680465143783213,26.090461238746663,18.08850352748556,11.880526121765104,11.238100841426858,11.417567898923787,16.016817825063168,2.6734851917441786,-5.693997957175052,-5.934272250876928,0.0,8.0,0.0,1.0,-0.703734629499786,-0.7104629274232391
2021-08-17,22.678427197976,2,2,22,0,0,0,0,0,1,0,1,0,0,0,0,0,0,0,0,0,15.221258819130284,9.746192892906285,15.440190850081336,14.942846597953263,11.687803886730135,20.54874754626089,19.409049333206063,19.259118602052343,13.469214187372621,11.92234717498095,15.240446223661996,2.991513802120095,5.475065926224,3.533454932400149,1.0,8.0,0.7818314824680298,0.6234898018587336,-0.715851834578799,-0.6982522115469223
2021-08-18,22.03120570388399,1,2,23,0,0,0,0,0,0,0,1,0,0,0,0,0,0,0,0,0,22.678427197976,15.221258819130284,9.746192892906285,11.354672030112797,14.942846597953263,26.67344198782702,19.66365878045474,15.83986349531848,15.881959636670842,13.02743011784134,15.392566198784504,4.790846425671917,7.457168378845715,7.735580600022736,2.0,8.0,0.9749279121818236,-0.22252093395631434,-0.7277571988834893,-0.6858348631217702
2021-08-19,23.746717089245763,1,2,22,0,0,0,0,0,0,0,1,0,0,0,0,0,0,0,0,0,22.03120570388399,22.678427197976,15.221258819130284,8.223350253389679,11.354672030112797,26.44734238010257,10.764577193448828,13.06071579509302,19.976963906996744,14.55264921409437,15.060977892788571,5.639798229209261,-0.6472214940920082,10.676533673771194,3.0,8.0,0.43388373911755823,-0.900968867902419,-0.7394471992803373,-0.6732145567918634
2021-08-20,16.449054040314923,1,2,27,0,0,0,0,0,0,0,1,0,0,0,0,0,0,0,0,0,23.746717089245763,22.03120570388399,22.678427197976,8.527918781293,8.223350253389679,18.01944873849844,10.262525875724874,15.830395874936926,22.81878333036857,16.770273047788095,14.868076086298801,5.765626455219492,1.715511385361772,15.523366835856084,4.0,8.0,-0.433883739117558,-0.9009688679024191,-0.7509183763680874,-0.6603950272622556
2021-08-21,16.29441624282769,2,2,31,0,0,0,1,0,1,0,1,0,0,0,0,0,0,0,0,0,16.449054040314923,23.746717089245763,22.03120570388399,15.440190850081336,8.527918781293,10.852567223199038,10.65989847661625,13.938743962505349,20.742325611148214,17.901863799076942,14.755905036428553,4.719268002340759,-7.29766304893084,7.9211352590219235,5.0,8.0,-0.9749279121818236,-0.2225209339563146,-0.76216733550148,-0.6473800681937733
2021-08-22,19.644670049764223,1,2,30,0,0,0,1,0,0,0,1,0,0,0,0,0,0,0,0,0,16.29441624282769,16.449054040314923,23.746717089245763,9.746192892906285,15.440190850081336,15.680465143783213,26.499761971934728,12.311222606893786,18.830062457462777,18.023895998040704,15.144608537830596,4.664765256390702,-0.15463779748723283,0.8542253927463541,6.0,8.0,-0.7818314824680299,0.6234898018587334,-0.7731907477958236,-0.6341735310803621
2021-08-23,19.644670049764223,1,2,28,0,0,0,0,0,0,0,1,0,0,0,0,0,0,0,0,0,19.644670049764223,16.29441624282769,16.449054040314923,15.221258819130284,9.746192892906285,11.687803886730135,26.090461238746663,18.08850352748556,17.462713444302263,19.437964163306123,15.427766031114954,3.2166900174486117,3.350253806936532,9.898477156857938,0.0,8.0,0.0,1.0,-0.7839853511121072,-0.6207793241093215
2021-08-24,22.48570496294103,1,3,26,0,0,0,0,0,0,0,1,0,0,0,0,0,0,0,0,0,19.644670049764223,19.644670049764223,16.29441624282769,22.678427197976,15.221258819130284,14.942846597953263,20.54874754626089,19.409049333206063,18.527918780785363,20.069880053396684,15.996113614188816,2.7228284190558316,0.0,4.423411230633938,1.0,8.0,0.7818314824680298,0.6234898018587336,-0.7945479510223574,-0.6072014110047618
2021-08-25,18.350227062317835,1,3,19,0,0,0,0,0,0,0,1,0,0,0,0,0,0,0,0,0,22.48570496294103,19.644670049764223,19.644670049764223,22.03120570388399,22.678427197976,11.354672030112797,26.67344198782702,19.66365878045474,20.59168168748981,20.04234830553455,16.534889211687943,2.6971664497983867,2.841034913176806,-0.19272223503497088,2.0,8.0,0.9749279121818236,-0.22252093395631434,-0.8048754217549614,-0.5934438098546255
2021-08-26,24.02036875563712,1,3,18,0,0,0,0,0,0,0,1,0,0,0,0,0,0,0,0,0,18.350227062317835,22.48570496294103,19.644670049764223,23.746717089245763,22.03120570388399,8.223350253389679,26.44734238010257,10.764577193448828,20.160200691674348,19.516494213882243,17.034571713988303,2.6157493019960762,-4.135477900623194,-3.6809786415661563,3.0,8.0,0.43388373911755823,-0.900968867902419,-0.8149647071196691,-0.5795105919216249
2021-08-27,24.665183227741394,1,3,18,0,0,0,0,0,0,0,1,0,0,0,0,0,0,0,0,0,24.02036875563712,18.350227062317835,22.48570496294103,16.449054040314923,23.746717089245763,8.527918781293,18.01944873849844,10.262525875724874,21.61876692696531,19.555587309081005,18.16293017843455,2.679936387790469,5.670141693319284,0.2736516663913555,4.0,8.0,-0.433883739117558,-0.9009688679024191,-0.8248128214120084,-0.5654058804384355
2021-08-28,27.3325381242883,1,2,24,0,0,0,1,0,0,0,1,0,0,0,0,0,0,0,0,0,24.665183227741394,24.02036875563712,18.350227062317835,16.29441624282769,16.449054040314923,15.440190850081336,10.852567223199038,10.65989847661625,22.345259681898767,20.72932005014193,19.315591924609436,2.8557784770079726,0.6448144721042759,8.216129187426471,5.0,8.0,-0.9749279121818236,-0.2225209339563146,-0.8344168502968383,-0.5511338493875183
2021-08-29,19.71837841589505,2,2,19,0,0,0,1,0,1,0,1,0,0,0,0,0,0,0,0,0,27.3325381242883,24.665183227741394,24.02036875563712,19.644670049764223,16.29441624282769,9.746192892906285,15.680465143783213,26.499761971934728,25.339363369222255,22.306194604636307,20.165045301338502,3.0146470676755013,2.667354896546904,11.038121881460608,6.0,8.0,-0.7818314824680299,0.6234898018587334,-0.8437739516707836,-0.536698722265919
2021-08-30,22.55465277354856,2,3,26,0,0,0,0,0,1,0,1,0,0,0,0,0,0,0,0,0,19.71837841589505,27.3325381242883,24.665183227741394,19.644670049764223,19.644670049764223,15.221258819130284,11.687803886730135,26.090461238746663,23.905366589308233,22.316724371226424,20.877344267266274,3.005447010658782,-7.614159708393249,0.07370836613082687,0.0,8.0,0.0,1.0,-0.8528813565032917,-0.5221047708354187
2021-08-31,25.62884789210601,2,2,27,0,0,0,0,0,1,0,1,1,0,0,0,0,0,0,0,0,22.55465277354856,19.71837841589505,27.3325381242883,22.48570496294103,19.644670049764223,22.678427197976,14.942846597953263,20.54874754626089,23.20185643791062,22.732436188909897,21.40115812115329,2.8014282978866047,2.8362743576535117,2.9099827237843385,1.0,8.0,0.7818314824680298,0.6234898018587336,-0.8617363696560699,-0.507356313858394
2021-09-01,28.329526672152603,1,3,28,0,0,0,0,0,0,0,1,1,0,0,0,0,0,0,0,0,25.62884789210601,22.55465277354856,19.71837841589505,18.350227062317835,22.48570496294103,22.03120570388399,11.354672030112797,26.67344198782702,22.63395969384986,23.18145660736204,21.61190245644829,2.972564853567007,3.074195118557448,3.1431429291649806,2.0,9.0,0.9749279121818236,-0.22252093395631434,-0.8703363706806498,-0.4924577158197792
2021-09-02,33.42626221515266,1,2,31,0,0,0,0,0,0,0,1,1,0,0,0,0,0,0,0,0,28.329526672152603,25.62884789210601,22.55465277354856,24.02036875563712,18.350227062317835,23.746717089245763,8.223350253389679,26.44734238010257,25.50434244593571,24.60707083733843,22.061782525610337,2.693595780649697,2.7006787800465943,9.979299609834769,3.0,9.0,0.43388373911755823,-0.900968867902419,-0.878678814593855,-0.4774133856354865
2021-09-03,34.13772445425633,1,2,32,0,0,0,0,0,0,0,1,1,0,0,0,0,0,0,0,0,33.42626221515266,28.329526672152603,25.62884789210601,24.665183227741394,24.02036875563712,16.449054040314923,8.527918781293,18.01944873849844,29.128212259803746,25.950769902983513,22.75317860603226,4.063486092708834,5.096735543000058,9.405893459515543,4.0,9.0,-0.433883739117558,-0.9009688679024191,-0.8867612326309313,-0.46222777534768655
2021-09-04,42.170706006931816,1,2,20,0,0,0,1,0,0,0,1,1,0,0,0,0,0,0,0,0,34.13772445425633,33.42626221515266,28.329526672152603,27.3325381242883,24.665183227741394,16.29441624282769,15.440190850081336,10.852567223199038,31.96450444718718,27.303990078199927,24.01665506417093,4.900998329877317,0.7114622391036676,9.472541226514934,5.0,9.0,-0.9749279121818236,-0.2225209339563146,-0.8945812329761252,-0.44690537880732156
2021-09-05,29.7714398803128,1,2,21,0,0,0,1,0,0,0,1,1,0,0,0,0,0,0,0,0,42.170706006931816,34.13772445425633,33.42626221515266,19.71837841589505,27.3325381242883,19.644670049764223,9.746192892906285,15.680465143783213,36.57823089211359,29.423728347149,25.864961475892652,7.14846524606069,8.032981552675487,14.838167882643518,6.0,9.0,-0.7818314824680299,0.6234898018587334,-0.9021365014704882,-0.4314507303442513
2021-09-06,27.113606093337246,1,2,28,0,0,0,0,0,0,0,1,1,0,0,0,0,0,0,0,0,29.7714398803128,42.170706006931816,34.13772445425633,22.55465277354856,19.71837841589505,19.644670049764223,15.221258819130284,11.687803886730135,35.3599567805003,30.85987998492297,26.58830217807469,5.966492783565788,-12.399266126619015,10.053061464417752,0.0,9.0,0.0,1.0,-0.9094248022967037,-0.4158684034254122
2021-09-07,31.50845399599479,1,2,24,0,0,0,0,0,0,0,1,1,0,0,0,0,0,0,0,0,27.113606093337246,29.7714398803128,42.170706006931816,25.62884789210601,22.55465277354856,22.48570496294103,22.678427197976,14.942846597953263,33.01858399352728,31.511159030607068,27.12179760975848,5.227425906084041,-2.657833786975555,4.558953319788685,1.0,9.0,0.7818314824680298,0.6234898018587336,-0.9164439786407274,-0.4001630093014021
2021-09-08,35.15134819927558,1,2,24,0,0,0,0,0,0,0,1,1,0,0,0,0,0,0,0,0,31.50845399599479,27.113606093337246,29.7714398803128,28.329526672152603,25.62884789210601,18.350227062317835,22.03120570388399,11.354672030112797,29.4644999898816,32.35110275973403,27.76627968354803,4.655898807435714,4.394847902657542,5.879606103888779,2.0,9.0,0.9749279121818236,-0.22252093395631434,-0.9231919533300499,-0.38433919564187974
2021-09-09,31.00875621106878,1,2,38,0,0,0,0,0,0,0,1,1,0,0,0,0,0,0,0,0,35.15134819927558,31.50845399599479,27.113606093337246,33.42626221515266,28.329526672152603,24.02036875563712,23.746717089245763,8.223350253389679,31.257802762869193,33.325648692180174,28.966359764759307,4.420114378091895,3.642894203280793,6.821821527122978,3.0,9.0,0.43388373911755823,-0.900968867902419,-0.9296667294483892,-0.3684016451601911
2021-09-10,33.20738367339141,1,2,36,0,0,0,0,0,0,0,1,1,0,0,0,0,0,0,0,0,31.00875621106878,35.15134819927558,31.50845399599479,34.13772445425633,33.42626221515266,24.665183227741394,16.449054040314923,8.527918781293,32.55618613544637,32.980290691596764,29.465530297290137,4.492610447898387,-4.142591988206803,-2.417506004083883,4.0,9.0,-0.433883739117558,-0.9009688679024191,-0.9358663909266379,-0.35235507422761664
2021-09-11,34.694548896610385,1,2,42,0,0,0,1,0,0,0,1,1,0,0,0,0,0,0,0,0,33.20738367339141,31.00875621106878,35.15134819927558,42.170706006931816,34.13772445425633,27.3325381242883,16.29441624282769,15.440190850081336,33.122496027911914,32.84738486575892,30.075687471979425,4.470108836220642,2.1986274623226336,-0.9303407808649169,5.0,9.0,-0.9749279121818236,-0.2225209339563146,-0.9417891031098783,-0.3362042314776705
2021-09-12,33.51435922328246,1,2,48,0,0,0,1,0,0,0,1,1,0,0,0,0,0,0,0,0,34.694548896610385,33.20738367339141,31.00875621106878,29.7714398803128,42.170706006931816,19.71837841589505,19.644670049764223,9.746192892906285,32.97022959369017,31.779362421427287,30.601545384288148,2.6288537784110906,1.4871652232189732,-7.476157110321431,6.0,9.0,-0.7818314824680299,0.6234898018587334,-0.9474331133003114,-0.3199538964008396
2021-09-13,35.98658486280667,1,2,38,0,0,0,0,0,0,0,1,1,0,0,0,0,0,0,0,0,33.51435922328246,34.694548896610385,33.20738367339141,27.113606093337246,29.7714398803128,22.55465277354856,19.644670049764223,15.221258819130284,33.80543059776141,32.31406518470867,31.586972584815815,2.545394074844373,-1.1801896733279236,3.7429193429696603,0.0,9.0,0.0,1.0,-0.9527967512759288,-0.3036088779302013
2021-09-14,24.103651719791458,1,2,28,0,0,0,0,0,0,0,1,1,0,0,0,0,0,0,0,0,35.98658486280667,33.51435922328246,34.694548896610385,31.50845399599479,27.113606093337246,25.62884789210601,22.48570496294103,22.678427197976,34.73183099423316,33.58163358034715,32.54639630547711,1.7133399102090754,2.4722256395242113,8.872978769469427,1.0,9.0,0.7818314824680298,0.6234898018587336,-0.9578784297847783,-0.287174013018322
2021-09-15,20.191866404904985,1,2,51,0,0,0,0,0,0,0,1,1,0,0,0,0,0,0,0,0,24.103651719791458,35.98658486280667,33.51435922328246,35.15134819927558,31.50845399599479,28.329526672152603,18.350227062317835,22.03120570388399,31.201531935293513,32.52380468374668,32.43745372174036,3.746422832403403,-11.882933143015215,-7.4048022762033305,2.0,9.0,0.9749279121818236,-0.22252093395631434,-0.9626766450146765,-0.2706541652058703
2021-09-16,18.84270378128066,1,2,46,0,0,0,0,0,0,0,1,1,0,0,0,0,0,0,0,0,20.191866404904985,24.103651719791458,35.98658486280667,31.00875621106878,35.15134819927558,33.42626221515266,24.02036875563712,23.746717089245763,26.760700995834355,30.38673585597945,31.856192274079813,5.496142320351874,-3.9117853148864725,-14.959481794370596,3.0,9.0,0.43388373911755823,-0.900968867902419,-0.9671899770382298,-0.25405422318235227
2021-09-17,23.66343412509143,2,2,59,0,0,0,0,0,1,0,1,1,0,0,0,0,0,0,0,0,18.84270378128066,20.191866404904985,24.103651719791458,33.20738367339141,31.00875621106878,34.13772445425633,24.665183227741394,16.449054040314923,21.04607396865902,28.64872836600972,30.814509528803246,6.794810412704006,-1.3491626236243235,-12.166052429788117,4.0,9.0,-0.433883739117558,-0.9009688679024191,-0.971417090233031,-0.23737909933941392
2021-09-18,16.446647018327187,1,2,40,0,1,0,0,1,0,0,1,1,0,0,0,0,0,0,0,0,23.66343412509143,18.84270378128066,20.191866404904985,34.694548896610385,33.20738367339141,42.170706006931816,27.3325381242883,16.29441624282769,20.89933477042568,27.285307001966864,30.06634593386289,6.700165622234934,4.820730343810769,-9.543949548299981,5.0,9.0,-0.9749279121818236,-0.2225209339563146,-0.9753567336769071,-0.2206337283171249
2021-09-19,22.342834830181133,1,3,23,0,1,0,0,1,0,0,1,1,0,0,0,0,0,0,0,0,16.446647018327187,23.66343412509143,18.84270378128066,33.51435922328246,34.694548896610385,29.7714398803128,19.71837841589505,19.644670049764223,19.65092830823308,24.678463876497833,28.22891314896256,6.858319273279207,-7.216787106764244,-18.247901878283198,6.0,9.0,-0.7818314824680299,0.6234898018587334,-0.9790077415181033,-0.2038230655436782
2021-09-20,19.751648810204955,2,2,29,0,0,1,0,1,1,0,1,1,0,0,0,0,0,0,0,0,22.342834830181133,16.446647018327187,23.66343412509143,35.98658486280667,33.51435922328246,27.113606093337246,22.55465277354856,19.644670049764223,20.81763865786657,23.082531820340506,27.698298502524583,5.840852742869556,5.896187811853945,-11.171524393101329,0.0,9.0,0.0,1.0,-0.9823690333202907,-0.1869520857689416
2021-09-21,19.977694928739613,2,2,34,0,1,0,0,1,1,0,1,1,0,0,0,0,0,0,0,0,19.751648810204955,22.342834830181133,16.446647018327187,24.103651719791458,35.98658486280667,31.50845399599479,25.62884789210601,22.48570496294103,19.513710219571077,20.7632552413974,27.17244441087228,2.5561079539074454,-2.5911860199761776,-16.234936052601718,1.0,9.0,0.7818314824680298,0.6234898018587336,-0.9854396143822979,-0.17002578159228698
2021-09-22,19.223441185754712,2,2,23,0,0,0,0,0,1,0,1,1,0,0,0,0,0,0,0,0,19.977694928739613,19.751648810204955,22.342834830181133,20.191866404904985,24.103651719791458,35.15134819927558,28.329526672152603,18.350227062317835,20.690726189708553,20.17383284267571,26.348818763211195,2.1634212365521894,0.22604611853465784,-4.125956791051845,2.0,9.0,0.9749279121818236,-0.22252093395631434,-0.9882185760324722,-0.1530491619851375
2021-09-23,20.66300086111698,2,3,16,0,0,0,0,0,1,0,1,1,0,0,0,0,0,0,0,0,19.223441185754712,19.977694928739613,19.751648810204955,18.84270378128066,20.191866404904985,31.00875621106878,33.42626221515266,24.02036875563712,19.65092830823308,20.0354863827971,25.211111119388274,2.1886617247861437,-0.7542537429849006,-0.9684252191502729,3.0,9.0,0.43388373911755823,-0.900968867902419,-0.9907050958975805,-0.13602725080867392
2021-09-24,20.90332864400864,1,3,21,0,0,0,0,0,0,0,1,1,0,0,0,0,0,0,0,0,20.66300086111698,19.223441185754712,19.977694928739613,23.66343412509143,18.84270378128066,33.20738367339141,34.13772445425633,24.665183227741394,19.954712325203754,20.295528822773715,24.472128594391716,2.139070913494401,1.4395596753622684,1.820297079836319,4.0,9.0,-0.433883739117558,-0.9009688679024191,-0.9928984381461724,-0.11896508532713071
2021-09-25,21.79799200857593,1,3,31,0,0,0,1,0,0,0,1,1,0,0,0,0,0,0,0,0,20.90332864400864,20.66300086111698,19.223441185754712,16.446647018327187,23.66343412509143,34.694548896610385,42.170706006931816,27.3325381242883,20.263256896960097,19.90122803976189,23.593267520864377,1.6889427527992713,0.2403277828916579,-2.7601054810827925,5.0,9.0,-0.9749279121818236,-0.2225209339563146,-0.994797953706334,-0.10186771471713056
2021-09-26,19.868255657858988,1,2,36,0,0,0,0,0,0,0,1,1,0,0,0,0,0,0,0,0,21.79799200857593,20.90332864400864,20.66300086111698,22.342834830181133,16.446647018327187,33.51435922328246,29.7714398803128,19.71837841589505,21.12144050456717,20.66570589551171,22.67208488600477,1.0378750359572295,0.8946633645672897,5.351344990248741,6.0,9.0,-0.7818314824680299,0.6234898018587334,-0.9964030804577665,-0.08474019857348533
2021-09-27,17.36746668962076,1,2,46,0,0,0,0,0,0,0,1,1,0,0,0,0,0,0,0,0,19.868255657858988,21.79799200857593,20.90332864400864,19.751648810204955,22.342834830181133,35.98658486280667,27.113606093337246,22.55465277354856,20.856525436814504,20.312194585179974,21.69736320276024,0.8007733604944353,-1.92973635071694,-2.4745791723221444,0.0,9.0,0.0,1.0,-0.9977133433981337,-0.06758760541192248
2021-09-28,23.580204650126888,1,2,58,0,0,0,0,0,0,0,1,1,0,0,0,0,0,0,0,0,17.36746668962076,19.868255657858988,21.79799200857593,19.977694928739613,19.751648810204955,24.103651719791458,31.50845399599479,25.62884789210601,19.677904785351874,19.97159713938223,20.367426190389814,1.311151636463043,-2.500788968238229,-2.384182120584196,1.0,9.0,0.7818314824680298,0.6234898018587336,-0.9987283547836282,-0.050415011169167266
2021-09-29,25.45522136540352,1,2,48,0,0,0,0,0,0,0,1,1,0,0,0,0,0,0,0,0,23.580204650126888,17.36746668962076,19.868255657858988,19.223441185754712,19.977694928739613,20.191866404904985,35.15134819927558,28.329526672152603,20.271975665868865,20.4862413852947,20.330037113985206,1.8205897938073818,6.212737960506129,3.6025097213872748,2.0,9.0,0.9749279121818236,-0.22252093395631434,-0.999447814243716,-0.03322749770082888
2021-09-30,26.011992318567785,1,2,58,0,1,0,0,1,0,0,1,1,0,0,0,0,0,0,0,0,25.45522136540352,23.580204650126888,17.36746668962076,20.66300086111698,19.223441185754712,18.84270378128066,31.00875621106878,33.42626221515266,22.134297568383705,21.376495696673096,20.705991039735096,2.4127654230742044,1.875016715276633,6.231780179648808,3.0,9.0,0.43388373911755823,-0.900968867902419,-0.9998715088700244,-0.01603015127753844
2021-10-01,25.219600648107733,2,2,52,0,1,0,0,1,1,0,1,1,0,0,0,0,0,0,0,0,26.011992318567785,25.45522136540352,23.580204650126888,20.90332864400864,20.66300086111698,23.66343412509143,33.20738367339141,34.13772445425633,25.01580611136605,22.140637333451785,21.218083078112752,2.8695800058867773,0.5567709531642642,5.348991457450804,4.0,10.0,-0.433883739117558,-0.9009688679024191,-0.9999993132793479,0.001171938920223869
2021-10-02,27.43010275279964,1,2,36,0,0,1,0,1,0,0,1,1,0,0,0,0,0,0,0,0,25.219600648107733,26.011992318567785,25.45522136540352,21.79799200857593,20.90332864400864,16.446647018327187,34.694548896610385,42.170706006931816,25.562271444026333,22.757247619751656,21.32923782975677,2.9983102492457587,-0.7923916704600522,4.316272004099094,5.0,10.0,-0.9749279121818236,-0.2225209339563146,-0.9998311896507523,0.018373682308162793
2021-10-03,17.812444839106462,1,3,24,0,0,1,0,1,0,0,1,1,0,0,0,0,0,0,0,0,27.43010275279964,25.219600648107733,26.011992318567785,19.868255657858988,21.79799200857593,22.342834830181133,33.51435922328246,29.7714398803128,26.22056523982504,23.56183486892647,22.11377038221909,3.3660687059294268,2.2105021046919084,5.632110744223713,6.0,10.0,-0.7818314824680299,0.6234898018587334,-0.9993671877367676,0.03556998840461302
2021-10-04,12.432536520143689,1,2,32,0,0,1,0,1,0,0,1,1,0,0,0,0,0,0,0,0,17.812444839106462,27.43010275279964,25.219600648107733,17.36746668962076,19.868255657858988,19.751648810204955,35.98658486280667,27.113606093337246,23.487382746671262,23.268147609104684,21.79017109714233,3.7439879924211206,-9.61765791369318,-2.0558108187525264,0.0,10.0,0.0,1.0,-0.9986074448486638,0.05275576833695822
2021-10-05,17.091461490431463,1,3,34,0,0,1,0,1,0,0,1,1,0,0,0,0,0,0,0,0,12.432536520143689,17.812444839106462,27.43010275279964,23.580204650126888,17.36746668962076,19.977694928739613,24.103651719791458,31.50845399599479,19.22502803734992,22.563157584893673,21.267377362137953,5.031834065367494,-5.379908318962773,-4.93493016947707,1.0,10.0,0.7818314824680298,0.6234898018587336,-0.9975521858158177,0.06992593634756863
2021-10-06,17.44598909898943,1,3,43,0,0,1,0,1,0,0,1,1,0,0,0,0,0,0,0,0,17.091461490431463,12.432536520143689,17.812444839106462,25.45522136540352,23.580204650126888,19.223441185754712,20.191866404904985,35.15134819927558,15.778814283227192,21.636194276365757,21.06121783083023,5.3469046455403255,4.658924970287774,-6.488743159695424,2.0,10.0,0.9749279121818236,-0.22252093395631434,-0.9962017229191789,0.08707541129882572
2021-10-07,20.84384845378266,2,4,32,1,1,0,0,1,1,0,1,1,0,0,0,0,0,0,0,0,17.44598909898943,17.091461490431463,12.432536520143689,26.011992318567785,25.45522136540352,20.66300086111698,18.84270378128066,31.00875621106878,15.656662369854848,20.4920182383066,20.93425696748985,5.263548570780152,0.35452760855796583,-8.009232266414092,3.0,10.0,0.43388373911755823,-0.900968867902419,-0.9945564557988568,0.10419911817677069
2021-10-08,37.53082325426389,2,3,10,0,0,0,0,0,1,0,1,1,0,0,0,0,0,0,0,0,20.84384845378266,17.44598909898943,17.091461490431463,25.219600648107733,26.011992318567785,20.90332864400864,23.66343412509143,33.20738367339141,18.460433014401172,19.753711971908725,20.947174652680253,4.777515830152193,3.39785935479323,-5.168143864785126,4.0,10.0,-0.433883739117558,-0.9009688679024191,-0.9926168713358567,0.12129198959294538
2021-10-09,37.26433916464593,2,5,16,1,0,0,0,0,1,0,1,1,0,0,0,0,0,0,0,0,37.53082325426389,20.84384845378266,17.44598909898943,27.43010275279964,25.219600648107733,21.79799200857593,16.446647018327187,34.694548896610385,25.273553602345313,21.512458058502464,22.13485283912706,7.785242766160296,16.686974800481234,12.31122260615616,5.0,10.0,-0.9749279121818236,-0.2225209339563146,-0.9903835435079973,0.13834896728397644
2021-10-10,31.325199381341378,2,3,26,0,0,0,1,0,1,0,1,1,0,0,0,0,0,0,0,0,37.26433916464593,37.53082325426389,20.84384845378266,17.812444839106462,27.43010275279964,19.868255657858988,22.342834830181133,33.51435922328246,31.87967029089748,22.917348974480507,23.23959192170349,9.43819931940644,-0.2664840896179612,9.834236411846291,6.0,10.0,-0.7818314824680299,0.6234898018587334,-0.9878571332200545,0.1553650036084558
2021-10-11,22.87355645499869,2,4,40,1,0,0,0,0,1,0,1,1,0,0,0,0,0,0,0,0,31.325199381341378,37.26433916464593,37.53082325426389,12.432536520143689,17.812444839106462,17.36746668962076,19.751648810204955,35.98658486280667,35.37345393341705,24.847742480514064,24.057945044809372,9.577534825724374,-5.9391397833045545,13.512754542234916,0.0,10.0,0.0,1.0,-0.9850383881081815,0.17233506304068183
2021-10-12,22.385786800894124,2,5,24,1,0,0,0,0,1,0,1,1,0,0,0,0,0,0,0,0,22.87355645499869,31.325199381341378,37.26433916464593,17.091461490431463,12.432536520143689,23.580204650126888,19.977694928739613,24.103651719791458,30.487698333661985,26.33931675692192,24.4512371709078,8.248729149185632,-8.45164292634269,10.441019934855,1.0,10.0,0.7818314824680298,0.6234898018587336,-0.9819281423186611,0.18925412366081565
2021-10-13,20.18239878452344,2,4,17,1,0,0,0,0,1,0,1,1,0,0,0,0,0,0,0,0,22.385786800894124,22.87355645499869,31.325199381341378,17.44598909898943,17.091461490431463,25.45522136540352,19.223441185754712,20.191866404904985,25.52818087907805,27.09564894413087,24.36592161024831,7.581877184423469,-0.4877696541045644,5.294325310462661,2.0,10.0,0.9749279121818236,-0.22252093395631434,-0.9785273162610595,0.20611717864100626
2021-10-14,21.03181013403196,2,3,22,0,0,0,0,0,1,0,1,1,0,0,0,0,0,0,0,0,20.18239878452344,22.385786800894124,22.87355645499869,20.84384845378266,17.44598909898943,26.011992318567785,20.66300086111698,18.84270378128066,21.813914013472072,27.486564613492874,23.98929142589974,7.131433623615894,-2.2033880163706847,2.73640968553401,3.0,10.0,0.43388373911755823,-0.900968867902419,-0.9748369163358501,0.22291923772705394
2021-10-15,21.662342941779222,2,3,27,0,0,0,0,0,1,0,1,1,0,0,0,0,0,0,0,0,21.03181013403196,20.18239878452344,22.385786800894124,37.53082325426389,20.84384845378266,25.219600648107733,20.90332864400864,23.66343412509143,21.199998573149827,27.513416282099918,23.63356412700432,7.106682459118237,0.8494113495085216,0.18796168024930182,4.0,10.0,-0.433883739117558,-0.9009688679024191,-0.9708580346365923,0.23965532871516415
2021-10-16,14.162436547504443,1,4,28,1,0,0,1,0,0,0,1,1,0,0,0,0,0,0,0,0,21.662342941779222,21.03181013403196,20.18239878452344,37.26433916464593,37.53082325426389,27.43010275279964,21.79799200857593,16.446647018327187,20.958850620111523,25.246490523173538,23.379474290838,5.99343091625727,0.6305328077472616,-15.868480312484671,5.0,10.0,-0.9749279121818236,-0.2225209339563146,-0.9665918486267487,0.2563204989233681
2021-10-17,16.29441624282769,1,4,20,1,0,0,1,0,0,0,1,1,0,0,0,0,0,0,0,0,14.162436547504443,21.662342941779222,21.03181013403196,31.325199381341378,37.26433916464593,17.812444839106462,19.868255657858988,22.342834830181133,18.952196541105195,21.946218720724747,22.431783847602627,4.6848312640993575,-7.499906394274779,-23.10190261714149,6.0,10.0,-0.7818314824680299,0.6234898018587334,-0.962039620791242,0.2729098166571578
2021-10-18,19.28056784318275,1,2,31,0,0,0,0,0,0,0,1,1,0,0,0,0,0,0,0,0,16.29441624282769,14.162436547504443,21.662342941779222,22.87355645499869,31.325199381341378,12.432536520143689,17.36746668962076,19.751648810204955,17.373065244037104,19.798963986651366,22.32335323358271,3.0551170325378707,2.1319796953232473,-15.030783138513687,0.0,10.0,0.0,1.0,-0.9572026982628482,0.28941837266891457
2021-10-19,26.84712200371929,1,2,35,0,0,0,0,0,0,0,1,1,0,0,0,0,0,0,0,0,19.28056784318275,16.29441624282769,14.162436547504443,22.385786800894124,22.87355645499869,17.091461490431463,23.580204650126888,19.977694928739613,16.579140211171616,19.28567989924909,22.812498328085503,2.7853589769159544,2.986151600355061,-3.5929886118159367,1.0,10.0,0.7818314824680298,0.6234898018587336,-0.9520825124235439,0.30584128161069496
2021-10-20,21.94551571774192,1,2,32,0,0,0,0,0,0,0,1,1,0,0,0,0,0,0,0,0,26.84712200371929,19.28056784318275,16.29441624282769,20.18239878452344,22.385786800894124,17.44598909898943,25.45522136540352,19.223441185754712,20.807368696576564,19.923013499652683,23.509331221891777,3.761248984849256,7.566554160536537,4.461335202825165,2.0,10.0,0.9749279121818236,-0.22252093395631434,-0.9466805784809191,0.32217368347993974
2021-10-21,12.306462052108117,2,3,28,0,0,0,0,0,1,0,1,1,0,0,0,0,0,0,0,0,21.94551571774192,26.84712200371929,19.28056784318275,21.03181013403196,20.18239878452344,20.84384845378266,26.011992318567785,20.66300086111698,22.691068521547972,20.174887347255325,23.830725980374098,3.828616104559227,-4.901606285977369,1.7631169332184804,3.0,10.0,0.43388373911755823,-0.900968867902419,-0.9409984950197837,0.33841074505769186
2021-10-22,17.208121826537656,1,4,20,1,0,0,0,0,0,0,1,1,0,0,0,0,0,0,0,0,12.306462052108117,21.94551571774192,26.84712200371929,21.662342941779222,21.03181013403196,37.53082325426389,25.219600648107733,20.90332864400864,20.36636659118976,18.928409049837633,23.220912665968775,4.673786349324369,-9.639053665633803,-8.725348081923844,4.0,10.0,-0.433883739117558,-0.9009688679024191,-0.935037943529103,0.3545476613388757
2021-10-23,20.782014730758743,1,3,37,0,0,0,1,0,0,0,1,1,0,0,0,0,0,0,0,0,17.208121826537656,12.306462052108117,21.94551571774192,14.162436547504443,21.662342941779222,37.26433916464593,27.43010275279964,21.79799200857593,17.153366532129215,18.292091747660265,21.7692911354169,4.560085329961441,4.90165977442954,-4.454221115241566,5.0,10.0,-0.9749279121818236,-0.2225209339563146,-0.9288006879043954,0.3705796569542396
2021-10-24,37.81875658653511,1,3,26,0,0,0,1,0,0,0,1,1,0,0,0,0,0,0,0,0,20.782014730758743,17.208121826537656,12.306462052108117,16.29441624282769,14.162436547504443,31.325199381341378,17.812444839106462,19.868255657858988,16.76553286980149,19.237745773839453,20.5919822472821,4.283631322416118,3.5738929042210863,6.6195781832542995,6.0,10.0,-0.7818314824680299,0.6234898018587334,-0.9222885739257473,0.38650198758351995
2021-10-25,34.05920204488765,1,3,28,0,0,0,0,0,0,0,1,1,0,0,0,0,0,0,0,0,37.81875658653511,20.782014730758743,17.208121826537656,19.28056784318275,16.29441624282769,22.87355645499869,12.432536520143689,17.36746668962076,25.269631047943818,22.312651537226227,21.055807761938798,7.54843348991895,17.036741855776366,21.52434034370742,0.0,10.0,0.0,1.0,-0.915503528711595,0.40230994135941717
2021-10-26,28.236722598426923,1,2,42,0,0,0,0,0,0,0,1,1,0,0,0,0,0,0,0,0,34.05920204488765,37.81875658653511,20.782014730758743,26.84712200371929,19.28056784318275,22.385786800894124,17.091461490431463,23.580204650126888,30.88665778739382,24.423884994612642,21.854782446930866,8.421390344850165,-3.7595545416474607,14.778634201704897,1.0,10.0,0.7818314824680298,0.6234898018587336,-0.9084475601484346,0.41799884026197515
2021-10-27,47.7290014058599,1,2,41,0,0,0,0,0,0,0,1,1,0,0,0,0,0,0,0,0,28.236722598426923,34.05920204488765,37.81875658653511,21.94551571774192,26.84712200371929,20.18239878452344,17.44598909898943,25.45522136540352,33.37156040994987,24.622399365285162,22.272706432468926,8.492252811370074,-5.822479446460726,1.389600594707634,2.0,10.0,0.9749279121818236,-0.22252093395631434,-0.9011227562966325,0.43356404150293626
2021-10-28,37.9352564542867,1,2,44,0,0,0,0,0,0,0,1,1,0,0,0,0,0,0,0,0,47.7290014058599,28.236722598426923,34.05920204488765,12.306462052108117,21.94551571774192,21.03181013403196,20.84384845378266,26.011992318567785,36.67497534972481,28.30575446358773,24.240320905421527,11.567245153098858,19.492278807432974,25.783485688117977,3.0,10.0,0.43388373911755823,-0.900968867902419,-0.8935312847725092,0.4490009388996743
2021-10-29,37.89722550519114,1,2,44,0,0,0,0,0,0,0,1,1,0,0,0,0,0,0,0,0,37.9352564542867,47.7290014058599,28.236722598426923,17.208121826537656,12.306462052108117,21.662342941779222,37.53082325426389,25.219600648107733,37.966993486191164,31.967010806756097,25.447709928296863,9.85266090143985,-9.793744951573196,25.628794402178585,4.0,10.0,-0.433883739117558,-0.9009688679024191,-0.8856753921068801,0.46430496423829476
2021-10-30,41.14991468361632,1,2,47,0,0,0,1,0,0,0,0,1,1,0,0,0,0,0,0,0,37.89722550519114,37.9352564542867,47.7290014058599,20.782014730758743,17.208121826537656,14.162436547504443,37.26433916464593,27.43010275279964,41.18716112177923,34.92259704656374,26.607344397112,7.889583550152572,-0.038030949095563926,20.68910367865348,5.0,10.0,-0.9749279121818236,-0.2225209339563146,-0.8775574030802451,0.4794715886254953
2021-10-31,34.11868223511364,1,2,46,0,0,0,1,0,0,0,0,1,1,0,0,0,0,0,0,0,41.14991468361632,37.89722550519114,37.9352564542867,37.81875658653511,20.782014730758743,16.29441624282769,31.325199381341378,17.812444839106462,38.994132214364704,37.8322970398291,28.53502140683428,5.545624253549467,3.252689178425186,20.36789995285758,6.0,10.0,-0.7818314824680299,0.6234898018587334,-0.869179720034818,0.49449632382879777
2021-11-01,25.409915861154964,1,2,46,0,0,0,0,0,0,0,0,1,1,0,0,0,0,0,0,0,34.11868223511364,41.14991468361632,37.89722550519114,34.05920204488765,37.81875658653511,19.28056784318275,22.87355645499869,12.432536520143689,37.72194080797369,37.30371498962604,29.808183263426134,5.696021132813947,-7.031232448502685,-3.7000743514214705,0.0,11.0,0.0,1.0,-0.8605448221636071,0.5093747236047407
2021-11-02,29.692917470944145,1,2,38,0,0,0,0,0,0,0,0,1,1,0,0,0,0,0,0,0,25.409915861154964,34.11868223511364,41.14991468361632,28.236722598426923,34.05920204488765,26.84712200371929,22.385786800894124,17.091461490431463,33.55950425996162,36.06810267766422,30.24599383613843,7.0443597111426275,-8.708766373958674,-8.649286183732684,1.0,11.0,0.7818314824680298,0.6234898018587336,-0.8516552647767522,0.5241023850146458
2021-11-03,26.199900509627284,1,2,47,0,0,0,0,0,0,0,0,1,1,0,0,0,0,0,0,0,29.692917470944145,25.409915861154964,34.11868223511364,47.7290014058599,28.236722598426923,21.94551571774192,20.18239878452344,17.44598909898943,29.740505189070902,36.27613051659525,30.449264940940207,6.8282037962504285,4.283001609789181,1.456194872517223,2.0,11.0,0.9749279121818236,-0.22252093395631434,-0.8425136785453353,0.5386749497275768
2021-11-04,24.7793830534077,1,2,40,0,0,0,0,0,0,0,0,1,1,0,0,0,0,0,0,0,26.199900509627284,29.692917470944145,25.409915861154964,37.9352564542867,47.7290014058599,12.306462052108117,21.03181013403196,20.84384845378266,27.10091128057545,33.200544674276316,30.753149568932024,5.738567905157826,-3.4930169613168616,-21.529100896232613,3.0,11.0,0.43388373911755823,-0.900968867902419,-0.8331227687228905,0.55308810531009
2021-11-05,27.04701181552766,1,2,34,0,0,0,0,0,0,0,0,1,1,0,0,0,0,0,0,0,24.7793830534077,26.199900509627284,29.692917470944145,37.89722550519114,37.9352564542867,17.208121826537656,21.662342941779222,37.53082325426389,26.89073367799303,31.321134188436456,31.644072497596277,6.027215801201631,-1.420517456219585,-13.155873400879003,4.0,11.0,-0.433883739117558,-0.9009688679024191,-0.8234853143448451,0.5673375865024032
2021-11-06,28.165314276641872,1,2,32,0,0,0,1,0,0,0,0,1,1,0,0,0,0,0,0,0,27.04701181552766,24.7793830534077,26.199900509627284,41.14991468361632,37.89722550519114,20.782014730758743,14.162436547504443,37.26433916464593,26.00876512618753,29.771103661341673,32.3468503539527,5.509683615593903,2.267628762119962,-10.850213689663477,5.0,11.0,-0.9749279121818236,-0.2225209339563146,-0.8136041674061217,0.5814191764806106
2021-11-07,27.16597219597962,1,2,29,0,0,0,1,0,0,0,0,1,1,0,0,0,0,0,0,0,28.165314276641872,27.04701181552766,24.7793830534077,34.11868223511364,41.14991468361632,37.81875658653511,16.29441624282769,31.325199381341378,26.66390304852573,27.916160746059607,32.87422889294435,2.964355423607518,1.1183024611142116,-12.984600406974451,6.0,11.0,-0.7818314824680299,0.6234898018587334,-0.8034822520171546,0.5953287081045576
2021-11-08,10.812182740567913,1,4,24,1,0,0,0,0,0,0,0,1,1,0,0,0,0,0,0,0,27.16597219597962,28.165314276641872,27.04701181552766,25.409915861154964,34.11868223511364,34.05920204488765,19.28056784318275,22.87355645499869,27.45943276271637,26.922916454754752,32.11331572219039,1.5444644020929628,-0.9993420806622524,-6.952710039134018,0.0,11.0,0.0,1.0,-0.7931225635385611,0.6090620651510165
2021-11-09,8.37563451734134,1,3,36,0,0,0,0,0,0,0,0,1,1,0,0,0,0,0,0,0,10.812182740567913,27.16597219597962,28.165314276641872,29.692917470944145,25.409915861154964,28.236722598426923,26.84712200371929,22.385786800894124,22.04782307106312,24.837526008956598,30.45281434331041,5.8982102474097875,-16.353789455411707,-14.597733120587051,1.0,11.0,0.7818314824680298,0.6234898018587336,-0.7825281676947325,0.62261518353179
2021-11-10,11.930485202419735,1,3,42,0,0,0,0,0,0,0,0,1,1,0,0,0,0,0,0,0,8.37563451734134,10.812182740567913,27.16597219597962,26.199900509627284,29.692917470944145,47.7290014058599,21.94551571774192,20.18239878452344,15.451263151296276,21.792199872727625,29.034165194661444,7.801310834534072,-2.4365482232265734,-21.317282953602806,2.0,11.0,0.9749279121818236,-0.22252093395631434,-0.7717021996665964,0.6359840524963944
2021-11-11,18.661856188614976,1,2,43,0,0,0,0,0,0,0,0,1,1,0,0,0,0,0,0,0,11.930485202419735,8.37563451734134,10.812182740567913,24.7793830534077,26.199900509627284,37.9352564542867,12.306462052108117,21.03181013403196,10.372767486776315,19.753711971697978,26.477128322987145,8.235469593989368,3.554850685078396,-14.269415307207549,3.0,11.0,0.43388373911755823,-0.900968867902419,-0.7606478631638292,0.649164715818952
2021-11-12,20.936599038318555,1,2,52,0,0,0,0,0,0,0,0,1,1,0,0,0,0,0,0,0,18.661856188614976,11.930485202419735,8.37563451734134,27.04701181552766,24.7793830534077,37.89722550519114,17.208121826537656,21.662342941779222,12.989325302792002,18.879779562441875,25.100456875439164,7.976296941317945,6.731370986195241,-6.117526864792723,4.0,11.0,-0.433883739117558,-0.9009688679024191,-0.7493684294767903,0.6621532729689469
2021-11-13,12.82038801220135,1,2,52,0,0,0,1,0,0,0,0,1,1,0,0,0,0,0,0,0,20.936599038318555,18.661856188614976,11.930485202419735,28.165314276641872,27.04701181552766,41.14991468361632,20.782014730758743,14.162436547504443,17.176313476451075,18.006863451412,23.88898355637684,7.344017353258943,2.2747428497035784,-6.110412777209106,5.0,11.0,-0.9749279121818236,-0.2225209339563146,-0.7378672365084513,0.6749458802655077
2021-11-14,13.196311372699936,1,2,43,0,0,0,1,0,0,0,0,1,1,0,0,0,0,0,0,0,12.82038801220135,20.936599038318555,18.661856188614976,27.16597219597962,28.165314276641872,34.11868223511364,37.81875658653511,16.29441624282769,17.47294774637828,15.814731127920497,21.865445936990053,6.1830347569762,-8.116211026117204,-15.344926264440522,6.0,11.0,-0.7818314824680299,0.6234898018587334,-0.7261476877866176,0.6875387520148583
2021-11-15,13.73404010672152,1,2,52,0,0,0,0,0,0,0,0,1,1,0,0,0,0,0,0,0,13.196311372699936,12.82038801220135,20.936599038318555,10.812182740567913,27.16597219597962,25.409915861154964,34.05920204488765,19.28056784318275,15.651099474406601,13.8190652960234,20.370990875389076,4.101151494797516,0.3759233604985859,-13.969660823279684,0.0,11.0,0.0,1.0,-0.7142132514567308,0.6999281616306094
2021-11-16,23.1351195222616,1,2,60,0,0,0,0,0,0,0,0,1,1,0,0,0,0,0,0,0,13.73404010672152,13.196311372699936,12.82038801220135,8.37563451734134,10.812182740567913,29.692917470944145,28.236722598426923,26.84712200371929,13.25024649720759,14.236473491188203,19.5369997500724,3.9184979712300274,0.5377287340215844,2.921857366153608,1.0,11.0,0.7818314824680298,0.6234898018587336,-0.7020674592555421,0.7121104427365658
2021-11-17,10.619407017080777,1,2,64,0,0,0,0,0,0,0,0,1,1,0,0,0,0,0,0,0,23.1351195222616,13.73404010672152,13.196311372699936,11.930485202419735,8.37563451734134,26.199900509627284,47.7290014058599,21.94551571774192,16.68849033389434,16.34497134903395,19.068585610880792,4.161018241573114,9.40107941554008,14.759485004920261,2.0,11.0,0.9749279121818236,-0.22252093395631434,-0.6897139054659751,0.7240819902517062
2021-11-18,12.732344493261344,1,3,47,0,0,0,0,0,0,0,0,1,1,0,0,0,0,0,0,0,10.619407017080777,23.1351195222616,13.73404010672152,18.661856188614976,11.930485202419735,24.7793830534077,37.9352564542867,12.306462052108117,15.829522215354617,16.1576744654141,17.95569321855604,4.37929132834003,-12.515712505180824,-1.3110781853389586,3.0,11.0,0.43388373911755823,-0.900968867902419,-0.6771562458534737,0.7358392614570317
2021-11-19,16.372831674554398,1,2,50,0,0,0,0,0,0,0,0,1,1,0,0,0,0,0,0,0,12.732344493261344,10.619407017080777,23.1351195222616,20.936599038318555,18.661856188614976,27.04701181552766,37.89722550519114,17.208121826537656,15.495623677534558,15.31060136607787,17.095190464259872,4.38644954434028,2.1129374761805675,-5.929511695353632,4.0,11.0,-0.433883739117558,-0.9009688679024191,-0.6643981965841613,0.7473787770439526
2021-11-20,12.406380213417409,1,3,35,0,0,0,1,0,0,0,0,1,1,0,0,0,0,0,0,0,16.372831674554398,12.732344493261344,10.619407017080777,12.82038801220135,20.936599038318555,28.165314276641872,41.14991468361632,20.782014730758743,13.241527728298825,14.658634599825847,16.332749025618924,3.802022694856193,3.6404871812930537,-4.563767363764157,5.0,11.0,-0.9749279121818236,-0.2225209339563146,-0.6514435331251178,0.7586971221439182
2021-11-21,17.614908560096033,2,2,39,0,0,0,1,0,1,0,0,1,1,0,0,0,0,0,0,0,12.406380213417409,16.372831674554398,12.732344493261344,13.196311372699936,12.82038801220135,27.16597219597962,34.11868223511364,37.81875658653511,13.837185460411035,14.599490628570999,15.207110878245748,3.8332501920552877,-3.966451461136989,-0.4140077987839419,6.0,11.0,-0.7818314824680299,0.6234898018587334,-0.6382960891271152,0.7697909473389706
2021-11-22,9.441624365002964,2,4,27,1,0,0,0,0,1,0,0,1,1,0,0,0,0,0,0,0,17.614908560096033,12.406380213417409,16.372831674554398,13.73404010672152,13.196311372699936,10.812182740567913,25.409915861154964,34.05920204488765,15.464706816022598,15.23071879819901,14.524892047111207,3.9131890448835214,5.208528346678625,4.418597187396097,0.0,11.0,0.0,1.0,-0.6249597552901307,0.7806569696529327
2021-11-23,8.984771573147983,1,3,51,0,0,0,0,0,0,0,0,1,1,0,0,0,0,0,0,0,9.441624365002964,17.614908560096033,12.406380213417409,23.1351195222616,13.73404010672152,8.37563451734134,29.692917470944145,28.236722598426923,13.154304379505454,14.617516549382074,14.426995020285137,4.405074797033778,-8.17328419509307,-4.292415741718557,1.0,11.0,0.7818314824680298,0.6234898018587336,-0.6114384782119812,0.791291973522932
2021-11-24,14.42410659388456,1,2,57,0,0,0,0,0,0,0,0,1,1,0,0,0,0,0,0,0,8.984771573147983,9.441624365002964,17.614908560096033,10.619407017080777,23.1351195222616,11.930485202419735,26.199900509627284,47.7290014058599,12.013768166082313,12.596038270937271,14.470504809985613,3.080037623247781,-0.4568527918549812,-14.150347949113618,2.0,11.0,0.9749279121818236,-0.22252093395631434,-0.5977362592204096,0.8016928117509794
2021-11-25,17.6053874505247,1,2,59,0,0,0,0,0,0,0,0,1,1,0,0,0,0,0,0,0,14.42410659388456,8.984771573147983,9.441624365002964,12.732344493261344,10.619407017080777,18.661856188614976,24.7793830534077,37.9352564542867,10.950167510678488,13.13956678190924,14.648620623661673,3.018353910620758,5.439335020736577,3.804699576803783,3.0,11.0,0.43388373911755823,-0.900968867902419,-0.5838571531889813,0.8118564064353119
2021-11-26,13.667445828911925,1,2,59,0,0,0,0,0,0,0,0,1,1,0,0,0,0,0,0,0,17.6053874505247,14.42410659388456,8.984771573147983,16.372831674554398,12.732344493261344,20.936599038318555,27.04701181552766,37.89722550519114,13.671421872519067,13.835715775804005,14.573158570940937,3.383966029217219,3.1812808566401394,4.873042957263355,4.0,11.0,-0.433883739117558,-0.9009688679024191,-0.5698052673371348,0.8217797498812296
2021-11-27,10.719325178390068,1,2,51,0,0,0,1,0,0,0,0,1,1,0,0,0,0,0,0,0,13.667445828911925,17.6053874505247,14.42410659388456,12.406380213417409,16.372831674554398,12.82038801220135,28.165314276641872,41.14991468361632,15.232313291107047,13.449232083569367,14.053933341697606,3.2227839072335613,-3.937941621612774,-2.705385845642473,5.0,11.0,-0.9749279121818236,-0.2225209339563146,-0.555584760014732,0.8314599054911623
2021-11-28,12.425368943370287,1,2,56,0,0,0,1,0,0,0,0,1,1,0,0,0,0,0,0,0,10.719325178390068,13.667445828911925,17.6053874505247,17.614908560096033,12.406380213417409,13.196311372699936,27.16597219597962,34.11868223511364,13.997386152608883,13.208224221422606,13.9038574249968,3.3522404224555755,-2.9481206505218562,-1.68705503502734,6.0,11.0,-0.7818314824680299,0.6234898018587334,-0.5411998394714944,0.8408940086336855
2021-11-29,14.54306697433653,1,2,54,0,0,0,0,0,0,0,0,1,1,0,0,0,0,0,0,0,12.425368943370287,10.719325178390068,13.667445828911925,9.441624365002964,17.614908560096033,13.73404010672152,10.812182740567913,25.409915861154964,12.270713316890747,12.466861419033211,13.848790108616111,2.828661340177792,1.706043764980219,-5.189539616725746,0.0,11.0,0.0,1.0,-0.5266547626116581,0.8500792674912487
2021-11-30,11.421319796374554,1,4,53,1,0,0,0,0,0,0,0,1,1,0,0,0,0,0,0,0,14.54306697433653,12.425368943370287,10.719325178390068,8.984771573147983,9.441624365002964,23.1351195222616,8.37563451734134,29.692917470944145,12.562587032032281,13.195638934652294,13.906577742017182,2.6035697594375904,2.117698030966242,5.101442609333565,1.0,11.0,0.7818314824680298,0.6234898018587336,-0.5119538337342339,0.8590129638863552
2021-12-01,23.544527233829253,1,4,45,1,0,0,0,0,0,0,0,1,1,0,0,0,0,0,0,0,11.421319796374554,14.54306697433653,12.425368943370287,14.42410659388456,8.984771573147983,10.619407017080777,11.930485202419735,26.199900509627284,12.796585238027108,13.543717252256089,13.06987776159668,2.1387153456416015,-3.121747177961975,2.4365482232265716,2.0,12.0,0.9749279121818236,-0.22252093395631434,-0.49710140325924973,0.8676924540859421
2021-12-02,21.20072959513857,1,3,49,0,0,0,0,0,0,0,0,1,1,0,0,0,0,0,0,0,23.544527233829253,11.421319796374554,14.54306697433653,17.6053874505247,14.42410659388456,12.732344493261344,18.661856188614976,24.7793830534077,16.502971334846766,14.846634486533901,13.993100634221571,4.129626149921563,12.123207437454699,9.120420639944694,3.0,12.0,0.43388373911755823,-0.900968867902419,-0.4821018664403299,0.8761151695837427
2021-12-03,19.968173819168268,1,3,49,0,0,0,0,0,0,0,0,1,1,0,0,0,0,0,0,0,21.20072959513857,23.544527233829253,11.421319796374554,13.667445828911925,17.6053874505247,16.372831674554398,20.936599038318555,27.04701181552766,18.722192208447446,15.360254792907313,14.597985284355659,4.6336324992361675,-2.3437976386906847,3.59534214461387,4.0,12.0,-0.433883739117558,-0.9009688679024191,-0.4669596620640253,0.8842786178603729
2021-12-04,25.71448438905828,1,2,46,0,0,0,1,0,0,0,0,1,1,0,0,0,0,0,0,0,19.968173819168268,21.20072959513857,23.544527233829253,10.719325178390068,13.667445828911925,12.406380213417409,12.82038801220135,28.165314276641872,21.571143549378686,16.260358791515362,14.854795437542364,4.825377203193037,-1.232555775970301,6.300727990256343,5.0,12.0,-0.9749279121818236,-0.2225209339563146,-0.45167927113624246,0.892180383120943
2021-12-05,24.12264044974436,1,2,53,0,0,0,1,0,0,0,0,1,1,0,0,0,0,0,0,0,25.71448438905828,19.968173819168268,21.20072959513857,12.425368943370287,10.719325178390068,17.614908560096033,13.196311372699936,27.16597219597962,22.294462601121694,18.40252439303939,15.805374307230997,5.203641295608366,5.746310569890014,14.995159210668213,6.0,12.0,-0.7818314824680299,0.6234898018587334,-0.4362652155561949,0.8998181270099568
2021-12-06,19.86584863587126,1,2,46,0,0,0,0,0,0,0,0,1,1,0,0,0,0,0,0,0,24.12264044974436,25.71448438905828,19.968173819168268,14.54306697433653,12.425368943370287,9.441624365002964,13.73404010672152,10.812182740567913,23.26843288599029,20.07356317966426,16.270212299348735,4.884259341151138,-1.5918439393139217,11.697271506374072,0.0,12.0,0.0,1.0,-0.4207220567782361,0.9071895893033003
2021-12-07,28.236669109237123,1,2,49,0,0,0,0,0,0,0,0,1,1,0,0,0,0,0,0,0,19.86584863587126,24.12264044974436,25.71448438905828,11.421319796374554,14.54306697433653,8.984771573147983,23.1351195222616,8.37563451734134,23.234324491557953,20.833960559883508,17.014799747267897,4.349076305952839,-4.2567918138731,5.32278166153473,1.0,12.0,0.7818314824680298,0.6234898018587336,-0.4050543944620073,0.9142925885771013
2021-12-08,19.38760009207565,1,2,50,0,0,0,0,0,0,0,0,1,1,0,0,0,0,0,0,0,28.236669109237123,19.86584863587126,24.12264044974436,23.544527233829253,11.421319796374554,14.42410659388456,10.619407017080777,11.930485202419735,24.075052731617564,23.236153318863874,18.38993528555998,2.8836938209208283,8.370820473365864,16.81534931286257,2.0,12.0,0.9749279121818236,-0.22252093395631434,-0.3892668651112589,0.9211250228532786
2021-12-09,18.73085748841231,1,2,57,0,0,0,0,0,0,0,0,1,1,0,0,0,0,0,0,0,19.38760009207565,28.236669109237123,19.86584863587126,21.20072959513857,23.544527233829253,17.6053874505247,12.732344493261344,18.661856188614976,22.496705945727996,22.642306584327645,18.74447053543077,3.1725951573903077,-8.849069017161472,-4.156927141753602,3.0,12.0,0.43388373911755823,-0.900968867902419,-0.3733641407017845,0.9276848702215738
2021-12-10,22.140591485574824,1,2,45,0,0,0,0,0,0,0,0,1,1,0,0,0,0,0,0,0,18.73085748841231,19.38760009207565,28.236669109237123,19.968173819168268,21.20072959513857,13.667445828911925,16.372831674554398,20.936599038318555,22.11837556324168,22.28946771193818,18.824861252422746,3.4394215284793246,-0.6567426036633428,-2.4698721067262603,4.0,12.0,-0.433883739117558,-0.9009688679024191,-0.35735092729884943,0.9339701894378923
2021-12-11,20.90803570960453,1,2,51,0,0,0,1,0,0,0,0,1,1,0,0,0,0,0,0,0,22.140591485574824,18.73085748841231,19.38760009207565,25.71448438905828,19.968173819168268,10.719325178390068,12.406380213417409,12.82038801220135,20.08634968868758,22.5998130928534,19.43008594218438,3.3116008679434445,3.4097339971625154,2.172417666406556,5.0,12.0,-0.9749279121818236,-0.2225209339563146,-0.3412319636645278,0.9399791204987749
2021-12-12,27.444330927966863,1,2,51,0,0,0,1,0,0,0,0,1,1,0,0,0,0,0,0,0,20.90803570960453,22.140591485574824,18.73085748841231,24.12264044974436,25.71448438905828,12.425368943370287,17.614908560096033,13.196311372699936,20.593161561197206,21.913177567217154,20.15785098012827,3.0851616576203833,-1.2325557759702939,-4.8064486794537515,6.0,12.0,-0.7818314824680299,0.6234898018587334,-0.32501201985537936,0.9457098851918206
2021-12-13,14.86908474337026,1,3,74,0,0,0,0,0,0,0,0,1,1,0,0,0,0,0,0,0,27.444330927966863,20.90803570960453,22.140591485574824,19.86584863587126,24.12264044974436,14.54306697433653,9.441624365002964,13.73404010672152,23.49765270771539,22.387704778391797,21.230633979028024,3.600858150247109,6.5362952183623335,3.3216904782225036,0.0,12.0,0.0,1.0,-0.30869589581084605,0.9511607876219137
2021-12-14,23.81807192184103,1,2,62,0,0,0,0,0,0,0,0,1,1,0,0,0,0,0,0,0,14.86908474337026,27.444330927966863,20.90803570960453,28.236669109237123,19.86584863587126,11.421319796374554,8.984771573147983,23.1351195222616,21.073817126980536,21.67388136517737,21.253920962530437,4.429871615329195,-12.575246184596603,-4.996763892500999,1.0,12.0,0.7818314824680298,0.6234898018587336,-0.2922884199328186,0.9563302147130855
2021-12-15,19.39947473444493,1,2,37,0,0,0,0,0,0,0,0,1,1,0,0,0,0,0,0,0,23.81807192184103,14.86908474337026,27.444330927966863,19.38760009207565,28.236669109237123,23.544527233829253,14.42410659388456,10.619407017080777,22.04382919772604,21.042653195549352,22.139403257206613,3.705296688581225,8.948987178470771,-4.418597187396092,2.0,12.0,0.9749279121818236,-0.22252093395631434,-0.27579444765677436,0.9612166366858694
2021-12-16,20.072852535263223,1,3,29,0,0,0,0,0,0,0,0,1,1,0,0,0,0,0,0,0,19.39947473444493,23.81807192184103,14.86908474337026,18.73085748841231,19.38760009207565,21.20072959513857,17.6053874505247,12.732344493261344,19.36221046655206,21.04434957303068,21.84332807867916,3.7045412167986584,-4.418597187396102,0.011874642369278376,3.0,12.0,0.43388373911755823,-0.900968867902419,-0.2592188600149208,0.9658186075100049
2021-12-17,13.705583755649464,1,3,34,0,0,0,0,0,0,0,0,1,1,0,0,0,0,0,0,0,20.072852535263223,19.39947473444493,23.81807192184103,22.140591485574824,18.73085748841231,19.968173819168268,13.667445828911925,16.372831674554398,21.09679973051638,21.23606315115224,21.76276543154521,3.6134601854982287,0.6733778008182938,1.341995046850915,4.0,12.0,-0.433883739117558,-0.9009688679024191,-0.24256656219175124,0.9701347653323611
2021-12-18,13.553299491697802,1,3,57,0,0,0,1,0,0,0,0,1,1,0,0,0,0,0,0,0,13.705583755649464,20.072852535263223,19.39947473444493,20.90803570960453,22.140591485574824,25.71448438905828,10.719325178390068,12.406380213417409,17.725970341785857,20.03106204687719,21.315437569865292,4.425985223241383,-6.3672687796137595,-8.43500772992536,5.0,12.0,-0.9749279121818236,-0.2225209339563146,-0.22584248207247404,0.9741638328799443
2021-12-19,19.74694174460908,2,3,54,0,0,0,1,0,1,0,0,1,1,0,0,0,0,0,0,0,13.553299491697802,13.705583755649464,20.072852535263223,27.444330927966863,20.90803570960453,24.12264044974436,12.425368943370287,17.614908560096033,15.777245260870147,18.98038544431908,20.446781505768115,4.936602244292616,-0.15228426395166217,-7.354736217906728,6.0,12.0,-0.7818314824680299,0.6234898018587334,-0.20905156878470177,0.9779046178378825
2021-12-20,19.680293977609697,2,3,43,0,0,0,0,0,1,0,0,1,1,0,0,0,0,0,0,0,19.74694174460908,13.553299491697802,13.705583755649464,14.86908474337026,27.444330927966863,19.86584863587126,14.54306697433653,9.441624365002964,15.6686083306521,17.880758418125115,20.134231598258452,3.6070421254359184,6.19364225291128,-7.697389183357782,0.0,12.0,0.0,1.0,-0.1921987912338717,0.9813560132022622
2021-12-21,15.08325621953564,2,3,17,0,0,0,0,0,1,0,0,1,1,0,0,0,0,0,0,0,19.680293977609697,19.74694174460908,13.553299491697802,23.81807192184103,14.86908474337026,28.236669109237123,11.421319796374554,8.984771573147983,17.660178404638845,18.56807402301646,20.120977694096915,3.4212905038936907,-0.06664776699938457,4.811209234239437,1.0,12.0,0.7818314824680298,0.6234898018587336,-0.17528913663280452,0.9845169976077234
2021-12-22,26.328381999650592,1,2,25,0,0,0,0,0,0,0,0,1,1,0,0,0,0,0,0,0,15.08325621953564,19.680293977609697,19.74694174460908,19.39947473444493,23.81807192184103,19.38760009207565,23.544527233829253,14.42410659388456,18.170163980584793,17.320243208401404,19.18144820197538,2.81877648170539,-4.597037758074057,-8.734815702305392,2.0,12.0,0.9749279121818236,-0.22252093395631434,-0.15832760902584103,0.9873866356297114
2021-12-23,27.32296352552716,1,1,39,0,0,0,0,0,0,0,0,1,1,0,0,0,0,0,0,0,26.328381999650592,15.08325621953564,19.680293977609697,20.072852535263223,19.39947473444493,18.73085748841231,21.20072959513857,17.6053874505247,20.36397739893196,18.310087103430785,19.677218338230734,4.235619876451434,11.245125780114952,6.9289072652056625,3.0,12.0,0.43388373911755823,-0.900968867902419,-0.14131922780801567,0.9899640780612932
2021-12-24,19.65167715970588,1,1,59,0,0,0,0,0,0,0,0,1,1,0,0,0,0,0,0,0,27.32296352552716,26.328381999650592,15.08325621953564,13.705583755649464,20.072852535263223,22.140591485574824,19.968173819168268,13.667445828911925,22.91153391490445,19.345817244897063,20.29094019802465,5.294185100051578,0.9945815258765691,7.250110990263938,4.0,12.0,-0.433883739117558,-0.9009688679024191,-0.1242690262396651,0.9922485621644637
2021-12-25,20.667707926712865,2,2,46,0,0,0,1,0,1,0,0,1,1,0,0,0,0,0,0,0,19.65167715970588,27.32296352552716,26.328381999650592,13.553299491697802,13.705583755649464,20.90803570960453,25.71448438905828,10.719325178390068,24.434340894961196,20.195259159762266,20.113160603319727,4.772379260201406,-7.671286365821281,5.946093404056416,5.0,12.0,-0.9749279121818236,-0.2225209339563146,-0.10718204995695312,0.9942394118958598
2021-12-26,14.314720811456102,2,3,50,0,0,0,1,0,1,0,0,1,1,0,0,0,0,0,0,0,20.667707926712865,19.65167715970588,27.32296352552716,19.74694174460908,13.553299491697802,27.444330927966863,24.12264044974436,12.425368943370287,22.547449537315288,21.21160322190727,20.09599433311318,3.933484813731577,1.0160307670069848,7.114408435015063,6.0,12.0,-0.7818314824680299,0.6234898018587334,-0.09006335547871394,0.9959360381068229
2021-12-27,10.96446700451957,1,3,21,0,0,0,0,0,0,0,0,1,1,0,0,0,0,0,0,0,14.314720811456102,20.667707926712865,19.65167715970588,19.680293977609697,19.74694174460908,14.86908474337026,19.86584863587126,14.54306697433653,18.211368632624936,20.435571660028277,19.158165039076692,4.621568971437584,-6.352987115256763,-5.43222093315298,0.0,12.0,0.0,1.0,-0.07291800871009775,0.9973379387177418
2021-12-28,19.75881638697836,1,2,60,0,0,0,0,0,0,0,0,1,1,0,0,0,0,0,0,0,10.96446700451957,14.314720811456102,20.667707926712865,15.08325621953564,19.680293977609697,23.81807192184103,28.236669109237123,11.421319796374554,15.315631914229499,19.190453521015403,18.87926377201593,5.704527563531457,-3.350253806936532,-8.715826973090127,1.0,12.0,0.7818314824680298,0.6234898018587336,-0.055751083443415735,0.9984446988666349
2021-12-29,20.0847806668223,1,2,65,0,0,0,0,0,0,0,0,0,1,1,0,0,0,0,0,0,19.75881638697836,10.96446700451957,14.314720811456102,26.328381999650592,15.08325621953564,19.39947473444493,19.38760009207565,23.544527233829253,15.012668067651328,19.858390687792934,18.58931694809717,5.452685175009957,8.79434938245879,4.67556016744272,2.0,12.0,0.9749279121818236,-0.22252093395631434,-0.03856765985666961,0.9992559910319179
2021-12-30,16.132557380852532,1,2,48,0,0,0,0,0,0,0,0,0,1,1,0,0,0,0,0,0,20.0847806668223,19.75881638697836,10.96446700451957,27.32296352552716,26.328381999650592,20.072852535263223,18.73085748841231,21.20072959513857,16.936021352773395,18.966447640246034,18.638267371838406,4.792016536029114,0.32596427984394083,-6.243601332828291,3.0,12.0,0.43388373911755823,-0.900968867902419,-0.021372823010177244,0.999771575129327
2021-12-31,17.357945580049417,1,2,50,0,1,0,0,1,0,0,0,0,1,1,0,0,0,0,0,0,16.132557380852532,20.0847806668223,19.75881638697836,19.65167715970588,27.32296352552716,13.705583755649464,22.140591485574824,19.968173819168268,18.658718144884386,17.3678181910068,18.35681771795193,3.4028185968303712,-3.952223285969769,-11.190406144674629,4.0,12.0,-0.433883739117558,-0.9009688679024191,-0.004171661341762418,0.9999912985829675
2022-01-01,20.88423293567617,1,2,68,0,1,0,0,1,0,0,0,0,1,1,0,0,0,0,0,0,17.357945580049417,16.132557380852532,20.0847806668223,20.667707926712865,19.65167715970588,13.553299491697802,20.90803570960453,25.71448438905828,17.858427875908067,17.04014225105588,18.61770070540907,3.2751598837466496,1.2253881991968854,-2.2937315796564626,5.0,1.0,-0.9749279121818236,-0.2225209339563146,0.01720192860577051,0.9998520358794305
2022-01-02,19.356629741373904,1,2,79,0,0,1,0,1,0,0,0,0,1,1,0,0,0,0,0,0,20.88423293567617,17.357945580049417,16.132557380852532,14.314720811456102,20.667707926712865,19.74694174460908,27.444330927966863,24.12264044974436,18.124911965526028,17.07107439519349,19.141338808550383,3.3101102425818443,3.526287355626753,0.2165250089633055,6.0,1.0,-0.7818314824680299,0.6234898018587334,0.03439876667506451,0.999408187304484
2022-01-03,20.09900884198952,1,2,42,0,1,0,0,1,0,0,0,0,1,1,0,0,0,0,0,0,19.356629741373904,20.88423293567617,17.357945580049417,10.96446700451957,14.314720811456102,19.680293977609697,14.86908474337026,19.86584863587126,19.199602752366484,17.791347099467465,19.11345937974787,3.1778819880213276,-1.5276031943022659,5.041908929917803,0.0,1.0,0.0,1.0,0.05158542517783902,0.9986685856224885
2022-01-04,23.4587837584974,1,2,48,0,0,0,0,0,0,0,0,0,1,1,0,0,0,0,0,0,20.09900884198952,19.356629741373904,20.88423293567617,19.75881638697836,10.96446700451957,15.08325621953564,23.81807192184103,28.236669109237123,20.113290506346516,19.09628164767746,19.143367584346432,1.580757918118084,0.7423791006156151,9.13454183746995,1.0,1.0,0.7818314824680298,0.6234898018587336,0.06875681809647223,0.9976334497024689
2022-01-05,19.14967933117171,1,2,39,0,0,0,0,0,0,0,0,0,1,1,0,0,0,0,0,0,23.4587837584974,20.09900884198952,19.356629741373904,20.0847806668223,19.75881638697836,26.328381999650592,19.39947473444493,19.38760009207565,20.971474113953594,19.62484841503732,19.741619551415123,2.208048969535829,3.359774916507881,3.6999673715190404,2.0,1.0,0.9749279121818236,-0.22252093395631434,0.08590786393085985,0.9963030858703775
2022-01-06,16.758329633814117,1,2,58,0,0,0,0,0,0,0,0,0,1,1,0,0,0,0,0,0,19.14967933117171,23.4587837584974,20.09900884198952,16.132557380852532,20.0847806668223,27.32296352552716,20.072852535263223,18.73085748841231,20.902490643886196,19.49126250994438,19.228855075095204,2.2044660314536486,-4.309104427325689,-0.9351013356505895,3.0,1.0,0.43388373911755823,-0.900968867902419,0.1030334872021744,0.9946778878184431
2022-01-07,18.740378597983643,1,2,54,0,0,0,0,0,0,0,0,0,1,1,0,0,0,0,0,0,16.758329633814117,19.14967933117171,23.4587837584974,17.357945580049417,16.132557380852532,19.65167715970588,13.705583755649464,22.140591485574824,19.78893090782773,19.580658546081747,18.474238368544274,2.075357930889345,-2.391349697357594,0.6257722529615855,4.0,1.0,-0.433883739117558,-0.9009688679024191,0.12012861995484278,0.9927583364886667
2022-01-08,23.206581333236443,1,2,49,0,0,0,1,0,0,0,0,0,1,1,0,0,0,0,0,0,18.740378597983643,16.758329633814117,19.14967933117171,20.88423293567617,17.357945580049417,20.667707926712865,13.553299491697802,20.90803570960453,18.216129187656474,19.77814897721521,18.409145614135547,1.9139478257637104,1.9820489641695254,1.3824330179342255,5.0,1.0,-0.9749279121818236,-0.2225209339563146,0.13718820325629746,0.9905449999304973
2022-01-24,24.33916545870767,2,2,27,0,0,0,0,0,1,0,0,0,1,1,0,0,0,0,0,0,23.206581333236443,18.740378597983643,16.758329633814117,19.356629741373904,20.88423293567617,14.314720811456102,19.74694174460908,27.444330927966863,19.568429855011388,20.109913034009534,18.590493714601514,2.2488927094144833,4.4662027352528,2.3223483975602726,0.0,1.0,0.0,1.0,0.4012367508679725,0.9159743826946868
2022-01-25,19.218627141779244,2,2,19,0,0,0,0,0,1,0,0,0,1,1,0,0,0,0,0,0,24.33916545870767,23.206581333236443,18.740378597983643,20.09900884198952,19.356629741373904,10.96446700451957,19.680293977609697,14.86908474337026,22.095375129975906,20.821703850771502,19.306525475119482,2.6504782887586513,1.1325841254712259,4.982535717333764,1.0,1.0,0.7818314824680298,0.6234898018587336,0.4169339081608189,0.908936805408245
2022-01-26,23.932271747507325,1,2,26,0,0,0,0,0,0,0,0,0,1,1,0,0,0,0,0,0,19.218627141779244,24.33916545870767,23.206581333236443,23.4587837584974,20.09900884198952,19.75881638697836,15.08325621953564,23.81807192184103,22.254791311241103,20.695935036455747,19.896108342066604,2.7021707784372544,-5.120538316928425,-0.8803817002102754,2.0,1.0,0.9749279121818236,-0.22252093395631434,0.43250768293555203,0.9016302480516722
2022-01-27,30.849304370343702,2,2,43,0,0,0,0,0,1,0,0,0,1,1,0,0,0,0,0,0,23.932271747507325,19.218627141779244,24.33916545870767,19.14967933117171,23.4587837584974,20.0847806668223,26.328381999650592,19.39947473444493,22.496688115998065,20.76357617774288,20.1942122963901,2.7754176877243406,4.713644605728081,0.47348798900992506,3.0,1.0,0.43388373911755823,-0.900968867902419,0.44795346647239487,0.8940568728416358
2022-01-28,26.085700683960987,2,2,33,0,0,0,0,0,1,0,0,0,1,1,0,0,0,0,0,0,30.849304370343702,23.932271747507325,19.218627141779244,16.758329633814117,19.14967933117171,16.132557380852532,27.32296352552716,20.072852535263223,24.666734419876743,22.434951183338878,20.96310684664163,4.366813036458113,6.917032622836377,11.699625039171991,4.0,1.0,-0.433883739117558,-0.9009688679024191,0.4632666879277925,0.8862189209537411
2022-01-29,16.29912330916119,2,2,19,0,0,0,0,0,1,0,0,0,1,1,0,0,0,0,0,0,26.085700683960987,30.849304370343702,23.932271747507325,18.740378597983643,16.758329633814117,17.357945580049417,19.65167715970588,13.705583755649464,26.95575893393732,23.767432761931286,21.674045654006516,3.820224044783781,-4.763603686382716,9.32737105014687,5.0,1.0,-0.9749279121818236,-0.2225209339563146,0.4784428156870534,0.8781187118593045
2022-01-30,14.923857867262749,1,3,17,0,1,0,0,1,0,0,0,0,1,1,0,0,0,0,0,0,16.29912330916119,26.085700683960987,30.849304370343702,23.206581333236443,18.740378597983643,20.88423293567617,20.667707926712865,13.553299491697802,24.411376121155275,23.41868200638522,21.598415491800218,4.339383846239392,-9.786577374799798,-2.441255288822454,6.0,1.0,-0.7818314824680299,0.6234898018587334,0.4934773587053823,0.8697586426389562
2022-02-01,18.347820040330102,2,3,21,0,0,1,0,1,1,0,0,0,1,1,0,0,0,0,0,0,14.923857867262749,16.29912330916119,26.085700683960987,24.33916545870767,23.206581333236443,19.356629741373904,14.314720811456102,19.74694174460908,19.102893953461628,22.23543579696041,21.17267441548497,5.266176635164471,-1.3752654418984402,-8.282723465973694,1.0,2.0,0.7818314824680298,0.6234898018587336,0.523103937151309,0.852268895910674
2022-02-02,19.99438361508435,2,2,13,0,0,1,0,1,1,0,0,0,1,1,0,0,0,0,0,0,18.347820040330102,14.923857867262749,16.29912330916119,19.218627141779244,24.33916545870767,20.09900884198952,10.96446700451957,19.680293977609697,16.523600405584663,21.379529308620757,21.10061657969613,5.341056086490732,3.4239621730673537,-5.991345418377566,2.0,2.0,0.9749279121818236,-0.22252093395631434,0.5376872052376563,0.8431443941127276
2022-02-03,19.90874711813208,1,3,7,0,0,1,0,1,0,0,0,0,1,1,0,0,0,0,0,0,19.99438361508435,18.347820040330102,14.923857867262749,23.932271747507325,19.218627141779244,23.4587837584974,19.75881638697836,15.08325621953564,17.755353840892386,21.490351661950058,21.093143349202904,5.302981911730118,1.6465635747542464,0.7757564733051048,3.0,2.0,0.43388373911755823,-0.900968867902419,0.5521113564950746,0.8337703820772051
2022-02-04,10.65989847661625,1,3,16,0,0,1,0,1,0,0,0,0,1,1,0,0,0,0,0,0,19.90874711813208,19.99438361508435,18.347820040330102,30.849304370343702,23.932271747507325,19.14967933117171,20.0847806668223,26.328381999650592,19.416983591182163,20.915562429182167,20.839569303462522,5.224627678969707,-0.08563649695226871,-4.023524629375245,4.0,2.0,-0.433883739117558,-0.9009688679024191,0.5663721224098525,0.8241496338390009
2022-02-05,19.4923322973604,1,2,20,0,0,1,0,1,0,0,0,0,1,1,0,0,0,0,0,0,10.65989847661625,19.90874711813208,19.99438361508435,26.085700683960987,30.849304370343702,16.758329633814117,16.132557380852532,27.32296352552716,16.85434306994421,18.031361587221102,20.23315638527999,4.461682151770365,-9.24884864151583,-20.189405893727454,5.0,2.0,-0.9749279121818236,-0.2225209339563146,0.5804652828186154,0.8142849964492191
2022-02-06,22.704530015512496,2,2,27,0,1,0,0,1,1,0,0,0,1,1,0,0,0,0,0,0,19.4923322973604,10.65989847661625,19.90874711813208,16.29912330916119,26.085700683960987,18.740378597983643,17.357945580049417,19.65167715970588,16.686992630702893,17.08945181770673,20.42844228981901,3.171253749302377,8.832433820744148,-6.593368386600588,6.0,2.0,-0.7818314824680299,0.6234898018587334,0.5943866671571916,0.8041793891326524
2022-02-07,15.242654571070918,2,3,26,0,0,0,0,0,1,0,0,0,1,1,0,0,0,0,0,0,22.704530015512496,19.4923322973604,10.65989847661625,14.923857867262749,16.29912330916119,23.206581333236443,20.88423293567617,20.667707926712865,17.618920263163034,18.00450991861406,20.711595962499644,3.692484976602585,3.2121977181520975,6.405406706351307,0.0,2.0,0.0,1.0,0.6081321556947994,0.7938358024238994
2022-02-08,21.022289024460616,1,2,11,0,0,0,0,0,0,0,0,0,1,1,0,0,0,0,0,0,15.242654571070918,22.704530015512496,19.4923322973604,18.347820040330102,14.923857867262749,24.33916545870767,19.356629741373904,14.314720811456102,19.146505627981256,18.05005230487237,20.142744050916388,3.6559936357729343,-7.461875444441578,0.3187967038081698,1.0,2.0,0.7818314824680298,0.6234898018587336,0.6216976807531925,0.7832572972823819
2022-02-09,14.721561034204278,1,2,22,0,0,0,0,0,0,0,0,0,1,1,0,0,0,0,0,0,21.022289024460616,15.242654571070918,22.704530015512496,19.99438361508435,18.347820040330102,19.218627141779244,20.09900884198952,10.96446700451957,19.65649120368133,18.432119302605297,19.90582430561303,3.803902609001472,5.779634453389697,2.674468984130513,2.0,2.0,0.9749279121818236,-0.22252093395631434,0.6350792279104001,0.7724470041865203
2022-02-10,19.028311928732013,1,2,27,0,0,0,0,0,0,0,0,0,1,1,0,0,0,0,0,0,14.721561034204278,21.022289024460616,15.242654571070918,19.90874711813208,19.99438361508435,23.932271747507325,23.4587837584974,19.75881638697836,16.995501543245258,17.67885893390815,19.5846052979291,3.9396063982365312,-6.300727990256338,-5.272822580880071,3.0,2.0,0.43388373911755823,-0.900968867902419,0.6482728371887081,0.7614081222073368
2022-02-11,19.508967494515343,1,2,24,0,0,0,0,0,0,0,0,0,1,1,0,0,0,0,0,0,19.028311928732013,14.721561034204278,21.022289024460616,10.65989847661625,19.90874711813208,30.849304370343702,19.14967933117171,20.0847806668223,18.257387329132285,17.553082478279567,19.23432245373087,3.8800105681878865,4.306750894527735,-0.8804351894000675,4.0,2.0,-0.433883739117558,-0.9009688679024191,0.6612746042265288,0.7501439180617594
2022-02-12,16.1777559067215,1,2,38,0,0,0,1,0,0,0,0,0,1,1,0,0,0,0,0,0,19.508967494515343,19.028311928732013,14.721561034204278,19.4923322973604,10.65989847661625,26.085700683960987,16.758329633814117,16.132557380852532,17.75294681915053,18.817235195122294,18.4242983911717,2.686056587537862,0.48065556578333,8.849069017899092,5.0,2.0,-0.9749279121818236,-0.2225209339563146,0.6740806814338108,0.738657725145909
2022-02-13,19.459008413860715,2,2,28,0,0,0,1,0,1,0,0,0,1,1,0,0,0,0,0,0,16.1777559067215,19.508967494515343,19.028311928732013,22.704530015512496,19.4923322973604,16.29912330916119,18.740378597983643,17.357945580049417,18.238345109989606,18.343724282173877,17.716588049940306,2.8143993691592324,-3.3312115877938417,-3.314576390638898,6.0,2.0,-0.7818314824680299,0.6234898018587334,0.6866872791306503,0.7269529425486524
2022-02-14,17.26043444072786,1,2,20,0,0,0,0,0,0,0,0,0,1,1,0,0,0,0,0,0,19.459008413860715,16.1777559067215,19.508967494515343,15.242654571070918,22.704530015512496,14.923857867262749,23.206581333236443,20.88423293567617,18.381910605032505,17.880078339080768,17.942294128847415,2.2730836761203737,3.2812525071392145,-3.245521601651781,0.0,2.0,0.0,1.0,0.6990906666687643,0.7150330340457165
2022-02-15,25.35760324770237,1,2,33,0,0,0,0,0,0,0,0,0,1,1,0,0,0,0,0,0,17.26043444072786,19.459008413860715,16.1777559067215,21.022289024460616,15.242654571070918,18.347820040330102,24.33916545870767,19.356629741373904,17.632399587103347,18.16833260617462,18.109192455523495,2.035916310437288,-2.1985739731328557,2.017779869656941,1.0,2.0,0.7818314824680298,0.6234898018587336,0.7112871735354942,0.7029015270746591
2022-02-16,14.723968056192,1,3,38,0,0,0,0,0,0,0,0,0,1,1,0,0,0,0,0,0,25.35760324770237,17.26043444072786,19.459008413860715,14.721561034204278,21.022289024460616,19.99438361508435,19.218627141779244,20.09900884198952,20.692348700763635,18.78766320949487,18.609891256050084,3.1593452962808866,8.097168806974512,4.335314223241756,2.0,2.0,0.9749279121818236,-0.22252093395631434,0.723273190440015,0.6905620116910007
2022-02-17,24.94359544891844,2,3,33,0,0,0,0,0,1,0,0,0,1,1,0,0,0,0,0,0,14.723968056192,25.35760324770237,17.26043444072786,19.028311928732013,14.721561034204278,19.90874711813208,23.932271747507325,23.4587837584974,19.114001914874063,18.788007069778825,18.233433001843487,3.158902826690672,-10.633635191510372,0.0024070219877216914,3.0,2.0,0.43388373911755823,-0.900968867902419,0.7350451703814259,0.6780181395058251
2022-02-18,25.055441741786787,1,3,23,0,0,0,0,0,0,0,0,0,1,1,0,0,0,0,0,0,24.94359544891844,14.723968056192,25.35760324770237,19.508967494515343,19.028311928732013,10.65989847661625,30.849304370343702,19.14967933117171,21.675055584270922,19.633047572662605,18.593065025471084,3.830060372274695,10.21962739272644,5.915283520186428,4.0,2.0,-0.433883739117558,-0.9009688679024191,0.7465996296984081,0.6652736226051653
2022-02-19,21.843244023634696,1,3,12,0,0,0,1,0,0,0,0,0,1,1,0,0,0,0,0,0,25.055441741786787,24.94359544891844,14.723968056192,16.1777559067215,19.508967494515343,19.4923322973604,26.085700683960987,16.758329633814117,21.574335082299058,20.425401036558526,19.62131811584041,4.270793364975073,0.11184629286834635,5.546474247271444,5.0,2.0,-0.9749279121818236,-0.2225209339563146,0.7579331491001386,0.6523322324514917
2022-02-20,30.271191154428617,2,4,7,1,0,0,1,0,1,0,0,0,1,1,0,0,0,0,0,0,21.843244023634696,25.055441741786787,24.94359544891844,19.459008413860715,16.1777559067215,22.704530015512496,16.29912330916119,18.740378597983643,23.94742707144663,21.23475648183184,19.789240382002863,3.910793264317587,-3.2121977181520904,5.665488116913195,6.0,2.0,-0.7818314824680299,0.6234898018587334,0.769042374678155,0.6391977987676305
2022-02-21,42.465753425263806,2,3,8,0,0,0,0,0,1,0,0,0,1,1,0,0,0,0,0,0,30.271191154428617,21.843244023634696,25.055441741786787,17.26043444072786,19.459008413860715,15.242654571070918,14.923857867262749,23.206581333236443,25.723292306616685,22.77935401619868,20.329716177639728,4.911553831566398,8.427947130793921,10.812182740567902,0.0,2.0,0.0,1.0,0.7799240188988715,0.62587420840344
2022-02-22,21.843244023634696,2,3,11,0,0,0,0,0,1,0,0,0,1,1,0,0,0,0,0,0,42.465753425263806,30.271191154428617,21.843244023634696,25.35760324770237,17.26043444072786,21.022289024460616,18.347820040330102,24.33916545870767,31.526729534442364,26.380113871132387,22.2742232386535,7.884895822892081,12.194562270835188,25.205318984535946,1.0,2.0,0.7818314824680298,0.6234898018587336,0.7905748615764533,0.6123654041855825
2022-02-24,16.93671671530228,1,3,13,0,0,0,0,0,0,0,0,0,1,1,0,0,0,0,0,0,21.843244023634696,42.465753425263806,30.271191154428617,14.723968056192,25.35760324770237,14.721561034204278,19.99438361508435,19.218627141779244,31.526729534442364,25.878062553408434,22.33286288145165,8.044291199564496,-20.62250940162911,-3.5143592240676753,3.0,2.0,0.43388373911755823,-0.900968867902419,0.8111716039950779,0.5848081983625508
2022-02-25,18.30256802527134,1,3,28,0,0,0,0,0,0,0,0,0,1,1,0,0,0,0,0,0,16.93671671530228,21.843244023634696,42.465753425263806,24.94359544891844,14.723968056192,19.028311928732013,19.90874711813208,23.932271747507325,27.081904721400246,26.1941695047099,22.491088287244366,7.632718317825586,-4.906527308332418,2.2127486591102787,4.0,2.0,-0.433883739117558,-0.9009688679024191,0.8211114085783636,0.5707679517128266
2022-02-26,15.06416051120317,1,2,35,0,0,0,1,0,0,0,0,0,1,1,0,0,0,0,0,0,18.30256802527134,16.93671671530228,21.843244023634696,25.055441741786787,24.94359544891844,19.508967494515343,10.65989847661625,30.849304370343702,19.027509588069424,25.245451301331745,22.439249436997176,8.125987388533192,1.365851309969063,-6.641027423647099,5.0,2.0,-0.9749279121818236,-0.2225209339563146,0.8308082231067296,0.5565587987070535
2022-02-27,18.25025541181876,1,3,60,0,0,0,1,0,0,0,0,0,1,1,0,0,0,0,0,0,15.06416051120317,18.30256802527134,16.93671671530228,21.843244023634696,25.055441741786787,16.1777559067215,19.4923322973604,26.085700683960987,16.767815083925584,23.81812541124837,22.12176322390345,8.876803329184343,-3.2384075140681716,-9.991281230583617,6.0,2.0,-0.7818314824680299,0.6234898018587334,0.8402591780189079,0.5421849442348885
2022-02-28,18.41206078534176,1,2,77,0,0,0,0,0,0,0,0,0,1,1,0,0,0,0,0,0,18.25025541181876,15.06416051120317,18.30256802527134,30.271191154428617,21.843244023634696,19.459008413860715,22.704530015512496,16.29912330916119,17.205661316097743,23.304841323846095,22.269798902838968,9.077761345884717,3.18609490061559,-3.5929886118159367,0.0,2.0,0.0,1.0,0.849461476510434,0.5276506419258042
2022-03-01,9.867506806893807,1,2,33,0,0,0,0,0,0,0,0,0,1,1,0,0,0,0,0,0,18.41206078534176,18.25025541181876,15.06416051120317,42.465753425263806,30.271191154428617,17.26043444072786,15.242654571070918,14.923857867262749,17.24215890278789,21.610679842547974,22.195016929373327,8.719094374112673,0.16180537352300206,-11.859130369086856,1.0,3.0,0.7818314824680298,0.6234898018587336,0.8584123953613012,0.5129601928903189
2022-03-02,18.94026840979201,1,2,45,0,0,0,0,0,0,0,0,0,1,1,0,0,0,0,0,0,9.867506806893807,18.41206078534176,18.25025541181876,21.843244023634696,42.465753425263806,25.35760324770237,21.022289024460616,18.347820040330102,15.50994100135143,16.953787468495115,21.66695066981375,3.4500463693163486,-8.544553978447954,-32.59824661837,2.0,3.0,0.9749279121818236,-0.22252093395631434,0.8671092857418372,0.498117944447177
2022-03-03,15.96839847453159,1,2,56,0,0,0,0,0,0,0,0,0,1,1,0,0,0,0,0,0,18.94026840979201,9.867506806893807,18.41206078534176,16.93671671530228,21.843244023634696,14.723968056192,14.721561034204278,19.99438361508435,15.739945334009183,16.53907666651759,21.208569609963014,2.9798169990221934,9.072761602898204,-2.9029756138426848,3.0,3.0,0.43388373911755823,-0.900968867902419,0.8755495739965682,0.48312828883685527
2022-03-04,16.08259830019788,1,3,46,0,0,0,0,0,0,0,0,0,1,1,0,0,0,0,0,0,15.96839847453159,18.94026840979201,9.867506806893807,18.30256802527134,16.93671671530228,24.94359544891844,19.028311928732013,19.90874711813208,14.925391230405792,16.400745489264633,21.29745749698727,2.980622485844219,-2.971869935260422,-0.9683182407706887,4.0,3.0,-0.433883739117558,-0.9009688679024191,0.8837307624058365,0.4679956619217736
2022-03-05,16.487084989410487,1,2,39,0,0,0,1,0,0,0,0,0,1,1,0,0,0,0,0,0,16.08259830019788,15.96839847453159,18.94026840979201,15.06416051120317,18.30256802527134,25.055441741786787,19.508967494515343,10.65989847661625,16.997088394840482,16.083606957111282,20.664529129221513,2.877722898336089,0.11419982566629017,-2.2199697250734616,5.0,3.0,-0.9749279121818236,-0.2225209339563146,0.8916504299249455,0.4527245418735987
2022-03-06,15.828042342138998,1,2,46,0,0,0,1,0,0,0,0,0,1,1,0,0,0,0,0,0,16.487084989410487,16.08259830019788,15.96839847453159,18.25025541181876,15.06416051120317,21.843244023634696,16.1777559067215,19.4923322973604,16.179360588046638,16.28688188256947,20.05250364690892,2.848641334202472,0.40448668921260733,1.4229244782073174,6.0,3.0,-0.7818314824680299,0.6234898018587334,0.8993062329006161,0.4373194478480267
2022-03-07,18.08845003829577,1,3,40,0,0,0,0,0,0,0,0,0,1,1,0,0,0,0,0,0,15.828042342138998,16.487084989410487,16.08259830019788,18.41206078534176,18.25025541181876,30.271191154428617,19.459008413860715,22.704530015512496,16.13257521058244,15.94085144404379,19.62284638394494,2.7339359594937234,-0.6590426472714892,-2.4222130696797617,0.0,3.0,0.0,1.0,0.9066959057645391,0.42178493864743694
2022-03-08,30.17838708070294,1,3,39,0,0,0,0,0,0,0,0,0,1,1,0,0,0,0,0,0,18.08845003829577,15.828042342138998,16.487084989410487,9.867506806893807,18.41206078534176,42.465753425263806,17.26043444072786,15.242654571070918,16.801192456615073,15.894621337322933,18.752650589935453,2.694205007801344,2.2604076961567703,-0.32361074704599346,1.0,3.0,0.7818314824680298,0.6234898018587336,0.9138172617038212,0.4061256113718145
2022-03-09,20.73676271569997,1,3,28,0,0,0,0,0,0,0,0,0,1,1,0,0,0,0,0,0,30.17838708070294,18.08845003829577,15.828042342138998,18.94026840979201,9.867506806893807,21.843244023634696,25.35760324770237,21.022289024460616,21.364959820379227,18.796175662152812,17.874981565323964,4.774604188796367,12.089937042407172,20.310880273809133,2.0,3.0,0.9749279121818236,-0.22252093395631434,0.9206681933081248,0.3903461000583373
2022-03-10,23.856209849316183,1,3,32,0,0,0,0,0,0,0,0,0,1,1,0,0,0,0,0,0,20.73676271569997,30.17838708070294,18.08845003829577,15.96839847453159,18.94026840979201,16.93671671530228,14.723968056192,14.721561034204278,23.00119994489955,19.05281770585395,17.79594718618577,4.823483855649941,-9.44162436500297,1.7964943059079594,3.0,3.0,0.43388373911755823,-0.900968867902419,0.92724667319331,0.3744510743100344
2022-03-11,28.141511502713524,1,3,32,0,0,0,0,0,0,0,0,0,1,1,0,0,0,0,0,0,23.856209849316183,20.73676271569997,30.17838708070294,16.08259830019788,15.96839847453159,18.30256802527134,24.94359544891844,19.028311928732013,24.92378654857302,20.179647902251748,18.29019669575819,4.892161158260282,3.1194471336162124,7.887811374784594,4.0,3.0,-0.433883739117558,-0.9009688679024191,0.9335507546013952,0.3584452379139183
2022-03-12,22.49276556133485,1,2,32,0,0,0,1,0,0,0,0,0,1,1,0,0,0,0,0,0,28.141511502713524,23.856209849316183,20.73676271569997,16.487084989410487,16.08259830019788,15.06416051120317,25.055441741786787,19.508967494515343,24.244828022576545,21.90234978832541,18.992978372718348,5.255802638464436,4.28530165339734,12.058913202515644,5.0,3.0,-0.9749279121818236,-0.2225209339563146,0.9395785719766574,0.34233332744900147
2022-03-13,24.843677287609147,1,2,30,0,0,0,1,0,0,0,0,0,1,1,0,0,0,0,0,0,22.49276556133485,28.141511502713524,23.856209849316183,15.828042342138998,16.487084989410487,18.25025541181876,21.843244023634696,16.1777559067215,24.83016230445484,22.760304155743174,19.523593019156323,4.769473281612068,-5.6487459413786745,6.005680571924362,6.0,3.0,-0.7818314824680299,0.6234898018587334,0.9453283415177025,0.3261201108846096
2022-03-14,26.22370328355564,1,2,30,0,0,0,0,0,0,0,0,0,1,1,0,0,0,0,0,0,24.843677287609147,22.49276556133485,28.141511502713524,18.08845003829577,15.828042342138998,18.41206078534176,30.271191154428617,19.459008413860715,25.15931811721916,24.048252005096057,19.994551724569924,3.852784703556924,2.3509117262742976,9.015634945470149,0.0,3.0,0.0,1.0,0.9507983617053434,0.30981038616940365
2022-03-15,31.85822104976708,1,2,29,0,0,0,0,0,0,0,0,0,1,1,0,0,0,0,0,0,26.22370328355564,24.843677287609147,22.49276556133485,30.17838708070294,18.08845003829577,9.867506806893807,42.465753425263806,17.26043444072786,24.520048710833198,25.21043104013318,20.552526188728056,3.0158244032543253,1.3800259959464931,8.135253245259872,1.0,3.0,0.7818314824680298,0.6234898018587336,0.9559870138061269,0.29340897981153197
2022-03-16,22.830657972737868,1,2,29,0,0,0,0,0,0,0,0,0,0,1,1,0,0,0,0,0,31.85822104976708,26.22370328355564,24.843677287609147,20.73676271569997,30.17838708070294,18.94026840979201,21.843244023634696,25.35760324770237,27.641867206977278,25.45040732142806,22.123291491790436,3.4387660224670236,5.634517766211442,1.6798339690641413,2.0,3.0,0.9749279121818236,-0.22252093395631434,0.9608927623513632,0.27692074545033024
2022-03-17,26.947093654218367,1,3,23,0,0,0,0,0,0,0,0,0,0,1,1,0,0,0,0,0,22.830657972737868,31.85822104976708,26.22370328355564,23.856209849316183,20.73676271569997,15.96839847453159,16.93671671530228,14.723968056192,26.97086076868685,25.749535215290614,22.40117646057228,3.0890146603629813,-9.027563077029214,2.0938952570378966,3.0,3.0,0.43388373911755823,-0.900968867902419,0.9655141555915137,0.2603505624199925
2022-03-18,24.53194118293242,1,2,17,0,0,0,0,0,0,0,0,0,0,1,1,0,0,0,0,0,26.947093654218367,22.830657972737868,31.85822104976708,28.141511502713524,23.856209849316183,16.08259830019788,18.30256802527134,24.94359544891844,27.211990892241094,26.19109004456235,23.185368973407048,3.0066296176947245,4.1164356814805,3.090883804902184,4.0,3.0,-0.433883739117558,-0.9009688679024191,0.969849825925805,0.24370333430563806
2022-03-19,19.62322080937145,1,2,48,0,0,0,1,0,0,0,0,0,0,1,1,0,0,0,0,0,24.53194118293242,26.947093654218367,22.830657972737868,22.49276556133485,28.141511502713524,16.487084989410487,15.06416051120317,25.055441741786787,24.769897603296204,25.675437141736484,23.788893465030945,2.936618494441638,-2.4151524712859462,-3.6095703197811027,5.0,3.0,-0.9749279121818236,-0.2225209339563146,0.9738984903069413,0.22698398749220305
2022-03-20,19.8159430444064,1,2,44,0,0,0,1,0,0,0,0,0,0,1,1,0,0,0,0,0,19.62322080937145,24.53194118293242,26.947093654218367,24.843677287609147,22.49276556133485,15.828042342138998,18.25025541181876,21.843244023634696,23.700751882174064,25.26550217717028,24.01290316645673,3.4987690629728174,-4.908720373560971,-2.8695447519633994,6.0,3.0,-0.7818314824680299,0.6234898018587334,0.977658950620793,0.21019746970658276
2022-03-21,28.419977213080337,1,3,31,0,0,0,0,0,0,0,0,0,0,1,1,0,0,0,0,0,19.8159430444064,19.62322080937145,24.53194118293242,26.22370328355564,24.843677287609147,18.08845003829577,18.41206078534176,30.271191154428617,21.323701678903415,24.547254428141315,24.29775321661869,3.992820241978121,0.19272223503494956,-5.027734243202747,0.0,3.0,0.0,1.0,0.9811300940409537,0.19334874855346035
2022-03-22,27.199349568669103,1,3,34,0,0,0,0,0,0,0,0,0,0,1,1,0,0,0,0,0,28.419977213080337,19.8159430444064,19.62322080937145,31.85822104976708,26.22370328355564,30.17838708070294,9.867506806893807,42.465753425263806,22.619713688952714,24.861007846644846,25.035719443389013,4.193476344174509,8.604034168673937,2.196273929524697,1.0,3.0,0.7818314824680298,0.6234898018587336,0.9843108933580564,0.17644281004525206
2022-03-23,24.87700117110884,2,3,33,0,0,0,0,0,1,0,0,0,0,1,1,0,0,0,0,0,27.199349568669103,28.419977213080337,19.8159430444064,22.830657972737868,31.85822104976708,20.73676271569997,18.94026840979201,21.843244023634696,25.145089942051936,24.19545477791656,24.82293104967231,3.3059001396208285,-1.220627644411234,-4.658871481097979,2.0,3.0,0.9749279121818236,-0.22252093395631434,0.9872004072837537,0.15948465712660548
2022-03-24,26.45927051166164,2,3,15,0,0,0,0,0,1,0,0,0,0,1,1,0,0,0,0,0,24.87700117110884,27.199349568669103,28.419977213080337,26.947093654218367,22.830657972737868,23.856209849316183,15.96839847453159,16.93671671530228,26.832109317619416,24.487789520540986,25.1186623679158,3.262480390448897,-2.322348397560262,2.0463431983709732,3.0,3.0,0.43388373911755823,-0.900968867902419,0.9897977807292717,0.14247930819388652
2022-03-25,28.891111669292325,2,2,15,0,0,0,0,0,1,0,0,0,0,1,1,0,0,0,0,0,26.45927051166164,24.87700117110884,27.199349568669103,24.53194118293242,26.947093654218367,28.141511502713524,16.08259830019788,18.30256802527134,26.178540417146518,24.418100500175743,25.304595272369045,3.214054240940568,1.5822693405527986,-0.4878231425567279,4.0,3.0,-0.433883739117558,-0.9009688679024191,0.9921022450584553,0.1254317956100953
2022-03-26,35.56064893246364,2,3,19,0,0,0,1,0,1,0,0,0,0,1,1,0,0,0,0,0,28.891111669292325,26.45927051166164,24.87700117110884,19.62322080937145,24.53194118293242,22.49276556133485,16.487084989410487,15.06416051120317,26.742461117354257,25.040839141084298,25.35813814141039,3.577534225847707,2.4318411576306858,4.359170486359904,5.0,3.0,-0.9749279121818236,-0.2225209339563146,0.9941131183152286,0.10834716421564623
2022-03-27,27.74183885747637,2,3,25,0,0,0,1,0,1,0,0,0,0,1,1,0,0,0,0,0,35.56064893246364,28.891111669292325,26.45927051166164,19.8159430444064,19.62322080937145,24.843677287609147,15.828042342138998,18.25025541181876,30.303677037805855,27.31761458724033,26.291558382205306,4.3853835569819895,6.669537263171318,15.937428123092193,6.0,3.0,-0.7818314824680299,0.6234898018587334,0.9958298054254058,0.09123046983545845
2022-03-28,36.03884398706945,2,2,28,0,0,0,0,0,1,0,0,0,0,1,1,0,0,0,0,0,27.74183885747637,35.56064893246364,28.891111669292325,28.419977213080337,19.8159430444064,26.22370328355564,18.08845003829577,18.41206078534176,30.731199819744095,28.449885417678896,26.498569922910104,3.1521365147556932,-7.818810074987272,7.925895813069971,0.0,3.0,0.0,1.0,0.9972517983727895,0.07408677778279397
2022-03-29,35.07753285550278,2,2,20,0,0,0,0,0,1,0,0,0,0,1,1,0,0,0,0,0,36.03884398706945,27.74183885747637,35.56064893246364,27.199349568669103,28.419977213080337,31.85822104976708,30.17838708070294,9.867506806893807,33.11377725900314,29.53829495682019,27.199651401732524,4.120518390524587,8.297005129593078,7.618866773989112,1.0,3.0,0.7818314824680298,0.6234898018587336,0.9983786763495082,0.05692116136028858
2022-03-30,25.00542917194235,2,2,25,0,0,0,0,0,1,0,0,0,0,1,1,0,0,0,0,0,35.07753285550278,36.03884398706945,27.74183885747637,24.87700117110884,27.199349568669103,22.830657972737868,20.73676271569997,18.94026840979201,32.952738566682854,30.663749712082147,27.429602244999355,4.394747754390035,-0.9613111315666671,7.8781832868336785,2.0,3.0,0.9749279121818236,-0.22252093395631434,0.999210105880544,0.03973870035861803
2022-03-31,22.46660925460856,1,2,33,0,0,0,0,0,0,0,0,0,0,1,1,0,0,0,0,0,25.00542917194235,35.07753285550278,36.03884398706945,26.45927051166164,24.87700117110884,26.947093654218367,23.856209849316183,15.96839847453159,32.040602004838185,30.682096569344083,27.58494304494253,4.370753958845173,-10.072103683560432,0.1284280008335088,3.0,3.0,0.43388373911755823,-0.900968867902419,0.9997458409224182,0.022544479553245424
2022-04-01,23.028194251748285,1,2,24,0,0,0,0,0,0,0,0,0,0,1,1,0,0,0,0,0,22.46660925460856,25.00542917194235,35.07753285550278,28.891111669292325,26.45927051166164,24.53194118293242,28.141511502713524,16.08259830019788,27.51652376068455,30.111716389765068,27.264908444970406,5.08652376722296,-2.5388199173337895,-3.9926612570530793,4.0,4.0,-0.433883739117558,-0.9009688679024191,0.9999857229360024,0.00534358719969123
2022-04-02,17.136713505490224,1,4,20,1,1,0,0,1,0,0,0,0,0,1,1,0,0,0,0,0,23.028194251748285,22.46660925460856,25.00542917194235,35.56064893246364,28.891111669292325,19.62322080937145,22.49276556133485,16.487084989410487,23.500077559433052,29.27415675868735,27.157497949885823,5.668017230648848,0.5615849971397253,-5.86291741754404,5.0,4.0,-0.9749279121818236,-0.2225209339563146,0.9999296809334339,-0.01185888647222434
2022-04-03,23.582558182924824,1,3,31,0,1,0,0,1,0,0,0,0,0,1,1,0,0,0,0,0,17.136713505490224,23.028194251748285,22.46660925460856,27.74183885747637,35.56064893246364,19.8159430444064,24.843677287609147,15.828042342138998,20.877172337282342,26.64216598340543,26.97989028532288,6.371710378966158,-5.891480746258061,-18.42393542697342,6.0,4.0,-0.7818314824680299,0.6234898018587334,0.9995777314991241,-0.029057850764724318
2022-04-04,25.49084529251136,1,2,48,0,0,1,0,1,0,0,0,0,0,1,1,0,0,0,0,0,23.582558182924824,17.136713505490224,23.028194251748285,36.03884398706945,27.74183885747637,28.419977213080337,26.22370328355564,18.08845003829577,21.249155313387764,26.047983029898067,27.248934223788478,6.435075733388285,6.4458446774346,-4.159280674551546,0.0,4.0,0.0,1.0,0.99892997878485,-0.046248216018556436
2022-04-05,28.852973741817173,1,2,60,0,1,0,0,1,0,0,0,0,0,1,1,0,0,0,0,0,25.49084529251136,23.582558182924824,17.136713505490224,35.07753285550278,36.03884398706945,27.199349568669103,31.85822104976708,30.17838708070294,22.070038993642118,24.541126073532627,27.039710515176413,4.992425297321676,1.908287109586535,-10.547998694558089,1.0,4.0,0.7818314824680298,0.6234898018587336,0.9979866144789332,-0.06342489511916614
2022-04-06,19.159200440743053,1,2,52,0,0,0,0,0,0,0,0,0,0,1,1,0,0,0,0,0,28.852973741817173,25.49084529251136,23.582558182924824,25.00542917194235,35.07753285550278,24.87700117110884,22.830657972737868,20.73676271569997,25.975459072417774,23.651903343006108,27.15782652754413,3.306083471276035,3.362128449305814,-6.224559113685608,2.0,4.0,0.9749279121818236,-0.22252093395631434,0.9967479177495133,-0.08058280500211881
2022-04-07,16.57988906313616,1,2,44,0,0,0,0,0,0,0,0,0,0,1,1,0,0,0,0,0,19.159200440743053,28.852973741817173,25.49084529251136,22.46660925460856,25.00542917194235,26.45927051166164,26.947093654218367,23.856209849316183,24.501006491690514,22.81672780997764,26.74941218966086,3.5853080249208515,-9.69377330107412,-5.846228731199297,3.0,4.0,0.43388373911755823,-0.900968867902419,0.9952142551619348,-0.09771686815732115
2022-04-08,15.96839847453159,1,2,56,0,0,0,0,0,0,0,0,0,0,1,1,0,0,0,0,0,16.57988906313616,19.159200440743053,28.852973741817173,23.028194251748285,22.46660925460856,28.891111669292325,24.53194118293242,28.141511502713524,21.53068774856545,21.97576778262444,26.043742086194754,4.2055424928298475,-2.579311377606892,-5.886720191472399,4.0,4.0,-0.433883739117558,-0.9009688679024191,0.9933860805702698,-0.11482201413160008
2022-04-09,24.38682449575416,1,2,34,0,0,0,1,0,0,0,0,0,0,1,1,0,0,0,0,0,15.96839847453159,16.57988906313616,19.159200440743053,17.136713505490224,23.028194251748285,35.56064893246364,19.62322080937145,22.49276556133485,17.23582932613692,20.967225528736343,25.120691143711845,4.6547501973597365,-0.6114905886045712,-7.059795777216696,5.0,4.0,-0.9749279121818236,-0.2225209339563146,0.9912639349830097,-0.13189318102919323
2022-04-10,24.964991200859053,1,2,40,0,0,0,1,0,0,0,0,0,0,1,1,0,0,0,0,0,24.38682449575416,15.96839847453159,16.57988906313616,23.582558182924824,17.136713505490224,27.74183885747637,19.8159430444064,24.843677287609147,18.978370677807288,22.002955670202617,24.322560826804022,4.490920555523206,8.418426021222569,7.250110990263934,6.0,4.0,-0.7818314824680299,0.6234898018587334,0.9888484464029655,-0.14892531700970596
2022-04-11,20.52023770673666,1,2,34,0,0,0,0,0,0,0,0,0,0,1,1,0,0,0,0,0,24.964991200859053,24.38682449575416,15.96839847453159,25.49084529251136,23.582558182924824,36.03884398706945,28.419977213080337,26.22370328355564,21.77340472371492,22.200446101336077,24.124214565617073,4.585443819399658,0.5781667051048949,1.382433017934229,0.0,4.0,0.0,1.0,0.9861403296414243,-0.16591338178309495
2022-04-12,20.39651677149903,1,2,22,0,0,0,0,0,0,0,0,0,0,1,1,0,0,0,0,0,20.52023770673666,24.964991200859053,24.38682449575416,28.852973741817173,25.49084529251136,35.07753285550278,27.199349568669103,31.85822104976708,23.290684467783276,21.490359303368262,23.015742688450445,4.402124093362735,-4.444753494122395,-4.970607585774701,1.0,4.0,0.7818314824680298,0.6234898018587336,0.983140386106616,-0.18285234810123144
2022-04-13,19.387653581265447,1,3,26,0,0,0,0,0,0,0,0,0,0,1,1,0,0,0,0,0,20.39651677149903,20.52023770673666,24.964991200859053,19.159200440743053,28.852973741817173,25.00542917194235,24.87700117110884,22.830657972737868,21.96058189303157,20.282294021894245,21.967098682450178,3.2165492552179913,-0.12372093523762828,-8.456456970318143,2.0,4.0,0.9749279121818236,-0.22252093395631434,0.9798495035665545,-0.1997372032456062
2022-04-14,19.37807898250431,1,2,44,0,0,0,0,0,0,0,0,0,0,1,1,0,0,0,0,0,19.387653581265447,20.39651677149903,20.52023770673666,16.57988906313616,19.159200440743053,22.46660925460856,26.45927051166164,26.947093654218367,20.10146935316703,20.314930184826014,21.56582899740183,3.2061305175904344,-1.0088631902335834,0.22845314052239374,3.0,4.0,0.43388373911755823,-0.900968867902419,0.9762686558863216,-0.21656295051073468
2022-04-15,13.534257273292752,1,3,34,0,0,0,0,0,0,0,0,0,0,1,1,0,0,0,0,0,19.37807898250431,19.387653581265447,20.39651677149903,15.96839847453159,16.57988906313616,23.028194251748285,28.891111669292325,24.53194118293242,19.720749778422913,20.714671601878603,21.345219692251522,2.8726174192537197,-0.00957459876113731,2.7981899193681485,4.0,4.0,-0.433883739117558,-0.9009688679024191,0.9723989027398732,-0.23332461068282243
2022-04-16,12.639593907987836,1,4,39,1,0,0,1,0,0,0,0,0,0,1,1,0,0,0,0,0,13.534257273292752,19.37807898250431,19.387653581265447,24.38682449575416,15.96839847453159,17.136713505490224,35.56064893246364,19.62322080937145,17.43332994568749,20.36693714455877,20.66708133664756,3.5040450588861636,-5.843821709211557,-2.4341412012388375,5.0,4.0,-0.9749279121818236,-0.2225209339563146,0.9682413892964514,-0.25001722351325634
2022-04-17,16.898739255396496,1,2,50,0,0,0,1,0,0,0,0,0,0,1,1,0,0,0,0,0,12.639593907987836,13.534257273292752,19.37807898250431,24.964991200859053,24.38682449575416,23.582558182924824,27.74183885747637,19.8159430444064,15.183976721261617,18.688761346306443,20.34585850825453,3.9602803568422322,-0.8946633653049165,-11.747230587766323,6.0,4.0,-0.7818314824680299,0.6234898018587334,0.9637973458816972,-0.2666358491864816
2022-04-18,21.60286275155324,1,2,43,0,0,0,0,0,0,0,0,0,0,1,1,0,0,0,0,0,16.898739255396496,12.639593907987836,13.534257273292752,20.52023770673666,24.964991200859053,25.49084529251136,36.03884398706945,28.419977213080337,14.357530145559016,17.53643963981179,19.868442870573936,3.0309108537932365,4.25914534740866,-8.066251945462557,0.0,4.0,0.0,1.0,0.9590680876135618,-0.2831755697818324
2022-04-19,30.72558343510608,2,2,17,0,0,0,0,0,1,0,0,0,0,1,1,0,0,0,0,0,21.60286275155324,16.898739255396496,12.639593907987836,20.39651677149903,20.52023770673666,28.852973741817173,35.07753285550278,27.199349568669103,17.047065304979174,17.691100360499874,19.590729831934066,3.202013890291667,4.704123496156743,1.0826250448165808,1.0,4.0,0.7818314824680298,0.6234898018587336,0.9540550140131263,-0.2996314907288842
2022-04-20,21.7955849865882,1,2,34,0,0,0,0,0,0,0,0,0,0,1,1,0,0,0,0,0,30.72558343510608,21.60286275155324,16.898739255396496,19.387653581265447,20.39651677149903,19.159200440743053,25.00542917194235,24.87700117110884,23.075728480685257,19.166681312443735,19.724487667168994,5.594734102202825,9.122720683552842,10.329066663607051,2.0,4.0,0.9749279121818236,-0.22252093395631434,0.948759608590444,-0.3159987422558949
2022-04-21,25.38140602163073,1,2,44,0,0,0,0,0,0,0,0,0,0,1,1,0,0,0,0,0,21.7955849865882,30.72558343510608,21.60286275155324,19.37807898250431,19.387653581265447,16.57988906313616,22.46660925460856,26.45927051166164,24.708010391082496,19.51067151320413,19.91280084901507,5.671247641735913,-8.929998448517882,2.4079314053227527,3.0,4.0,0.43388373911755823,-0.900968867902419,0.9431834384055279,-0.3322724808309075
2022-04-22,28.40569554872333,1,2,24,0,0,0,0,0,0,0,0,0,0,1,1,0,0,0,0,0,25.38140602163073,21.7955849865882,30.72558343510608,13.534257273292752,19.37807898250431,15.96839847453159,23.028194251748285,28.891111669292325,25.967524814441656,20.36828966165076,20.54148063176469,6.028986284924846,3.5858210350425317,6.003327039126422,4.0,4.0,-0.433883739117558,-0.9009688679024191,0.937328153604613,-0.3484478905950889
2022-04-23,25.902553047687167,1,2,22,0,0,0,1,0,0,0,0,0,0,1,1,0,0,0,0,0,28.40569554872333,25.38140602163073,21.7955849865882,12.639593907987836,13.534257273292752,24.38682449575416,17.136713505490224,35.56064893246364,25.194228852314072,22.492780843855133,21.42985899420695,5.864449609934838,3.0242895270925985,14.871438275430577,5.0,4.0,-0.9749279121818236,-0.2225209339563146,0.9311954869318319,-0.3645201847878779
2022-04-24,27.085149743002816,2,3,18,0,0,0,0,0,1,0,0,0,0,1,1,0,0,0,0,0,25.902553047687167,28.40569554872333,25.38140602163073,16.898739255396496,12.639593907987836,24.964991200859053,23.582558182924824,27.74183885747637,26.56321820601373,24.387489292383606,21.538125319345024,4.312013078873868,-2.5031425010361623,13.262959139699332,6.0,4.0,-0.7818314824680299,0.6234898018587334,0.9247872532164463,-0.380484607163523
2022-04-25,29.171930912457096,1,3,19,0,0,0,0,0,0,0,0,0,0,1,1,0,0,0,0,0,27.085149743002816,25.902553047687167,28.40569554872333,21.60286275155324,16.898739255396496,20.52023770673666,25.49084529251136,36.03884398706945,27.13113277980442,25.842690790613084,21.689565215212436,3.0828306226089524,1.1825966953156488,10.18641048760632,0.0,4.0,0.0,1.0,0.9181053488357886,-0.39633643339858987
2022-04-26,29.22188999311173,1,3,24,0,0,0,0,0,0,0,0,0,0,1,1,0,0,0,0,0,29.171930912457096,27.085149743002816,25.902553047687167,30.72558343510608,21.60286275155324,20.39651677149903,28.852973741817173,35.07753285550278,27.386544567715678,26.923986242170773,22.307543301335325,2.7110939159326573,2.08678116945428,7.569068160903857,1.0,4.0,0.7818314824680298,0.6234898018587336,0.9111517511540698,-0.4120709724900216
2022-04-27,22.06693660937141,1,3,22,0,0,0,0,0,0,0,0,0,0,1,1,0,0,0,0,0,29.22188999311173,29.171930912457096,27.085149743002816,21.7955849865882,30.72558343510608,19.387653581265447,19.159200440743053,25.00542917194235,28.492990216190535,26.709172893314438,22.937927102879087,2.4481893762643843,0.04995908065463439,-1.5036934419943506,2.0,4.0,0.9749279121818236,-0.22252093395631434,0.9039285179372211,-0.42768356814333996
2022-04-28,17.36040609048932,1,3,22,0,0,0,0,0,0,0,0,0,0,1,1,0,0,0,0,0,22.06693660937141,29.22188999311173,29.171930912457096,25.38140602163073,21.7955849865882,19.37807898250431,16.57988906313616,22.46660925460856,26.820252504980065,26.7479374108549,23.129304462029516,2.371012783554931,-7.15495338374032,0.2713516227832109,3.0,4.0,0.43388373911755823,-0.900968867902419,0.896437786743944,-0.44316960015057344
2022-04-29,23.235198151140256,1,2,25,0,1,0,0,1,0,0,0,0,0,1,1,0,0,0,0,0,17.36040609048932,22.06693660937141,29.22188999311173,28.40569554872333,25.38140602163073,13.534257273292752,15.96839847453159,23.028194251748285,22.88307756432414,25.602080277834695,22.98518496974273,4.07815307648178,-4.70653051888209,-8.02099993114141,4.0,4.0,-0.433883739117558,-0.9009688679024191,0.8886817742931451,-0.4585244857575084
2022-04-30,18.32642428838948,1,2,26,0,1,0,0,1,0,0,0,0,0,1,1,0,0,0,0,0,23.235198151140256,17.36040609048932,22.06693660937141,25.902553047687167,28.40569554872333,12.639593907987836,24.38682449575416,17.136713505490224,20.887513617000312,24.86343779246568,23.678109318160406,3.9702833827014437,5.874792060650936,-5.170497397583073,5.0,4.0,-0.9749279121818236,-0.2225209339563146,0.8806627758079475,-0.47374368101985365
2022-05-01,26.045316202067475,2,4,17,1,0,1,0,1,1,0,0,0,0,1,1,0,0,0,0,0,18.32642428838948,23.235198151140256,17.36040609048932,27.085149743002816,25.902553047687167,16.898739255396496,24.964991200859053,23.582558182924824,19.640676176673004,23.78113368399459,24.084311488189094,4.532346612786088,-4.9087738627507775,-7.5761287592976885,6.0,5.0,-0.7818314824680299,0.6234898018587334,0.8723831643364682,-0.48882268214792435
2022-05-02,22.85922130145188,1,3,15,0,0,1,0,1,0,0,0,0,0,1,1,0,0,0,0,0,26.045316202067475,18.32642428838948,23.235198151140256,29.171930912457096,27.085149743002816,21.60286275155324,20.52023770673666,25.49084529251136,22.53564621386572,23.63258603528954,24.73763841295131,4.437674684826453,7.7188919136779965,-1.0398335409353407,0.0,5.0,0.0,1.0,0.8638453900495676,-0.5037570268394381
2022-05-03,19.41616342078968,1,2,34,0,0,1,0,1,0,0,0,0,0,1,1,0,0,0,0,0,22.85922130145188,26.045316202067475,18.32642428838948,29.22188999311173,29.171930912457096,30.72558343510608,20.39651677149903,28.852973741817173,22.41032059730293,22.730770376574505,24.82737830937264,3.8185926208049863,-3.186094900615597,-6.312709611005218,1.0,5.0,0.7818314824680298,0.6234898018587336,0.8550519795157738,-0.5185422956000375
2022-05-04,26.835247361350014,1,2,47,0,1,0,0,1,0,0,0,0,0,1,1,0,0,0,0,0,19.41616342078968,22.85922130145188,26.045316202067475,22.06693660937141,29.22188999311173,21.7955849865882,19.387653581265447,19.159200440743053,22.773566974769665,21.329952294814213,24.019562594064325,2.8582585490745096,-3.4430578806621988,-9.805726572322051,2.0,5.0,0.9749279121818236,-0.22252093395631434,0.8460055349535992,-0.5331741130511443
2022-05-05,23.61112151163885,1,2,36,0,0,0,0,0,0,0,0,0,0,1,1,0,0,0,0,0,26.835247361350014,19.41616342078968,22.85922130145188,17.36040609048932,22.06693660937141,25.38140602163073,19.37807898250431,16.57988906313616,23.036877361197174,22.011139545096874,24.37953847797589,3.4580033242483452,7.419083940560334,4.768310751978603,3.0,5.0,0.43388373911755823,-0.900968867902419,0.8367087334614722,-0.5476481492247545
2022-05-06,26.435521226923075,1,2,36,0,0,0,0,0,0,0,0,0,0,1,1,0,0,0,0,0,23.61112151163885,26.835247361350014,19.41616342078968,23.235198151140256,17.36040609048932,28.40569554872333,13.534257273292752,15.96839847453159,23.287510764592835,22.904098890975376,24.253089584405036,2.904516060189676,-3.2241258497111644,6.250715421149529,4.0,5.0,-0.433883739117558,-0.9009688679024191,0.8271643262255062,-0.561960120844802
2022-05-07,28.888651158114804,2,2,38,0,0,0,0,0,1,0,0,0,0,1,1,0,0,0,0,0,26.435521226923075,23.61112151163885,26.835247361350014,18.32642428838948,23.235198151140256,25.902553047687167,12.639593907987836,24.38682449575416,25.627296699970632,23.361287901801493,24.11236284713359,3.161185565590974,2.824399715284226,3.200323075782819,5.0,5.0,-0.9749279121818236,-0.2225209339563146,0.8173751377053472,-0.5761057925946976
2022-05-08,26.563949227756588,2,2,30,0,0,0,1,0,1,0,0,0,0,1,1,0,0,0,0,0,28.888651158114804,26.435521226923075,23.61112151163885,26.045316202067475,18.32642428838948,27.085149743002816,16.898739255396496,24.964991200859053,26.31176463222556,24.870177454619398,24.325655569306996,2.90851750268719,2.4531299311917287,10.562226869725325,6.0,5.0,-0.7818314824680299,0.6234898018587334,0.8073440647983365,-0.5900809783706804
2022-05-09,28.929142618387893,1,2,37,0,0,0,0,0,0,0,0,0,0,1,1,0,0,0,0,0,26.563949227756588,28.888651158114804,26.435521226923075,22.85922130145188,26.045316202067475,29.171930912457096,21.60286275155324,20.52023770673666,27.296040537598145,24.9442678868607,24.288426961075118,2.9438993684940713,-2.3247019303582164,0.5186330256891125,0.0,5.0,0.0,1.0,0.7970740759822359,-0.6038815425206047
2022-05-10,26.49500141714905,1,2,20,0,0,0,0,0,0,0,0,0,0,1,1,0,0,0,0,0,28.929142618387893,26.563949227756588,28.888651158114804,19.41616342078968,22.85922130145188,29.22188999311173,30.72558343510608,20.39651677149903,28.127247668086415,25.81139950356584,24.271084940070175,3.0922527876833588,2.3651933906313047,6.069921316936014,1.0,5.0,0.7818314824680298,0.6234898018587336,0.7865682104367726,-0.6175034010677942
2022-05-11,24.860312484764098,2,2,14,0,0,0,0,0,1,0,0,0,0,1,1,0,0,0,0,0,26.49500141714905,28.929142618387893,26.563949227756588,26.835247361350014,19.41616342078968,22.06693660937141,21.7955849865882,19.387653581265447,27.329364421097832,26.822662074474323,24.07630718464427,1.6623517863521151,-2.434141201238841,7.078837996359372,2.0,5.0,0.9749279121818236,-0.22252093395631434,0.7758295771442586,-0.6309425229196086
2022-05-12,26.799516455862587,2,3,12,0,0,0,0,0,1,0,0,0,0,1,1,0,0,0,0,0,24.860312484764098,26.49500141714905,28.929142618387893,23.61112151163885,26.835247361350014,17.36040609048932,25.38140602163073,19.37807898250431,26.761485506767002,26.540528520676336,24.2758340328866,1.7983069958259648,-1.6346889323849538,-1.974934876585916,3.0,5.0,0.43388373911755823,-0.900968867902419,0.7648613539695567,-0.6441949310603557
2022-05-13,32.97882355448943,2,2,21,0,0,0,0,0,1,0,0,0,0,1,1,0,0,0,0,0,26.799516455862587,24.860312484764098,26.49500141714905,26.435521226923075,23.61112151163885,23.235198151140256,28.40569554872333,13.534257273292752,26.051610119258566,26.996013512708295,24.95005620184184,1.3454016733656262,1.9392039710984896,3.188394944223738,4.0,5.0,-0.433883739117558,-0.9009688679024191,0.7536667867196597,-0.6572567037282031
2022-05-14,32.4316272000863,2,3,12,0,0,0,1,0,1,0,0,0,0,1,1,0,0,0,0,0,32.97882355448943,26.799516455862587,24.860312484764098,28.888651158114804,26.435521226923075,18.32642428838948,25.902553047687167,12.639593907987836,28.21288416503869,27.93077098807492,25.64602944493821,2.4504869273618666,6.179307098626843,6.543302327566355,5.0,5.0,-0.9749279121818236,-0.2225209339563146,0.7422491881831634,-0.6701239755757398
2022-05-15,29.16706337929184,2,3,14,0,0,0,1,0,1,0,0,0,0,0,1,1,0,0,0,0,32.4316272000863,32.97882355448943,26.799516455862587,26.563949227756588,28.888651158114804,26.045316202067475,27.085149743002816,16.898739255396496,30.73665573681276,28.43691042264228,26.653543938630836,2.917463075997847,-0.547196354403134,3.5429760419714924,6.0,5.0,-0.7818314824680299,0.6234898018587334,0.7306119371499218,-0.682792938813839
2022-05-16,26.787641813493305,1,2,34,0,0,0,0,0,0,0,0,0,0,0,1,1,0,0,0,0,29.16706337929184,32.4316272000863,32.97882355448943,28.929142618387893,26.563949227756588,22.85922130145188,29.171930912457096,21.60286275155324,31.525838044622514,28.808783872861596,26.876525879861145,2.819276661546502,-3.264563820794457,2.6031141515352516,0.0,5.0,0.0,1.0,0.7187584774111637,-0.695259844338493
2022-05-17,33.3881777768673,1,2,35,0,0,0,0,0,0,0,0,0,0,0,1,1,0,0,0,0,26.787641813493305,29.16706337929184,32.4316272000863,26.49500141714905,28.929142618387893,19.41616342078968,29.22188999311173,30.72558343510608,29.462110797623797,28.502855186448084,27.157127345006966,2.9045193536161125,-2.379421565798534,-2.141500804894587,1.0,5.0,0.7818314824680298,0.6234898018587336,0.7066923167403818,-0.7075210028402775
2022-05-18,22.994816879058806,1,2,36,0,0,0,0,0,0,0,0,0,0,0,1,1,0,0,0,0,33.3881777768673,26.787641813493305,29.16706337929184,24.860312484764098,26.49500141714905,26.835247361350014,22.06693660937141,21.7955849865882,29.780960989884136,29.487594666407837,28.15512837044108,3.2093734564006797,6.600535963373996,6.89317635971825,2.0,5.0,0.9749279121818236,-0.22252093395631434,0.6944170258552806,-0.7195727858961222
2022-05-19,21.303054778435587,1,2,39,0,0,0,0,0,0,0,0,0,0,0,1,1,0,0,0,0,22.994816879058806,33.3881777768673,26.787641813493305,26.799516455862587,24.860312484764098,23.61112151163885,17.36040609048932,25.38140602163073,27.723545489806458,29.221095294164225,27.88081190742028,3.632154328809689,-10.393360897808495,-1.8654956057052914,3.0,5.0,0.43388373911755823,-0.900968867902419,0.6819362373611009,-0.7314116270430655
2022-05-20,24.57954673078913,1,2,36,0,0,0,0,0,0,0,0,0,0,0,1,1,0,0,0,0,21.303054778435587,22.994816879058806,33.3881777768673,32.97882355448943,26.799516455862587,26.435521226923075,23.235198151140256,28.40569554872333,25.895349811453883,28.435886483103225,27.715949997905764,4.549148536937952,-1.6917621006232189,-5.496461677427,4.0,5.0,-0.433883739117558,-0.9009688679024191,0.6692536446756302,-0.743034022833669
2022-05-21,17.821965948677796,2,3,33,0,0,0,1,0,1,0,0,0,0,0,1,1,0,0,0,0,24.57954673078913,21.303054778435587,22.994816879058806,32.4316272000863,32.97882355448943,28.888651158114804,18.32642428838948,25.902553047687167,22.95913946276116,27.23598979400318,27.58338039103905,4.2931520467731055,3.276491952353542,-8.399276823700301,5.0,5.0,-0.9749279121818236,-0.2225209339563146,0.6563730009362144,-0.7544365338727892
2022-05-22,13.09644669984282,1,3,27,0,0,0,1,0,0,0,0,0,0,0,1,1,0,0,0,0,17.821965948677796,24.57954673078913,21.303054778435587,29.16706337929184,32.4316272000863,26.563949227756588,26.045316202067475,27.085149743002816,21.23485581930083,25.14889532951625,26.792902876079264,4.783237625231451,-6.757580782111333,-14.6096612514085,6.0,5.0,-0.7818314824680299,0.6234898018587334,0.6432981178891005,-0.7656157858353895
2022-05-23,14.731082143775614,1,2,21,0,0,0,0,0,0,0,0,0,0,0,1,1,0,0,0,0,13.09644669984282,17.821965948677796,24.57954673078913,26.787641813493305,29.16706337929184,28.929142618387893,22.85922130145188,29.171930912457096,18.499319793103236,22.853092946737824,25.83093840979971,6.0044795026629165,-4.725519248834976,-16.070616679449017,0.0,5.0,0.0,1.0,0.630032864761432,-0.7765684704650989
2022-05-24,20.348911223642325,2,2,17,0,0,0,0,0,1,0,0,0,0,0,1,1,0,0,0,0,14.731082143775614,13.09644669984282,17.821965948677796,33.3881777768673,26.787641813493305,26.49500141714905,19.41616342078968,29.22188999311173,15.216498264098732,21.130727279635295,24.81679123304169,6.348194332084285,1.634635443932794,-12.056559669717691,1.0,5.0,0.7818314824680298,0.6234898018587336,0.6165811671162346,-0.7872913465532199
2022-05-25,17.519750953572423,1,2,16,0,0,0,0,0,0,0,0,0,0,0,1,1,0,0,0,0,20.348911223642325,14.731082143775614,13.09644669984282,22.994816879058806,33.3881777768673,24.860312484764098,26.835247361350014,22.06693660937141,16.058813355753575,19.267974914888867,24.377784790648352,3.9310888711851164,5.617829079866711,-13.039266553224977,2.0,5.0,0.9749279121818236,-0.22252093395631434,0.6029470056907332,-0.797781240897891
2022-05-26,10.248244211367869,2,3,21,0,0,0,0,0,1,0,0,0,0,0,1,1,0,0,0,0,17.519750953572423,20.348911223642325,14.731082143775614,21.303054778435587,22.994816879058806,26.799516455862587,23.61112151163885,17.36040609048932,17.533248106996776,18.485822639819386,23.853458966991806,3.646109839175716,-2.8291602700699023,-5.475065925486383,3.0,5.0,0.43388373911755823,-0.900968867902419,0.5891344152183375,-0.80803504924313
2022-05-27,19.197231389838628,2,3,20,0,0,0,0,0,1,0,0,0,0,0,1,1,0,0,0,0,10.248244211367869,17.519750953572423,20.348911223642325,24.57954673078913,21.303054778435587,32.97882355448943,26.435521226923075,23.235198151140256,16.038968796194194,16.90656398738114,22.671225235242183,4.400021346024038,-7.271506742204554,-11.054810567067719,4.0,5.0,-0.433883739117558,-0.9009688679024191,0.5751474832346518,-0.8180497371974677
2022-05-28,13.339128016270053,1,3,17,0,0,0,1,0,0,0,0,0,0,0,1,1,0,0,0,0,19.197231389838628,10.248244211367869,17.519750953572423,17.821965948677796,24.57954673078913,32.4316272000863,28.888651158114804,18.32642428838948,15.655075518259627,16.137661795816783,21.686825794909982,3.3328523567866566,8.948987178470759,-5.382315340950502,5.0,5.0,-0.9749279121818236,-0.2225209339563146,0.5609903488678573,-0.8278223411319121
2022-05-29,18.86420651160088,2,2,18,0,0,0,1,0,1,0,0,0,0,0,1,1,0,0,0,0,13.339128016270053,19.197231389838628,10.248244211367869,13.09644669984282,17.821965948677796,29.16706337929184,26.563949227756588,26.045316202067475,14.261534539158838,15.49725637690139,20.323075853208824,3.378068149461746,-5.858103373568575,-4.482837932407744,6.0,5.0,-0.7818314824680299,0.6234898018587334,0.546667201613826,-0.83734996905697
2022-05-30,18.41922836211516,2,2,23,0,0,0,0,0,1,0,0,0,0,0,1,1,0,0,0,0,18.86420651160088,13.339128016270053,19.197231389838628,14.731082143775614,13.09644669984282,26.787641813493305,28.929142618387893,22.85922130145188,17.13352197256984,16.321222064295398,19.58715750551661,3.395363243410684,5.525078495330828,5.76775981175806,0.0,5.0,0.0,1.0,0.5321822800963331,-0.8466298014784668
2022-05-31,12.694313544165771,1,3,24,0,0,0,0,0,0,0,0,0,0,0,1,1,0,0,0,0,18.41922836211516,18.86420651160088,13.339128016270053,20.348911223642325,14.731082143775614,33.3881777768673,26.49500141714905,19.41616342078968,16.87418762999535,16.848100095486764,18.98941368756103,3.3938878490504414,-0.44497814948572056,3.6881462183395453,1.0,5.0,0.7818314824680298,0.6234898018587336,0.5175398708127256,-0.8556590922319165
2022-06-01,14.345637673705692,1,3,19,0,0,0,0,0,0,0,0,0,0,0,1,1,0,0,0,0,12.694313544165771,18.41922836211516,18.86420651160088,17.519750953572423,20.348911223642325,22.994816879058806,24.860312484764098,26.835247361350014,16.65924947262726,15.754586141275825,17.51128052808235,3.322158891574363,-5.724914817949388,-7.654597679476554,2.0,6.0,0.9749279121818236,-0.22252093395631434,0.5027443068654295,-0.8644351692951872
2022-06-02,13.857868019601122,2,3,25,0,1,0,0,1,1,0,0,0,0,0,1,1,0,0,0,0,14.345637673705692,12.694313544165771,18.41922836211516,10.248244211367869,17.519750953572423,21.303054778435587,26.799516455862587,23.61112151163885,15.15305985999553,15.301141387009151,16.893482013414268,3.2664358439734373,1.6513241295399208,-3.174113279866731,3.0,6.0,0.43388373911755823,-0.900968867902419,0.4877999666796597,-0.8729554355792298
2022-06-03,12.335025380084517,2,3,24,0,1,0,0,1,1,0,0,0,0,0,1,1,0,0,0,0,13.857868019601122,14.345637673705692,12.694313544165771,19.197231389838628,10.248244211367869,24.57954673078913,32.97882355448943,26.435521226923075,13.63260641249085,15.816801931042473,16.361682959211805,2.6559138709226944,-0.48776965410456974,3.6096238082332537,4.0,6.0,-0.433883739117558,-0.9009688679024191,0.47271127270772273,-0.8812173696966288
2022-06-04,12.791878171939498,2,3,23,0,0,1,0,1,1,0,0,0,0,0,1,1,0,0,0,0,12.335025380084517,13.857868019601122,14.345637673705692,13.339128016270053,19.197231389838628,17.821965948677796,32.4316272000863,28.888651158114804,13.512843691130433,14.836486786791884,15.487074291304333,2.4884157202896566,-1.5228426395166057,-6.862206009754111,5.0,6.0,-0.9749279121818236,-0.2225209339563146,0.4574826901202872,-0.8892185267077521
2022-06-05,11.269035532422892,2,3,23,0,1,0,0,1,1,0,0,0,0,0,1,1,0,0,0,0,12.791878171939498,12.335025380084517,13.857868019601122,18.86420651160088,13.339128016270053,13.09644669984282,29.16706337929184,26.563949227756588,12.994923857208368,14.758308237601806,15.127782307251598,2.5422444380701035,0.4568527918549812,-0.5472498443305547,6.0,6.0,-0.7818314824680299,0.6234898018587334,0.4421187254850124,-0.8969565388442788
2022-06-06,15.38071065911773,2,2,18,0,0,0,0,0,1,0,0,0,0,0,1,1,0,0,0,0,11.269035532422892,12.791878171939498,12.335025380084517,18.41922836211516,18.86420651160088,14.731082143775614,26.787641813493305,28.929142618387893,12.131979694815625,13.67328381200495,14.997252938150174,2.1486449160201837,-1.5228426395166057,-7.595170979177988,0.0,6.0,0.0,1.0,0.42662392543293065,-0.904429116209887
2022-06-07,11.09289500609071,2,2,16,0,0,0,0,0,1,0,0,0,0,0,1,1,0,0,0,0,15.38071065911773,11.269035532422892,12.791878171939498,12.694313544165771,18.41922836211516,20.348911223642325,33.3881777768673,26.49500141714905,13.147208121160029,13.23920985443389,15.043654974960324,1.2755447120464232,4.111675126694838,-3.0385177029974297,1.0,6.0,0.7818314824680298,0.6234898018587336,0.4110028753129673,-0.9116340474579004
2022-06-08,22.71629767950218,2,2,15,0,0,0,0,0,1,0,0,0,0,0,1,1,0,0,0,0,11.09289500609071,15.38071065911773,11.269035532422892,14.345637673705692,12.694313544165771,17.519750953572423,22.994816879058806,24.860312484764098,12.580880399210434,13.010435777566025,14.382510959420925,1.4799851629832963,-4.287815653027019,-1.6014185380750607,2.0,6.0,0.9749279121818236,-0.22252093395631434,0.3952601978350095,-0.9185692004456872
2022-06-09,22.88291709700065,2,3,16,0,0,0,0,0,1,0,0,0,0,0,1,1,0,0,0,0,22.71629767950218,11.09289500609071,15.38071065911773,13.857868019601122,14.345637673705692,10.248244211367869,21.303054778435587,26.799516455862587,16.396634448236863,14.206244349822665,14.753692868415907,3.7367628607846557,11.62340267341147,8.370660005796488,3.0,6.0,0.43388373911755823,-0.900968867902419,0.37940055170191456,-0.9252325228656215
2022-06-10,16.51564831812451,2,2,18,0,0,0,0,0,1,0,0,0,0,0,1,1,0,0,0,0,22.88291709700065,22.71629767950218,11.09289500609071,12.335025380084517,13.857868019601122,19.197231389838628,24.57954673078913,32.97882355448943,18.89736992753117,15.495537075165455,15.656169503103964,4.799868011830928,0.1666194174984703,9.025049077399528,4.0,6.0,-0.433883739117558,-0.9009688679024191,0.36342863023086686,-0.9316220428524198
2022-06-11,14.26230122036156,2,3,23,0,0,0,1,0,1,0,0,0,0,0,1,1,0,0,0,0,16.51564831812451,22.88291709700065,22.71629767950218,12.791878171939498,12.335025380084517,13.339128016270053,17.821965948677796,32.4316272000863,20.704954364875764,16.09276892345688,15.464627855124382,4.626416727044756,-6.3672687788761415,4.180622938039992,5.0,6.0,-0.9749279121818236,-0.2225209339563146,0.34734915996449583,-0.9377358695666702
2022-06-12,8.675442491196609,2,3,27,0,0,0,1,0,1,0,0,0,0,0,1,1,0,0,0,0,14.26230122036156,16.51564831812451,22.88291709700065,11.269035532422892,12.791878171939498,18.86420651160088,13.09644669984282,29.16706337929184,17.886955545162227,16.302829358945747,15.530568798273777,4.503522061020272,-2.2533470977629495,1.4704230484220613,6.0,6.0,-0.7818314824680299,0.6234898018587334,0.331166899272155,-0.943572193754387
2022-06-13,9.289340101051303,2,3,24,0,0,0,0,0,1,0,0,0,0,0,1,1,0,0,0,0,8.675442491196609,14.26230122036156,16.51564831812451,15.38071065911773,11.269035532422892,18.41922836211516,14.731082143775614,26.787641813493305,13.15113067656088,15.932316067341992,14.802799939673472,4.9835295313127155,-5.58685872916495,-2.593593041226283,0.0,6.0,0.0,1.0,0.3148866369417895,-0.9491292882824182
2022-06-14,9.850871609738864,2,2,22,0,0,0,0,0,1,0,0,0,0,0,1,1,0,0,0,0,9.289340101051303,8.675442491196609,14.26230122036156,11.09289500609071,15.38071065911773,12.694313544165771,20.348911223642325,33.3881777768673,10.742361270869813,15.062120273332502,14.150665063883196,5.508086811345318,0.6138976098546944,-6.091370558066426,1.0,6.0,0.7818314824680298,0.6234898018587336,0.2985131907627956,-0.9544055086495544
2022-06-15,12.770375442356915,2,2,17,0,0,0,0,0,1,0,0,0,0,0,1,1,0,0,0,0,9.850871609738864,9.289340101051303,8.675442491196609,22.71629767950218,11.09289500609071,14.345637673705692,17.519750953572423,22.994816879058806,9.27188473399558,14.884688359567951,13.947562068566986,5.651234139204268,0.5615315086875601,-1.242023396351847,2.0,6.0,0.9749279121818236,-0.22252093395631434,0.28205140610030166,-0.959399293473183
2022-06-16,10.790733500175124,1,3,17,0,0,0,0,0,0,0,0,0,0,0,1,1,0,0,0,0,12.770375442356915,9.850871609738864,9.289340101051303,22.88291709700065,22.71629767950218,13.857868019601122,10.248244211367869,21.303054778435587,10.636862384382349,13.463842325690058,13.83504333775636,4.6684307776605145,2.9195038326180516,-9.945922237145265,3.0,6.0,0.43388373911755823,-0.900968867902419,0.2655061544612901,-0.9641091649513439
2022-06-17,8.527918781293,1,3,17,0,0,0,0,0,0,0,0,0,0,0,1,1,0,0,0,0,10.790733500175124,12.770375442356915,9.850871609738864,16.51564831812451,22.88291709700065,12.335025380084517,19.197231389838628,24.57954673078913,11.137326850756956,11.736387526143556,13.615962300654504,2.6752186061498,-1.9796419421817912,-12.092183596825526,4.0,6.0,-0.433883739117558,-0.9009688679024191,0.24888233205297766,-0.9685337293000545
2022-06-18,5.7868020301631065,1,3,21,0,0,0,1,0,0,0,0,0,0,0,1,1,0,0,0,0,8.527918781293,10.790733500175124,12.770375442356915,14.26230122036156,16.51564831812451,12.791878171939498,13.339128016270053,17.821965948677796,10.696342574608336,10.595283306596196,13.344026115026539,2.0154995206671704,-2.262814718882124,-7.987729536831509,5.0,6.0,-0.9749279121818236,-0.2225209339563146,0.23218485833388977,-0.9726716771657699
2022-06-19,5.634517766211446,2,3,24,0,0,0,1,0,1,0,0,0,0,0,1,1,0,0,0,0,5.7868020301631065,8.527918781293,10.790733500175124,8.675442491196609,14.26230122036156,11.269035532422892,18.86420651160088,13.09644669984282,8.368484770543732,9.384497707996417,12.843663533471082,1.994568613229582,-2.7411167511298933,-8.475499190198452,6.0,6.0,-0.7818314824680299,0.6234898018587334,0.21541867455805647,-0.9765217840128556
2022-06-20,5.939086294114768,1,3,22,0,0,0,0,0,0,0,0,0,0,0,1,1,0,0,0,0,5.634517766211446,5.7868020301631065,8.527918781293,9.289340101051303,8.675442491196609,15.38071065911773,18.41922836211516,14.731082143775614,6.649746192555838,8.950079890141394,12.441197978741693,2.393046058006819,-0.1522842639516604,-3.040924724985163,0.0,6.0,0.0,1.0,0.19858874231275225,-0.9800829104859646
2022-06-21,7.461928933631374,1,3,17,0,0,0,0,0,0,0,0,0,0,0,1,1,0,0,0,0,5.939086294114768,5.634517766211446,5.7868020301631065,9.850871609738864,9.289340101051303,11.09289500609071,12.694313544165771,20.348911223642325,5.786802030163095,8.471472203436175,11.766796238384341,2.6031358498765615,0.3045685279033217,-3.3502538069365357,1.0,6.0,0.7818314824680298,0.6234898018587336,0.18170004205022589,-0.983354002747203
2022-06-22,5.177664974356464,1,2,17,0,0,0,0,0,0,0,0,0,0,0,1,1,0,0,0,0,7.461928933631374,5.939086294114768,5.634517766211446,12.770375442356915,9.850871609738864,22.71629767950218,14.345637673705692,17.519750953572423,6.3451776646525175,8.130194678277963,11.507441518922958,2.5560951306252173,1.5228426395166066,-2.3889426761074892,2.0,6.0,0.9749279121818236,-0.22252093395631434,0.16475757161384025,-0.9863340927879916
2022-06-23,3.1979695429848745,1,2,15,0,0,0,0,0,0,0,0,0,0,0,1,1,0,0,0,0,5.177664974356464,7.461928933631374,5.939086294114768,10.790733500175124,12.770375442356915,22.88291709700065,13.857868019601122,10.248244211367869,6.192893400700857,7.045521754277898,10.254682039983978,1.8779130849521568,-2.2842639592749103,-7.592710468000451,3.0,6.0,0.43388373911755823,-0.900968867902419,0.14776634475907305,-0.9890222987155258
2022-06-24,1.8274111674199285,1,3,15,0,0,0,0,0,0,0,0,0,0,0,1,1,0,0,0,0,3.1979695429848745,5.177664974356464,7.461928933631374,8.527918781293,10.790733500175124,16.51564831812451,12.335025380084517,19.197231389838628,5.279187816990892,5.960841188965005,8.848614357554279,1.5687677775015503,-1.9796954313715895,-7.592763957190249,4.0,6.0,-0.433883739117558,-0.9009688679024191,0.13073138966980175,-0.991417825013754
2022-06-25,3.350253806936536,1,3,13,0,0,0,1,0,0,0,0,0,0,0,1,1,0,0,0,0,1.8274111674199285,3.1979695429848745,5.177664974356464,5.7868020301631065,8.527918781293,14.26230122036156,12.791878171939498,13.339128016270053,3.401015228253744,5.003625815554566,7.799454561075381,1.7447371418237887,-1.370558375564946,-6.7005076138730715,5.0,6.0,-0.9749279121818236,-0.2225209339563146,0.11365774747032338,-0.993519962778792
2022-06-26,2.588832487178232,1,3,13,0,0,0,1,0,0,0,0,0,0,0,1,1,0,0,0,0,3.350253806936536,1.8274111674199285,3.1979695429848745,5.634517766211446,5.7868020301631065,8.675442491196609,11.269035532422892,18.86420651160088,2.791878172447101,4.65554749795077,7.020022602973595,1.7960638816140002,1.5228426395166077,-2.4365482232265703,6.0,6.0,-0.7818314824680299,0.6234898018587334,0.09655047073354384,-0.9953280899287085
2022-06-27,3.807106598791517,1,3,13,0,0,0,0,0,0,0,0,0,0,0,1,1,0,0,0,0,2.588832487178232,3.350253806936536,1.8274111674199285,5.939086294114768,5.634517766211446,9.289340101051303,15.38071065911773,18.41922836211516,2.5888324871782205,4.220449600946025,6.58526474554371,1.8734488882287041,-0.7614213197583042,-3.045685279033214,0.0,6.0,0.0,1.0,0.07941462198577987,-0.9968416713876159
2022-06-28,3.1979695429848745,2,2,15,0,0,0,0,0,1,0,0,0,0,0,1,1,0,0,0,0,3.807106598791517,2.588832487178232,3.350253806936536,7.461928933631374,5.939086294114768,9.850871609738864,11.09289500609071,12.694313544165771,3.2487309643020836,3.9158810730427036,6.193676638239439,1.7376700983393067,1.218274111613285,-2.131979695323251,1.0,6.0,0.7818314824680298,0.6234898018587336,0.06225527220861048,-0.9980602592440156
2022-06-29,10.676480185319026,2,3,17,0,0,0,0,0,1,0,0,0,0,0,1,1,0,0,0,0,3.1979695429848745,3.807106598791517,2.588832487178232,5.177664974356464,7.461928933631374,12.770375442356915,22.71629767950218,14.345637673705692,3.1979695429848625,3.3067440172360607,5.718469347757012,0.9621469638815678,-0.6091370558066425,-4.2639593906465,2.0,6.0,0.9749279121818236,-0.22252093395631434,0.045077499338235225,-0.9989834928833466
2022-06-30,7.188223778787847,2,3,17,0,0,0,0,0,1,0,0,0,0,0,1,1,0,0,0,0,10.676480185319026,3.1979695429848745,3.807106598791517,3.1979695429848745,5.177664974356464,10.790733500175124,22.88291709700065,13.857868019601122,5.893852109031793,4.09228904737357,5.5689054008257335,2.7509267648632307,7.478510642334151,5.498815210962562,3.0,6.0,0.43388373911755823,-0.900968867902419,0.027886386762765406,-0.9996110990947017
2022-07-01,0.913705583709964,2,4,15,1,0,0,0,0,1,0,0,0,0,0,1,1,0,0,0,0,7.188223778787847,10.676480185319026,3.1979695429848745,1.8274111674199285,3.1979695429848745,8.527918781293,16.51564831812451,12.335025380084517,7.02089116903057,4.662325366773994,5.3115832778695,2.91507415016407,-3.4882564065311783,3.990254235802973,4.0,7.0,-0.433883739117558,-0.9009688679024191,0.010687021817909606,-0.9999428921516786
2022-07-02,1.0659898476616247,2,5,19,1,0,0,1,0,1,0,0,0,0,0,1,1,0,0,0,0,0.913705583709964,7.188223778787847,10.676480185319026,3.350253806936536,1.8274111674199285,5.7868020301631065,14.26230122036156,12.791878171939498,6.259469849272267,4.53179599767257,4.767710906613568,3.0561354554305344,-6.274518195077883,-0.9137055837099645,5.0,7.0,-0.9749279121818236,-0.2225209339563146,-0.006515505718515781,-0.9999787738673417
2022-07-03,2.588832487178232,2,5,25,1,0,0,1,0,1,0,0,0,0,0,1,1,0,0,0,0,1.0659898476616247,0.913705583709964,7.188223778787847,2.588832487178232,3.350253806936536,5.634517766211446,8.675442491196609,11.269035532422892,3.055973070053133,4.205472574919012,4.430510036434891,3.278721635482753,0.15228426395166073,-2.284263959274911,6.0,7.0,-0.7818314824680299,0.6234898018587334,-0.0237161051327942,-0.9997187336232778
2022-07-04,2.7411167511298924,2,3,28,0,0,0,0,0,1,0,0,0,0,0,1,1,0,0,0,0,2.588832487178232,1.0659898476616247,0.913705583709964,3.807106598791517,2.588832487178232,5.939086294114768,9.289340101051303,15.38071065911773,1.5228426395165944,4.205472574919012,4.212961087932519,3.278721635482753,1.5228426395166073,0.0,0.0,7.0,0.0,1.0,-0.04090968628179356,-0.999162848372739
2022-07-05,2.4365482232265707,2,3,20,0,0,0,0,0,1,0,0,0,0,0,1,1,0,0,0,0,2.7411167511298924,2.588832487178232,1.0659898476616247,3.1979695429848745,3.807106598791517,7.461928933631374,9.850871609738864,11.09289500609071,2.131979695323237,4.053188310967352,3.9845346920050275,3.318205581964813,0.1522842639516604,-1.0659898476616245,1.0,7.0,0.7818314824680298,0.6234898018587336,-0.05809116109928645,-0.99831128261787
2022-07-06,2.588832487178232,2,2,23,0,0,0,0,0,1,0,0,0,0,0,1,1,0,0,0,0,2.4365482232265707,2.7411167511298924,2.588832487178232,10.676480185319026,3.1979695429848745,5.177664974356464,12.770375442356915,22.71629767950218,2.588832487178219,3.944413836716165,3.625578926976113,3.3567143973517144,-0.3045685279033217,-0.7614213197583037,2.0,7.0,0.9749279121818236,-0.22252093395631434,-0.07525544510164994,-0.9971642883610266
2022-07-07,3.390691778757455,1,3,22,0,0,0,0,0,0,0,0,0,0,0,1,1,0,0,0,0,2.588832487178232,2.4365482232265707,2.7411167511298924,7.188223778787847,10.676480185319026,3.1979695429848745,10.790733500175124,22.88291709700065,2.588832487178219,2.7890355941246234,3.4406623207490967,1.9289268706706277,0.15228426395166128,-8.087647698140794,3.0,7.0,0.43388373911755823,-0.900968867902419,-0.09239745889250749,-0.9957222050302019
2022-07-08,2.3437441502385186,1,2,19,0,0,0,0,0,0,0,0,0,0,0,1,1,0,0,0,0,3.390691778757455,2.588832487178232,2.4365482232265707,0.913705583709964,7.188223778787847,1.8274111674199285,8.527918781293,16.51564831812451,2.8053574963874066,2.24653102269171,3.454428194732852,0.8446695987201337,0.8018592915792229,-3.7975320000303925,4.0,7.0,-0.433883739117558,-0.9009688679024191,-0.10951212966586969,-0.9939854593785795
2022-07-09,5.479826481009679,1,2,14,0,0,0,1,0,0,0,0,0,0,0,1,1,0,0,0,0,2.3437441502385186,3.390691778757455,2.588832487178232,1.0659898476616247,0.913705583709964,3.350253806936536,5.7868020301631065,14.26230122036156,2.774422805391389,2.4508222464815037,3.4913091220770376,0.6475392464180673,-1.0469476285189363,1.4300385665285544,5.0,7.0,-0.9749279121818236,-0.2225209339563146,-0.12659439270731607,-0.9919545653582456
2022-07-10,8.228057319723176,1,2,15,0,0,0,1,0,0,0,0,0,0,0,1,1,0,0,0,0,5.479826481009679,2.3437441502385186,3.390691778757455,2.588832487178232,1.0659898476616247,2.588832487178232,5.634517766211446,8.675442491196609,3.738087470001872,3.081370336959797,3.6434214559394045,1.0288078502178046,3.1360823307711607,4.413836633348055,6.0,7.0,-0.7818314824680299,0.6234898018587334,-0.14363919289279092,-0.9896301239680952
2022-07-11,10.888298128686465,1,2,20,0,0,0,0,0,0,0,0,0,0,0,1,1,0,0,0,0,8.228057319723176,5.479826481009679,2.3437441502385186,2.7411167511298924,2.588832487178232,3.807106598791517,5.939086294114768,9.289340101051303,5.350542650323779,3.886973884466218,4.046223229692615,2.0393252729931937,2.7482308387134964,5.639224832544944,0.0,7.0,0.0,1.0,-0.16064148618455396,-0.987012823075981
2022-07-12,10.26487940852282,1,2,15,0,0,0,0,0,0,0,0,0,0,0,1,1,0,0,0,0,10.888298128686465,8.228057319723176,5.479826481009679,2.4365482232265707,2.7411167511298924,3.1979695429848745,7.461928933631374,9.850871609738864,8.198727309806427,5.050856938402871,4.552022624685111,3.1015000804560398,2.660240808963289,8.147181377556572,1.0,7.0,0.7818314824680298,0.6234898018587336,-0.17759624112385647,-0.9841034372151523
2022-07-13,17.396030018334788,1,2,18,0,0,0,0,0,0,0,0,0,0,0,1,1,0,0,0,0,10.26487940852282,10.888298128686465,8.228057319723176,2.588832487178232,2.4365482232265707,10.676480185319026,5.177664974356464,12.770375442356915,9.793744952310808,6.169189964873764,5.056801900794964,3.3579725642859533,-0.6234187201636452,7.828331185296249,2.0,7.0,0.9749279121818236,-0.22252093395631434,-0.19449844031989072,-0.9809028273550494
2022-07-14,14.17431119061135,1,2,15,0,0,0,0,0,0,0,0,0,0,0,0,1,1,0,0,0,17.396030018334788,10.26487940852282,10.888298128686465,3.390691778757455,2.588832487178232,7.188223778787847,3.1979695429848745,10.790733500175124,12.84973585184801,8.284503897896128,5.536769746010377,4.793343075389835,7.131150609811968,14.807197531156556,3.0,7.0,0.43388373911755823,-0.900968867902419,-0.21134308193457638,-0.9774119406465193
2022-07-15,13.553299491697802,1,2,16,0,0,0,0,0,0,0,0,0,0,0,0,1,1,0,0,0,14.17431119061135,17.396030018334788,10.26487940852282,2.3437441502385186,3.390691778757455,0.913705583709964,1.8274111674199285,8.527918781293,13.945073539156306,9.8250209567324,6.0357759897120555,4.705028436177093,-3.2217188277234374,10.783619411853895,4.0,7.0,-0.433883739117558,-0.9009688679024191,-0.22812518116274869,-0.9736318101415252
2022-07-16,11.421319796374554,1,3,20,0,0,0,1,0,0,0,0,0,0,0,0,1,1,0,0,0,13.553299491697802,14.17431119061135,17.396030018334788,5.479826481009679,2.3437441502385186,1.0659898476616247,3.350253806936536,5.7868020301631065,15.041213566881302,11.426386005512297,6.938604125996901,3.6827981624878405,-0.6210116989135486,11.209555341459282,5.0,7.0,-0.9749279121818236,-0.2225209339563146,-0.24483977170729954,-0.9695635544874391
2022-07-17,14.771573603311086,1,4,25,1,0,0,1,0,0,0,0,0,0,0,0,1,1,0,0,0,11.421319796374554,13.553299491697802,14.17431119061135,8.228057319723176,5.479826481009679,2.588832487178232,2.588832487178232,5.634517766211446,13.049643492894555,12.275170764850134,7.6782705509049665,2.791221510726553,-2.1319796953232473,5.941493315364875,6.0,7.0,-0.7818314824680299,0.6234898018587334,-0.26148190724884907,-0.965208377596001
2022-07-18,10.812182740567913,1,3,21,0,0,0,0,0,0,0,0,0,0,0,0,1,1,0,0,0,14.771573603311086,11.421319796374554,13.553299491697802,10.888298128686465,8.228057319723176,2.7411167511298924,3.807106598791517,5.939086294114768,13.248730963794467,13.209958805362694,8.548466344914457,2.3382692556354057,3.350253806936532,6.543516283587911,0.0,7.0,0.0,1.0,-0.2780466629094963,-0.9605675682870481
2022-07-19,8.527918781293,1,3,15,0,0,0,0,0,0,0,0,0,0,0,0,1,1,0,0,0,10.812182740567913,14.771573603311086,11.421319796374554,10.26487940852282,10.888298128686465,2.4365482232265707,3.1979695429848745,7.461928933631374,12.335025380084504,13.199085178488616,9.124971058445743,2.3491918334335606,-3.9593908627431738,-0.07611538811855212,1.0,7.0,0.7818314824680298,0.6234898018587336,-0.2945291367102338,-0.9556424999071171
2022-07-20,4.263959390646499,1,3,15,0,0,0,0,0,0,0,0,0,0,0,0,1,1,0,0,0,8.527918781293,10.812182740567913,14.771573603311086,17.396030018334788,10.26487940852282,2.588832487178232,10.676480185319026,5.177664974356464,11.37055837505732,12.950947946027213,9.560068955450488,2.7100380413447698,-2.284263959274913,-1.73696062722982,2.0,7.0,0.9749279121818236,-0.22252093395631434,-0.3109244510215808,-0.9504346299230308
2022-07-21,7.157360405728053,1,2,29,0,0,0,0,0,0,0,0,0,0,0,0,1,1,0,0,0,4.263959390646499,8.527918781293,10.812182740567913,14.17431119061135,17.396030018334788,3.390691778757455,7.188223778787847,3.1979695429848745,7.868020304169124,11.07493785635746,9.679720877126794,3.432601300861232,-4.263959390646501,-13.13207062768829,3.0,7.0,0.43388373911755823,-0.900968867902419,-0.3272277540070095,-0.9449454994905939
2022-07-22,6.2436548220180885,1,3,26,0,0,0,0,0,0,0,0,0,0,0,0,1,1,0,0,0,7.157360405728053,4.263959390646499,8.527918781293,13.553299491697802,14.17431119061135,2.3437441502385186,0.913705583709964,1.8274111674199285,6.649746192555837,10.072516315659843,9.948768636196121,3.4055965962459678,2.8934010150815537,-7.0169507848832975,4.0,7.0,-0.433883739117558,-0.9009688679024191,-0.343434221058743,-0.9391767329985206
2022-07-23,5.025380710404803,1,3,31,0,0,0,1,0,0,0,0,0,0,0,0,1,1,0,0,0,6.2436548220180885,7.157360405728053,4.263959390646499,11.421319796374554,13.553299491697802,5.479826481009679,1.0659898476616247,3.350253806936536,5.888324872797534,9.028281362848457,10.227333684180378,3.2971407439245004,-0.9137055837099641,-7.309644669679713,5.0,7.0,-0.9749279121818236,-0.2225209339563146,-0.3595390562254921,-0.9331300375877322
2022-07-24,3.350253806936536,1,3,45,0,0,0,1,0,0,0,0,0,0,0,0,1,1,0,0,0,5.025380710404803,6.2436548220180885,7.157360405728053,14.771573603311086,11.421319796374554,8.228057319723176,2.588832487178232,2.588832487178232,6.142131979383635,8.114575779138491,10.194873271994313,3.3922292507985237,-1.2182741116132858,-6.395939085969752,6.0,7.0,-0.7818314824680299,0.6234898018587334,-0.3755374936317112,-0.9268072026461666
2022-07-25,2.588832487178232,1,3,25,0,0,0,0,0,0,0,0,0,0,0,0,1,1,0,0,0,3.350253806936536,5.025380710404803,6.2436548220180885,10.812182740567913,14.771573603311086,10.888298128686465,2.7411167511298924,3.807106598791517,4.87309644645313,6.482958665370698,9.846458735366696,2.3993587837468517,-1.6751269034682665,-11.42131979637455,0.0,7.0,0.0,1.0,-0.3914247988879585,-0.9202100992792468
2022-07-26,0.7614213197583035,1,3,21,0,0,0,0,0,0,0,0,0,0,0,0,1,1,0,0,0,2.588832487178232,3.350253806936536,5.025380710404803,8.527918781293,10.812182740567913,10.26487940852282,2.4365482232265707,3.1979695429848745,3.654822334839844,5.308194343457887,9.253639760973252,1.9661418756447033,-0.7614213197583042,-8.22335025338968,1.0,7.0,0.7818314824680298,0.6234898018587336,-0.4071962704919323,-0.9133406797561692
2022-07-27,0.0,1,3,39,0,0,0,0,0,0,0,0,0,0,0,0,1,1,0,0,0,0.7614213197583035,2.588832487178232,3.350253806936536,4.263959390646499,8.527918781293,17.396030018334788,2.588832487178232,10.676480185319026,2.2335025379576776,4.198694706095788,8.574821326061501,2.0265942747959658,-1.8274111674199285,-7.766497461534696,2.0,7.0,0.9749279121818236,-0.22252093395631434,-0.42284724121978184,-0.9062009769321702
2022-07-28,0.0,1,2,42,0,0,0,0,0,0,0,0,0,0,0,0,1,1,0,0,0,0.0,0.7614213197583035,2.588832487178232,7.157360405728053,4.263959390646499,14.17431119061135,3.390691778757455,7.188223778787847,1.1167512689788321,3.5895576502891453,7.332247753323301,2.5007722398463,-0.7614213197583035,-4.263959390646499,3.0,7.0,0.43388373911755823,-0.900968867902419,-0.4383730795072664,-0.8987931036469494
2022-07-29,0.0,1,2,46,0,0,0,0,0,0,0,0,0,0,0,0,1,1,0,0,0,0.0,0.0,0.7614213197583035,6.2436548220180885,7.157360405728053,13.553299491697802,2.3437441502385186,0.913705583709964,0.2538071065860881,2.567077592327995,6.31979695399392,2.2870593067966696,0.0,-7.157360405728053,4.0,7.0,-0.433883739117558,-0.9009688679024191,-0.45376919082036926,-0.8911192520994187
2022-07-30,10.700229470057597,1,2,71,0,0,0,1,0,0,0,0,0,0,0,0,1,1,0,0,0,0.0,0.0,0.0,5.025380710404803,6.2436548220180885,11.421319796374554,5.479826481009679,1.0659898476616247,0.0,1.6751269034682676,5.351704133158362,1.8561910665697543,0.0,-6.2436548220180885,5.0,7.0,-0.9749279121818236,-0.2225209339563146,-0.46903101901494954,-0.8831816931989691
2022-07-31,11.359325606518873,1,3,19,0,0,0,1,0,0,0,0,0,0,0,0,1,1,0,0,0,10.700229470057597,0.0,0.0,3.350253806936536,5.025380710404803,14.771573603311086,8.228057319723176,2.588832487178232,3.5667431566858525,2.485819583418667,5.30019768127858,3.580619147309997,10.700229470057597,5.674848759652794,6.0,7.0,-0.7818314824680299,0.6234898018587334,-0.4841540476850335,-0.8749827758934449
2022-08-01,0.6091370558066427,1,2,19,0,0,0,0,0,0,0,0,0,0,0,0,1,1,0,0,0,11.359325606518873,10.700229470057597,0.0,2.588832487178232,3.350253806936536,10.812182740567913,10.888298128686465,2.7411167511298924,7.353185025525477,3.629972697644715,5.056465681507707,4.759563193046691,0.659096136461276,8.009071799582337,0.0,8.0,0.0,1.0,-0.49913380149934533,-0.8665249264740237
2022-08-02,1.2182741116132856,2,2,33,0,0,0,0,0,1,0,0,0,0,0,0,1,1,0,0,0,0.6091370558066427,11.359325606518873,10.700229470057597,0.7614213197583035,2.588832487178232,8.527918781293,10.26487940852282,2.4365482232265707,7.556230710794357,3.3471590645916303,4.327676704024759,4.870548263360947,-10.75018855071223,-1.9796954313715893,1.0,8.0,0.7818314824680298,0.6234898018587336,-0.5139658475256869,-0.8578106478572077
2022-08-03,5.422699823581632,2,2,16,0,0,0,0,0,1,0,0,0,0,0,0,1,1,0,0,0,1.2182741116132856,0.6091370558066427,11.359325606518873,0.0,0.7614213197583035,4.263959390646499,17.396030018334788,2.588832487178232,4.395578924646254,3.4124237491423424,3.8055592276190646,4.838417359378013,0.6091370558066429,0.45685279185498207,2.0,8.0,0.9749279121818236,-0.22252093395631434,-0.5286457965427641,-0.8488425188441413
2022-08-04,15.097430905513068,2,3,13,0,0,0,0,0,1,0,0,0,0,0,0,1,1,0,0,0,5.422699823581632,1.2182741116132856,0.6091370558066427,0.0,0.0,7.157360405728053,14.17431119061135,3.390691778757455,2.4167036636671737,4.187095152511147,3.8883264014001457,4.660897236953464,4.204425711968346,5.422699823581632,3.0,8.0,0.43388373911755823,-0.900968867902419,-0.5431693043390854,-0.8396231933574692
2022-08-05,11.96375559672964,2,2,22,0,0,0,0,0,1,0,0,0,0,0,0,1,1,0,0,0,15.097430905513068,5.422699823581632,1.2182741116132856,0.0,0.0,6.2436548220180885,13.553299491697802,2.3437441502385186,7.246134946902649,6.3438709961558715,4.455474294241933,5.618968226628492,9.674731081931437,15.097430905513068,4.0,8.0,-0.433883739117558,-0.9009688679024191,-0.5575320729985326,-0.8301553996559674
2022-08-06,13.05349472912983,1,3,23,0,0,0,1,0,0,0,0,0,0,0,0,1,1,0,0,0,11.96375559672964,15.097430905513068,5.422699823581632,10.700229470057597,0.0,5.025380710404803,11.421319796374554,5.479826481009679,10.8279621086081,8.05297893854582,4.864052921007044,5.235874623618116,-3.1336753087834275,11.96375559672964,5.0,8.0,-0.9749279121818236,-0.2225209339563146,-0.571729852172239,-0.8204419395271731
2022-08-07,17.34355693731282,2,3,22,0,0,0,1,0,1,0,0,0,0,0,0,1,1,0,0,0,13.05349472912983,11.96375559672964,15.097430905513068,11.359325606518873,10.700229470057597,3.350253806936536,14.771573603311086,8.228057319723176,13.3715604104575,8.389159689841852,5.437489636630261,5.465564692198308,1.0897391324001902,2.3532652590722343,6.0,8.0,-0.7818314824680299,0.6234898018587334,-0.5857584403363858,-0.8104856874582578
2022-08-08,3.980786615421425,2,4,17,0,0,0,0,0,1,0,0,0,0,0,0,1,1,0,0,0,17.34355693731282,13.05349472912983,11.96375559672964,0.6091370558066427,11.359325606518873,2.588832487178232,10.812182740567913,10.888298128686465,14.120269087724083,9.244049879955273,6.437011288799995,6.271822082765933,4.290062208182988,5.984231330793946,0.0,8.0,0.0,1.0,-0.5996136860355509,-0.800289589785385
2022-08-09,17.876685584118118,2,4,16,0,0,0,0,0,1,0,0,0,0,0,0,1,1,0,0,0,3.980786615421425,17.34355693731282,13.05349472912983,1.2182741116132856,0.6091370558066427,0.7614213197583035,8.527918781293,10.26487940852282,11.459279427288012,9.725714102757385,6.536436583674508,5.692934008946582,-13.362770321891393,3.3716495596147826,1.0,8.0,0.7818314824680298,0.6234898018587336,-0.6132914891112445,-0.7898566638218052
2022-08-10,14.966649371881612,2,3,15,0,0,0,0,0,1,0,0,0,0,0,0,1,1,0,0,0,17.876685584118118,3.980786615421425,17.34355693731282,5.422699823581632,1.2182741116132856,0.0,4.263959390646499,17.396030018334788,13.06700971228411,12.105487170258076,7.75895545970021,5.088994362192191,13.895898968696692,16.65841147250483,2.0,8.0,0.9749279121818236,-0.22252093395631434,-0.6267878019152604,-0.7791899969649484
2022-08-11,8.044856194259559,2,2,20,0,0,0,0,0,1,0,0,0,0,0,0,1,1,0,0,0,14.966649371881612,17.876685584118118,3.980786615421425,15.097430905513068,5.422699823581632,0.0,7.157360405728053,14.17431119061135,12.274707190473706,13.468908534300928,8.828001843406039,4.339177391437994,-2.9100362122365055,9.543949548299981,3.0,8.0,0.43388373911755823,-0.900968867902419,-0.6400986305074876,-0.768292745782777
2022-08-12,12.78701063951186,1,2,22,0,0,0,0,0,0,0,0,0,0,0,0,1,1,0,0,0,8.044856194259559,14.966649371881612,17.876685584118118,11.96375559672964,15.097430905513068,0.0,6.2436548220180885,13.553299491697802,13.629397050086418,12.461397861264714,9.402634428710295,4.651603984810963,-6.921793177622053,-7.052574711253509,4.0,8.0,-0.433883739117558,-0.9009688679024191,-0.6532200358378337,-0.757168135079666
2022-08-13,17.82897305788183,1,2,22,0,0,0,1,0,0,0,0,0,0,0,0,1,1,0,0,0,12.78701063951186,8.044856194259559,14.966649371881612,13.05349472912983,11.96375559672964,10.700229470057597,5.025380710404803,11.421319796374554,11.932838735217665,12.579005724519318,10.31599233153257,4.647941049724144,4.742154445252302,0.8232550427822201,5.0,8.0,-0.9749279121818236,-0.2225209339563146,-0.6661481349118972,-0.7458194569420945
2022-08-31,9.370162554765738,1,2,23,0,0,0,0,0,0,0,0,0,0,0,0,1,1,0,0,0,17.82897305788183,12.78701063951186,8.044856194259559,17.34355693731282,13.05349472912983,11.359325606518873,3.350253806936536,14.771573603311086,12.886946630551071,13.261216914341032,10.825188302091444,5.004321338963327,5.041962418369968,4.775478328751998,2.0,8.0,0.9749279121818236,-0.22252093395631434,-0.8617363696560699,-0.507356313858394
2022-09-01,17.08424042446826,2,2,14,0,0,0,0,0,1,0,0,0,0,0,0,1,1,0,0,0,9.370162554765738,17.82897305788183,12.78701063951186,3.980786615421425,17.34355693731282,0.6091370558066427,2.588832487178232,10.812182740567913,13.328715417386462,12.122160573977164,10.68310522696622,4.850556418532655,-8.45881050311609,-7.973394382547081,3.0,9.0,0.43388373911755823,-0.900968867902419,-0.8703363706806498,-0.4924577158197792
2022-09-02,9.965071435405164,2,2,16,0,0,0,0,0,1,0,0,0,0,0,0,1,1,0,0,0,17.08424042446826,9.370162554765738,17.82897305788183,17.876685584118118,3.980786615421425,1.2182741116132856,0.7614213197583035,8.527918781293,14.761125345705262,13.994082546698138,11.859898324727762,3.7513217935527488,7.714077869702521,13.103453809046833,4.0,9.0,-0.433883739117558,-0.9009688679024191,-0.878678814593855,-0.4774133856354865
2022-09-03,8.75155787857755,2,2,18,0,0,0,1,0,1,0,0,0,0,0,0,1,1,0,0,0,9.965071435405164,17.08424042446826,9.370162554765738,14.966649371881612,17.876685584118118,5.422699823581632,0.0,4.263959390646499,12.139824804879709,12.863851954024861,12.484669562141468,3.600065123060288,-7.119168989063095,-7.911614148712953,5.0,9.0,-0.9749279121818236,-0.2225209339563146,-0.8867612326309313,-0.46222777534768655
2022-09-04,9.232213444360884,2,3,21,0,0,0,1,0,1,0,0,0,0,0,0,1,1,0,0,0,8.75155787857755,9.965071435405164,17.08424042446826,8.044856194259559,14.966649371881612,15.097430905513068,0.0,7.157360405728053,11.933623246150312,11.97598174069571,12.72244513749832,3.735816858548779,-1.213513556827614,-6.215091493304062,6.0,9.0,-0.7818314824680299,0.6234898018587334,-0.8945812329761252,-0.44690537880732156
2022-09-05,5.037255353511706,1,2,20,0,0,0,0,0,0,0,0,0,0,0,0,1,1,0,0,0,9.232213444360884,8.75155787857755,9.965071435405164,12.78701063951186,8.044856194259559,11.96375559672964,0.0,6.2436548220180885,9.316280919447854,12.145604204995896,12.303501033130305,3.5770579919354097,0.48065556578333357,1.187357250101325,0.0,9.0,0.0,1.0,-0.9021365014704882,-0.4314507303442513
2022-09-06,5.770113344555986,1,2,28,0,0,0,0,0,0,0,0,0,0,0,0,1,1,0,0,0,5.037255353511706,9.232213444360884,8.75155787857755,17.82897305788183,12.78701063951186,13.05349472912983,10.700229470057597,5.025380710404803,7.673675558816701,11.038496306995876,11.808751015757595,4.327731392495619,-4.194958090849178,-7.749755286000155,1.0,9.0,0.7818314824680298,0.6234898018587336,-0.9094248022967037,-0.4158684034254122
2022-09-07,9.079929180409223,1,2,50,0,0,0,0,0,0,0,0,0,0,0,0,1,1,0,0,0,5.770113344555986,5.037255353511706,9.232213444360884,9.370162554765738,17.82897305788183,17.34355693731282,11.359325606518873,3.350253806936536,6.679860714142845,9.31580206223504,11.288509488288037,3.6248422497148876,0.7328579910442796,-12.058859713325843,2.0,9.0,0.9749279121818236,-0.22252093395631434,-0.9164439786407274,-0.4001630093014021
2022-09-08,10.650323878592744,2,3,42,0,0,0,0,0,1,0,0,0,0,0,0,1,1,0,0,0,9.079929180409223,5.770113344555986,5.037255353511706,17.08424042446826,9.370162554765738,3.980786615421425,0.6091370558066427,2.588832487178232,6.629099292825625,9.27434015161268,10.698250362794923,3.625643128570081,3.3098158358532377,-0.2902333743565144,3.0,9.0,0.43388373911755823,-0.900968867902419,-0.9231919533300499,-0.38433919564187974
2022-09-09,14.295571614671465,2,4,24,1,1,0,0,1,1,0,0,0,0,0,0,1,1,0,0,0,10.650323878592744,9.079929180409223,5.770113344555986,9.965071435405164,17.08424042446826,17.876685584118118,1.2182741116132856,0.7614213197583035,8.500122134519303,8.355209216487609,11.174645881592875,1.9640408012880892,1.5703946981835202,-6.433916545875515,4.0,9.0,-0.433883739117558,-0.9009688679024191,-0.9296667294483892,-0.3684016451601911
2022-09-10,4.485244955133112,1,2,22,0,1,0,0,1,0,0,0,0,0,0,0,1,1,0,0,0,14.295571614671465,10.650323878592744,9.079929180409223,8.75155787857755,9.965071435405164,14.966649371881612,5.422699823581632,0.0,11.341941557891131,8.973852099239936,10.918852026632399,2.8540550056534184,3.645247736078721,4.3305001792663,5.0,9.0,-0.9749279121818236,-0.2225209339563146,-0.9358663909266379,-0.35235507422761664
2022-09-11,7.671286366558909,1,2,33,0,0,1,0,1,0,0,0,0,0,0,0,1,1,0,0,0,4.485244955133112,14.295571614671465,10.650323878592744,9.232213444360884,8.75155787857755,8.044856194259559,15.097430905513068,0.0,9.81038014946576,8.36437882446216,10.170180282578936,3.262719844633937,-9.810326659538353,-4.266312923444438,6.0,9.0,-0.7818314824680299,0.6234898018587334,-0.9417891031098783,-0.3362042314776705
2022-09-12,5.834354089567643,2,2,40,0,1,0,0,1,1,0,0,0,0,0,0,1,1,0,0,0,7.671286366558909,4.485244955133112,14.295571614671465,5.037255353511706,9.232213444360884,12.78701063951186,11.96375559672964,0.0,8.817367645454482,8.14138924191902,10.143496723457458,3.249099990595754,3.186041411425797,-1.560927077801975,0.0,9.0,0.0,1.0,-0.9474331133003114,-0.3199538964008396
2022-09-13,13.43658566640181,2,2,33,0,0,0,0,0,1,0,0,0,0,0,0,1,1,0,0,0,5.834354089567643,7.671286366558909,4.485244955133112,5.770113344555986,5.037255353511706,17.82897305788183,13.05349472912983,10.700229470057597,5.996961803753209,8.255260489927013,9.646878398461443,3.150794743539003,-1.8369322769912655,0.7970987360559372,1.0,9.0,0.7818314824680298,0.6234898018587336,-0.9527967512759288,-0.3036088779302013
2022-09-14,7.07167042032361,2,2,35,0,0,0,0,0,1,0,0,0,0,0,0,1,1,0,0,0,13.43658566640181,5.834354089567643,7.671286366558909,9.079929180409223,5.770113344555986,9.370162554765738,17.34355693731282,11.359325606518873,8.980742040842774,9.350470821619272,9.333136441927156,3.4177337346572014,7.602231576834166,7.6664723218458235,2.0,9.0,0.9749279121818236,-0.22252093395631434,-0.9578784297847783,-0.287174013018322
2022-09-15,6.726663921336991,2,1,55,0,0,0,0,0,1,0,0,0,0,0,0,1,1,0,0,0,7.07167042032361,13.43658566640181,5.834354089567643,10.650323878592744,9.079929180409223,17.08424042446826,3.980786615421425,0.6091370558066427,8.780870058764341,9.063576713035612,9.168958432324148,3.5114081027749293,-6.3649152460781995,-2.0082587600856137,3.0,9.0,0.43388373911755823,-0.900968867902419,-0.9626766450146765,-0.2706541652058703
2022-09-16,11.495028162505372,1,2,49,0,0,0,0,0,0,0,0,0,0,0,0,1,1,0,0,0,6.726663921336991,7.07167042032361,13.43658566640181,14.295571614671465,10.650323878592744,9.965071435405164,17.876685584118118,1.2182741116132856,9.078306669354122,8.503053861999078,8.429131539243341,3.5265118705618805,-0.34500649898661884,-3.9236599572557527,4.0,9.0,-0.433883739117558,-0.9009688679024191,-0.9671899770382298,-0.25405422318235227
2022-09-17,11.173824437447106,1,3,31,0,0,0,1,0,0,0,0,0,0,0,0,1,1,0,0,0,11.495028162505372,6.726663921336991,7.07167042032361,4.485244955133112,14.295571614671465,8.75155787857755,14.966649371881612,5.422699823581632,8.431120834721979,8.10297622597535,8.538414162607642,2.960024500584861,4.768364241168381,-2.8005434521660924,5.0,9.0,-0.9749279121818236,-0.2225209339563146,-0.971417090233031,-0.23737909933941392
2022-09-18,7.728413023986958,1,3,46,0,0,0,1,0,0,0,0,0,0,0,0,1,1,0,0,0,11.173824437447106,11.495028162505372,6.726663921336991,7.671286366558909,4.485244955133112,9.232213444360884,8.044856194259559,15.097430905513068,9.798505507096477,9.058487580591635,8.711433202526896,2.706693577482686,-0.32120372505826644,6.688579482313994,6.0,9.0,-0.7818314824680299,0.6234898018587334,-0.9753567336769071,-0.2206337283171249
2022-09-19,15.787443903486317,1,3,39,0,0,0,0,0,0,0,0,0,0,0,0,1,1,0,0,0,7.728413023986958,11.173824437447106,11.495028162505372,5.834354089567643,7.671286366558909,5.037255353511706,12.78701063951186,11.96375559672964,10.132421874646466,9.066648531652785,8.604018886785903,2.7025817224794477,-3.445411413460148,0.05712665742804912,0.0,9.0,0.0,1.0,-0.9790077415181033,-0.2038230655436782
2022-09-20,11.580611170267856,1,2,57,0,0,0,0,0,0,0,0,0,0,0,0,1,1,0,0,0,15.787443903486317,7.728413023986958,11.173824437447106,13.43658566640181,5.834354089567643,5.770113344555986,17.82897305788183,13.05349472912983,11.563227121640113,10.488518505069736,9.371889497498374,3.2003794258839555,8.059030879499359,9.953089813918673,1.0,9.0,0.7818314824680298,0.6234898018587336,-0.9823690333202907,-0.1869520857689416
2022-09-21,8.925184405280037,1,2,62,0,0,0,0,0,0,0,0,0,0,0,0,1,1,0,0,0,11.580611170267856,15.787443903486317,7.728413023986958,7.07167042032361,13.43658566640181,9.079929180409223,9.370162554765738,17.34355693731282,11.698822699247032,10.223379291336315,9.786925056477795,3.016773917150343,-4.2068327332184605,-1.8559744961339533,2.0,9.0,0.9749279121818236,-0.22252093395631434,-0.9854396143822979,-0.17002578159228698
2022-09-22,7.012136740907833,2,3,39,0,0,0,0,0,1,0,0,0,0,0,0,1,1,0,0,0,8.925184405280037,11.580611170267856,15.787443903486317,6.726663921336991,7.07167042032361,10.650323878592744,17.08424042446826,3.980786615421425,12.09774649301139,10.488167003472949,9.77587185825428,2.802237052720115,-2.655426764987819,1.853513984956427,3.0,9.0,0.43388373911755823,-0.900968867902419,-0.9882185760324722,-0.1530491619851375
2022-09-23,18.366701791903413,2,2,35,0,0,0,0,0,1,0,0,0,0,0,0,1,1,0,0,0,7.012136740907833,8.925184405280037,11.580611170267856,11.495028162505372,6.726663921336991,14.295571614671465,9.965071435405164,17.876685584118118,9.17264410548523,10.528948834840211,9.516001348419644,2.748765082266816,-1.913047664372204,0.2854728195708418,4.0,9.0,-0.433883739117558,-0.9009688679024191,-0.9907050958975805,-0.13602725080867392
2022-09-24,19.104320337733363,1,2,63,0,0,0,1,0,0,0,0,0,0,0,0,1,1,0,0,0,18.366701791903413,7.012136740907833,8.925184405280037,11.173824437447106,11.495028162505372,4.485244955133112,8.75155787857755,14.966649371881612,11.434674312697082,11.510616496182788,9.80679636107907,3.9031366271198937,11.35456505099558,6.871673629398041,5.0,9.0,-0.9749279121818236,-0.2225209339563146,-0.9928984381461724,-0.11896508532713071
2022-09-25,23.087460485215097,1,2,61,0,0,0,1,0,0,0,0,0,0,0,0,1,1,0,0,0,19.104320337733363,18.366701791903413,7.012136740907833,7.728413023986958,11.173824437447106,7.671286366558909,9.232213444360884,8.044856194259559,14.827719623514858,12.643544481937967,10.851016031264802,4.708769282728221,0.7376185458299496,7.930495900286257,6.0,9.0,-0.7818314824680299,0.6234898018587334,-0.994797953706334,-0.10186771471713056
2022-09-26,11.732895434219516,1,2,61,0,0,0,0,0,0,0,0,0,0,0,0,1,1,0,0,0,23.087460485215097,19.104320337733363,18.366701791903413,15.787443903486317,7.728413023986958,5.834354089567643,5.037255353511706,12.78701063951186,20.18616087161728,14.837694119256273,11.952171325454529,5.430395577852381,3.983140147481734,15.359047461228139,0.0,9.0,0.0,1.0,-0.9964030804577665,-0.08474019857348533
2022-09-27,15.268703899417613,1,2,61,0,0,0,0,0,0,0,0,0,0,0,0,1,1,0,0,0,11.732895434219516,23.087460485215097,19.104320337733363,11.580611170267856,15.787443903486317,13.43658566640181,5.770113344555986,17.82897305788183,17.974892085722644,14.258472909361018,12.373495707215378,5.513796237953938,-11.35456505099558,-4.0545484692668,1.0,9.0,0.7818314824680298,0.6234898018587336,-0.9977133433981337,-0.06758760541192248
2022-09-28,1.0326659648995584,1,2,68,0,0,0,0,0,0,0,0,0,0,0,0,1,1,0,0,0,15.268703899417613,11.732895434219516,23.087460485215097,8.925184405280037,11.580611170267856,7.07167042032361,9.079929180409223,9.370162554765738,16.69635327295073,14.785343299239553,12.504361295287936,5.407932255772607,3.5358084651980963,3.6880927291497567,2.0,9.0,0.9749279121818236,-0.22252093395631434,-0.9987283547836282,-0.050415011169167266
2022-09-29,8.266088268818745,1,2,73,0,0,0,0,0,0,0,0,0,0,0,0,0,1,1,0,0,1.0326659648995584,15.268703899417613,11.732895434219516,7.012136740907833,8.925184405280037,6.726663921336991,10.650323878592744,17.08424042446826,9.344755099512216,13.657840664899485,12.073003834186215,7.077287164363918,-14.236037934518054,-7.892518440380479,3.0,9.0,0.43388373911755823,-0.900968867902419,-0.999447814243716,-0.03322749770082888
2022-09-30,13.80298791732906,1,2,83,0,1,0,0,1,0,0,0,0,0,0,0,0,1,1,0,0,8.266088268818745,1.0326659648995584,15.268703899417613,18.366701791903413,7.012136740907833,11.495028162505372,14.295571614671465,9.965071435405164,8.189152711045292,13.836976597458188,12.182962716149197,6.920951015648481,7.233422303919187,1.2539515279109121,4.0,9.0,-0.433883739117558,-0.9009688679024191,-0.9998715088700244,-0.01603015127753844
2022-10-01,26.25922023228389,1,2,88,0,1,0,0,1,0,0,0,0,0,0,0,0,1,1,0,0,13.80298791732906,8.266088268818745,1.0326659648995584,19.104320337733363,18.366701791903413,11.173824437447106,4.485244955133112,8.75155787857755,7.700580717015775,13.185017472518995,12.347816984350889,6.674089886762366,5.536899648510316,-4.563713874574352,5.0,10.0,-0.9749279121818236,-0.2225209339563146,-0.9999993132793479,0.001171938920223869
2022-10-02,18.5142255010694,1,2,73,0,0,1,0,1,0,0,0,0,0,0,0,0,1,1,0,0,26.25922023228389,13.80298791732906,8.266088268818745,23.087460485215097,19.104320337733363,7.728413023986958,7.671286366558909,9.232213444360884,16.10943213947722,14.207146028883354,13.425345255410662,7.931742148835047,12.45623231495483,7.154899894550528,6.0,10.0,-0.7818314824680299,0.6234898018587334,-0.9998311896507523,0.018373682308162793
2022-10-03,12.613277134429794,1,2,58,0,0,1,0,1,0,0,0,0,0,0,0,0,1,1,0,0,18.5142255010694,26.25922023228389,13.80298791732906,11.732895434219516,23.087460485215097,15.787443903486317,5.834354089567643,5.037255353511706,19.52547788356077,13.553826745433968,14.195760432345121,7.3396272846470705,-7.74499473121449,-4.573234984145696,0.0,10.0,0.0,1.0,-0.9993671877367676,0.03556998840461302
2022-10-04,22.054794521053168,1,2,55,0,0,1,0,1,0,0,0,0,0,0,0,0,1,1,0,0,12.613277134429794,18.5142255010694,26.25922023228389,15.268703899417613,11.732895434219516,11.580611170267856,13.43658566640181,5.770113344555986,19.12890762259435,13.679595559749723,13.96903423455537,7.314848098322911,-5.900948366639607,0.8803817002102772,1.0,10.0,0.7818314824680298,0.6234898018587336,-0.9986074448486638,0.05275576833695822
2022-10-05,14.383561644421672,1,3,48,0,0,1,0,1,0,0,0,0,0,0,0,0,1,1,0,0,22.054794521053168,12.613277134429794,18.5142255010694,1.0326659648995584,15.268703899417613,8.925184405280037,7.07167042032361,9.079929180409223,17.727432385517442,14.649037077126232,14.717190188182894,7.8884091574527435,9.441517386623374,6.786090621635555,2.0,10.0,0.9749279121818236,-0.22252093395631434,-0.9975521858158177,0.06992593634756863
2022-10-06,13.217653635450771,1,3,43,0,0,1,0,1,0,0,0,0,0,0,0,0,1,1,0,0,14.383561644421672,22.054794521053168,12.613277134429794,8.266088268818745,1.0326659648995584,7.012136740907833,6.726663921336991,10.650323878592744,16.350544433301533,16.556307888486533,15.107074276693009,5.666822422185709,-7.671232876631496,13.350895679522113,3.0,10.0,0.43388373911755823,-0.900968867902419,-0.9962017229191789,0.08707541129882572
2022-10-07,12.986846962130436,1,2,40,0,1,0,0,1,0,0,0,0,0,0,0,0,1,1,0,0,13.217653635450771,14.383561644421672,22.054794521053168,13.80298791732906,8.266088268818745,18.366701791903413,11.495028162505372,14.295571614671465,16.552003266975188,17.263674369433964,15.550325483446075,4.835972853263629,-1.1659080089709004,4.9515653666320265,4.0,10.0,-0.433883739117558,-0.9009688679024191,-0.9945564557988568,0.10419911817677069
2022-10-08,10.443266490010974,1,2,63,0,0,0,0,0,0,0,0,0,0,0,0,0,1,1,0,0,12.986846962130436,13.217653635450771,14.383561644421672,26.25922023228389,13.80298791732906,19.104320337733363,11.173824437447106,4.485244955133112,13.529354080667614,17.14708280440559,15.166050138462293,4.9269837319362235,-0.23080667332033578,-0.816140955198625,5.0,10.0,-0.9749279121818236,-0.2225209339563146,-0.9926168713358567,0.12129198959294538
2022-10-09,16.99378988354053,1,2,43,0,0,0,0,0,0,0,0,0,0,0,0,0,1,1,0,0,10.443266490010974,12.986846962130436,13.217653635450771,18.5142255010694,26.25922023228389,23.087460485215097,7.728413023986958,7.671286366558909,12.215922362530714,14.887660841223745,14.54740343505355,3.705235143530916,-2.543580472119462,-15.815953742272917,6.0,10.0,-0.7818314824680299,0.6234898018587334,-0.9903835435079973,0.13834896728397644
2022-10-10,0.7614213197583035,1,4,61,1,0,0,0,0,0,0,0,0,0,0,0,0,1,1,0,0,16.99378988354053,10.443266490010974,12.986846962130436,12.613277134429794,18.5142255010694,11.732895434219516,15.787443903486317,5.834354089567643,13.4746344452273,14.670455753005333,14.11214124921965,3.5265307565936994,6.550523393529556,-1.5204356175288716,0.0,10.0,0.0,1.0,-0.9878571332200545,0.1553650036084558
2022-10-11,8.556375132365057,1,2,53,0,0,0,0,0,0,0,0,0,0,0,0,0,1,1,0,0,0.7614213197583035,16.99378988354053,10.443266490010974,22.054794521053168,12.613277134429794,15.268703899417613,11.580611170267856,13.43658566640181,9.399492564436589,12.977333493766551,13.328464526758138,6.0500005707653814,-16.232368563782227,-11.85185581467149,1.0,10.0,0.7818314824680298,0.6234898018587336,-0.9850383881081815,0.17233506304068183
2022-10-12,18.956796628567368,1,3,31,0,0,0,0,0,0,0,0,0,0,0,0,0,1,1,0,0,8.556375132365057,0.7614213197583035,16.99378988354053,14.383561644421672,22.054794521053168,1.0326659648995584,8.925184405280037,7.07167042032361,8.770528778554617,11.048987866811107,12.849012471968667,4.8892375168933775,7.794953812606753,-13.498419388688111,2.0,10.0,0.9749279121818236,-0.22252093395631434,-0.9819281423186611,0.18925412366081565
2022-10-13,19.17808219231635,1,4,25,1,0,0,0,0,0,0,0,0,0,0,0,0,1,1,0,0,18.956796628567368,8.556375132365057,0.7614213197583035,13.217653635450771,14.383561644421672,8.266088268818745,7.012136740907833,6.726663921336991,9.424864360230229,11.702307150260491,14.129307519373514,5.551817964897064,10.400421496202311,4.573234984145696,3.0,10.0,0.43388373911755823,-0.900968867902419,-0.9785273162610595,0.20611717864100626
2022-10-14,22.718651212300127,2,3,26,0,0,0,0,0,1,0,0,0,0,0,0,0,1,1,0,0,19.17808219231635,18.956796628567368,8.556375132365057,12.986846962130436,13.217653635450771,13.80298791732906,18.366701791903413,11.495028162505372,15.563751317749578,12.553796944098432,14.908735656766199,6.144387362622095,0.22128556374898167,5.960428556865578,4.0,10.0,-0.433883739117558,-0.9009688679024191,-0.9748369163358501,0.22291923772705394
2022-10-15,9.815087215061649,2,3,14,0,0,0,1,0,1,0,0,0,0,0,0,0,1,1,0,0,22.718651212300127,19.17808219231635,18.956796628567368,10.443266490010974,12.986846962130436,26.25922023228389,19.104320337733363,11.173824437447106,20.28451001106127,13.944054694122672,15.545568749264133,7.110168635018362,3.540569019983778,9.731804250169692,5.0,10.0,-0.9749279121818236,-0.2225209339563146,-0.9708580346365923,0.23965532871516415
2022-10-16,2.679229539653801,1,3,46,0,0,0,1,0,0,0,0,0,0,0,0,0,1,1,0,0,9.815087215061649,22.718651212300127,19.17808219231635,16.99378988354053,10.443266490010974,18.5142255010694,23.087460485215097,7.728413023986958,17.237273539892698,13.854314797701338,14.370987819462544,7.157593048931824,-12.903563997238479,-0.6281792749493249,6.0,10.0,-0.7818314824680299,0.6234898018587334,-0.9665918486267487,0.2563204989233681
2022-10-18,5.5607024231762825,1,4,49,1,0,0,0,0,0,0,0,0,0,0,0,0,1,1,0,0,2.679229539653801,9.815087215061649,22.718651212300127,0.7614213197583035,16.99378988354053,12.613277134429794,11.732895434219516,15.787443903486317,11.737655989005178,11.80937760571752,13.239916679361428,7.967539660170591,-7.1358576754078475,-14.314560343886729,1.0,10.0,0.7818314824680298,0.6234898018587336,-0.9572026982628482,0.28941837266891457
2022-10-19,15.430509272940624,2,4,58,1,0,0,0,0,1,0,0,0,0,0,0,0,1,1,0,0,5.5607024231762825,2.679229539653801,9.815087215061649,8.556375132365057,0.7614213197583035,22.054794521053168,15.268703899417613,11.580611170267856,6.018339725963898,12.494989191920089,12.73616134284332,7.152122346001646,2.8814728835224814,4.799281103417979,2.0,10.0,0.9749279121818236,-0.22252093395631434,-0.9520825124235439,0.30584128161069496
2022-10-20,15.494750017952274,1,3,36,0,0,0,0,0,0,0,0,0,0,0,0,0,1,1,0,0,15.430509272940624,5.5607024231762825,2.679229539653801,18.956796628567368,8.556375132365057,14.383561644421672,1.0326659648995584,8.925184405280037,7.890147078590222,13.477008354859459,12.262998110835282,7.014516013713689,9.869806849764341,6.874134140575567,3.0,10.0,0.43388373911755823,-0.900968867902419,-0.9466805784809191,0.32217368347993974
2022-10-21,12.503837863549172,1,2,52,0,0,0,0,0,0,0,0,0,0,0,0,0,1,1,0,0,15.494750017952274,15.430509272940624,5.5607024231762825,19.17808219231635,18.956796628567368,13.217653635450771,8.266088268818745,7.012136740907833,12.161987238023046,12.982430267628729,12.34236870894461,6.72686505046586,0.06424074501165045,-3.4620466106150936,4.0,10.0,-0.433883739117558,-0.9009688679024191,-0.9409984950197837,0.33841074505769186
2022-10-22,12.411033789823485,1,2,42,0,0,0,1,0,0,0,0,0,0,0,0,0,1,1,0,0,12.503837863549172,15.494750017952274,15.430509272940624,22.718651212300127,19.17808219231635,12.986846962130436,13.80298791732906,18.366701791903413,14.476365718147344,12.02896679209056,12.291381868094495,6.236233908988373,-2.9909121544031017,-6.674244328767177,5.0,10.0,-0.9749279121818236,-0.2225209339563146,-0.935037943529103,0.3545476613388757
2022-10-23,4.892085177143655,1,2,43,0,0,0,1,0,0,0,0,0,0,0,0,0,1,1,0,0,12.411033789823485,12.503837863549172,15.494750017952274,9.815087215061649,22.718651212300127,10.443266490010974,26.25922023228389,19.104320337733363,13.469873890441631,10.556450017451041,12.250252355786856,4.518735224425384,-0.09280407372568789,-10.307617422476643,6.0,10.0,-0.7818314824680299,0.6234898018587334,-0.9288006879043954,0.3705796569542396
2022-10-24,15.366268527928966,1,3,49,0,0,0,0,0,0,0,0,0,0,0,0,0,1,1,0,0,4.892085177143655,12.411033789823485,12.503837863549172,2.679229539653801,9.815087215061649,16.99378988354053,18.5142255010694,23.087460485215097,9.935652276838757,9.853164012034185,11.853739404867763,4.942612206988145,-7.5189486126798295,-4.9230020379179935,0.0,10.0,0.0,1.0,-0.9222885739257473,0.38650198758351995
2022-10-25,4.59703775881167,1,3,44,0,0,0,0,0,0,0,0,0,0,0,0,0,1,1,0,0,15.366268527928966,4.892085177143655,12.411033789823485,5.5607024231762825,2.679229539653801,0.7614213197583035,12.613277134429794,11.732895434219516,10.889795831632023,11.66559815321635,11.737487879466938,4.25844490356662,10.47418335078531,12.687038988275166,1.0,10.0,0.7818314824680298,0.6234898018587336,-0.915503528711595,0.40230994135941717
2022-10-26,7.026418405264842,1,3,41,0,0,0,0,0,0,0,0,0,0,0,0,0,1,1,0,0,4.59703775881167,15.366268527928966,4.892085177143655,15.430509272940624,5.5607024231762825,8.556375132365057,22.054794521053168,15.268703899417613,8.285130487961418,11.527931772592835,12.011460482256464,4.46418447079795,-10.769230769117296,-0.9636646643646127,2.0,10.0,0.9749279121818236,-0.22252093395631434,-0.9084475601484346,0.41799884026197515
2022-10-27,5.472658904236281,1,2,37,0,0,0,0,0,0,0,0,0,0,0,0,0,1,1,0,0,7.026418405264842,4.59703775881167,15.366268527928966,15.494750017952274,15.430509272940624,18.956796628567368,14.383561644421672,1.0326659648995584,8.996574897335146,10.327347362924867,11.902177858892161,4.382535011709939,2.429380646453172,-8.404090867675782,3.0,10.0,0.43388373911755823,-0.900968867902419,-0.9011227562966325,0.43356404150293626
2022-10-28,14.545367017944674,1,2,46,0,0,0,0,0,0,0,0,0,0,0,0,0,1,1,0,0,5.472658904236281,7.026418405264842,4.59703775881167,12.503837863549172,15.494750017952274,19.17808219231635,13.217653635450771,8.266088268818745,5.698705022770919,8.895620060965438,10.939025164297083,4.087670315605102,-1.5537595010285603,-10.022091113715993,4.0,10.0,-0.433883739117558,-0.9009688679024191,-0.8935312847725092,0.4490009388996743
2022-10-29,3.4906099400667467,1,3,46,0,0,0,1,0,0,0,0,0,0,0,0,0,1,1,0,0,14.545367017944674,5.472658904236281,7.026418405264842,12.411033789823485,12.503837863549172,22.718651212300127,12.986846962130436,13.80298791732906,9.014814775815253,9.187267083021938,10.60811693755625,4.395912701139002,9.072708113708392,2.0415291543955014,5.0,10.0,-0.9749279121818236,-0.2225209339563146,-0.8856753921068801,0.46430496423829476
2022-10-30,2.624509904213488,1,4,36,1,0,0,1,0,0,0,0,0,0,0,0,0,1,1,0,0,3.4906099400667467,14.545367017944674,5.472658904236281,4.892085177143655,12.411033789823485,9.815087215061649,10.443266490010974,26.25922023228389,7.836211954082554,7.912920818770977,9.23468541811101,4.566334280803302,-11.054757077877927,-8.920423849756737,6.0,10.0,-0.7818314824680299,0.6234898018587334,-0.8775574030802451,0.4794715886254953
2022-10-31,0.7614213197583035,1,4,37,1,0,0,0,0,0,0,0,0,0,0,0,0,1,1,0,0,2.624509904213488,3.4906099400667467,14.545367017944674,15.366268527928966,4.892085177143655,2.679229539653801,16.99378988354053,18.5142255010694,6.886828954074957,7.588981494066667,8.721072753050425,4.841297738846652,-0.8661000358532589,-2.2675752729301673,0.0,10.0,0.0,1.0,-0.869179720034818,0.49449632382879777
2022-11-01,1.3705583755649464,2,5,41,1,0,0,0,0,1,0,0,0,0,0,0,0,1,1,0,0,0.7614213197583035,2.624509904213488,3.4906099400667467,4.59703775881167,15.366268527928966,5.5607024231762825,0.7614213197583035,12.613277134429794,2.292180388012833,5.502574750042286,8.58408645162932,4.135644347607432,-1.8630885844551843,-14.604847208170662,1.0,11.0,0.7818314824680298,0.6234898018587336,-0.8605448221636071,0.5093747236047407
2022-11-02,1.6751269034682676,2,4,18,1,0,0,0,0,1,0,0,0,0,0,0,0,1,1,0,0,1.3705583755649464,0.7614213197583035,2.624509904213488,7.026418405264842,4.59703775881167,15.430509272940624,8.556375132365057,22.054794521053168,1.5854965331788995,5.041649123864183,8.28479044822851,4.383268093161114,0.6091370558066429,-3.2264793832467236,2.0,11.0,0.9749279121818236,-0.22252093395631434,-0.8516552647767522,0.5241023850146458
2022-11-03,7.378592481024867,2,3,14,0,0,0,0,0,1,0,0,0,0,0,0,0,1,1,0,0,1.6751269034682676,1.3705583755649464,0.7614213197583035,5.472658904236281,7.026418405264842,15.494750017952274,18.956796628567368,14.383561644421672,1.269035532930493,4.277178909321815,7.302263136123341,4.43677060859813,0.30456852790332123,-5.351291501796574,3.0,11.0,0.43388373911755823,-0.900968867902419,-0.8425136785453353,0.5386749497275768
2022-11-04,9.848411098561336,2,2,32,0,0,0,0,0,1,0,0,0,0,0,0,0,1,1,0,0,7.378592481024867,1.6751269034682676,1.3705583755649464,14.545367017944674,5.472658904236281,12.503837863549172,19.17808219231635,13.217653635450771,3.474759253352681,4.549455134577328,6.7225375977713835,4.558589809483201,5.703465577556599,1.9059335767885859,4.0,11.0,-0.433883739117558,-0.9009688679024191,-0.8331227687228905,0.55308810531009
2022-11-05,6.179360588554263,2,2,17,0,0,0,1,0,1,0,0,0,0,0,0,0,1,1,0,0,9.848411098561336,7.378592481024867,1.6751269034682676,3.4906099400667467,14.545367017944674,12.411033789823485,22.718651212300127,12.986846962130436,6.300710161018144,3.878461431808279,6.532864257415109,3.1729715554525475,2.4698186175364683,-4.696955919383338,5.0,11.0,-0.9749279121818236,-0.2225209339563146,-0.8234853143448451,0.5673375865024032
2022-11-06,10.645509834617275,2,2,26,0,0,0,1,0,1,0,0,0,0,0,0,0,1,1,0,0,6.179360588554263,9.848411098561336,7.378592481024867,2.624509904213488,3.4906099400667467,4.892085177143655,9.815087215061649,10.443266490010974,7.802121389380143,4.262568667306496,6.087744743038736,3.264203666030963,-3.6690505100070725,2.6887506484875163,6.0,11.0,-0.7818314824680299,0.6234898018587334,-0.8136041674061217,0.5814191764806106
2022-11-07,9.539082015872353,1,2,17,0,0,0,0,0,0,0,0,0,0,0,0,0,1,1,0,0,10.645509834617275,6.179360588554263,9.848411098561336,0.7614213197583035,2.624509904213488,15.366268527928966,2.679229539653801,16.99378988354053,8.891093840577613,5.408425800221323,6.498703647143995,3.8443457638449923,4.466149246063012,8.020999930403788,0.0,11.0,0.0,1.0,-0.8034822520171546,0.5953287081045576
2022-11-08,7.695035651297472,1,2,21,0,0,0,0,0,0,0,0,0,0,0,0,0,1,1,0,0,9.539082015872353,10.645509834617275,6.179360588554263,1.3705583755649464,0.7614213197583035,4.59703775881167,5.5607024231762825,0.7614213197583035,8.78798414634795,6.662377328237615,6.082476039139951,3.543885469612234,-1.1064278187449226,8.777660696114049,1.0,11.0,0.7818314824680298,0.6234898018587336,-0.7931225635385611,0.6090620651510165
2022-11-09,22.133316930421834,1,1,38,0,0,0,0,0,0,0,0,0,0,0,0,0,1,1,0,0,7.695035651297472,9.539082015872353,10.645509834617275,1.6751269034682676,1.3705583755649464,7.026418405264842,15.430509272940624,8.556375132365057,9.293209167262354,7.56587408191369,6.303761602888936,2.809747325932566,-1.844046364574881,6.324477275732526,2.0,11.0,0.9749279121818236,-0.22252093395631434,-0.7825281676947325,0.62261518353179
2022-11-10,22.93993677604911,1,2,43,0,0,0,0,0,0,0,0,0,0,0,0,0,1,1,0,0,22.133316930421834,7.695035651297472,9.539082015872353,7.378592481024867,1.6751269034682676,5.472658904236281,15.494750017952274,18.956796628567368,13.122478199197209,10.488472657192771,7.382825783257293,4.971075940560229,14.438281279124363,20.458190026953567,3.0,11.0,0.43388373911755823,-0.900968867902419,-0.7717021996665964,0.6359840524963944
2022-11-11,13.203371971093755,1,2,30,0,0,0,0,0,0,0,0,0,0,0,0,0,1,1,0,0,22.93993677604911,22.133316930421834,7.695035651297472,9.848411098561336,7.378592481024867,14.545367017944674,12.503837863549172,19.17808219231635,17.589429785922793,12.711521842196234,8.63048848838678,6.3668240825631965,0.8066198456272744,15.561344295024242,4.0,11.0,-0.433883739117558,-0.9009688679024191,-0.7606478631638292,0.649164715818952
2022-11-12,24.04636459479404,1,2,32,0,0,0,1,0,0,0,0,0,0,0,0,0,1,1,0,0,13.203371971093755,22.93993677604911,22.133316930421834,6.179360588554263,9.848411098561336,3.4906099400667467,12.411033789823485,22.718651212300127,19.425541892521554,13.190801966843724,8.534631699326,6.2586133749754405,-9.736564804955353,3.35496087253242,5.0,11.0,-0.9749279121818236,-0.2225209339563146,-0.7493684294767903,0.6621532729689469
2022-11-13,21.6122233935552,1,2,43,0,0,0,1,0,0,0,0,0,0,0,0,0,1,1,0,0,24.04636459479404,13.203371971093755,22.93993677604911,10.645509834617275,6.179360588554263,2.624509904213488,4.892085177143655,9.815087215061649,20.06322444731229,15.743231110592262,10.002899888949381,6.516685810540621,10.842992623700283,17.867004006239775,6.0,11.0,-0.7818314824680299,0.6234898018587334,-0.7378672365084513,0.6749458802655077
2022-11-14,17.265034527944152,1,2,35,0,0,0,0,0,0,0,0,0,0,0,0,0,1,1,0,0,21.6122233935552,24.04636459479404,13.203371971093755,9.539082015872353,10.645509834617275,0.7614213197583035,15.366268527928966,2.679229539653801,19.62065331981432,17.309904476154824,11.359165138188073,6.420362782835302,-2.4341412012388375,10.966713558937926,0.0,11.0,0.0,1.0,-0.7261476877866176,0.6875387520148583
2022-11-15,16.15384615441356,1,2,43,0,0,0,0,0,0,0,0,0,0,0,0,0,1,1,0,0,17.265034527944152,21.6122233935552,24.04636459479404,7.695035651297472,9.539082015872353,1.3705583755649464,4.59703775881167,5.5607024231762825,20.97454083876445,18.413611977879363,12.53799465305849,5.601486380544717,-4.347188865611049,7.7259525120718,1.0,11.0,0.7818314824680298,0.6234898018587336,-0.7142132514567308,0.6999281616306094
2022-11-16,14.46684460857601,1,2,37,0,0,0,0,0,0,0,0,0,0,0,0,0,1,1,0,0,16.15384615441356,17.265034527944152,21.6122233935552,22.133316930421834,7.695035651297472,1.6751269034682676,7.026418405264842,15.430509272940624,18.343701358637627,19.622013478324522,13.593943780119107,3.772713527123594,-1.1111883735305916,8.458810503116089,2.0,11.0,0.9749279121818236,-0.22252093395631434,-0.7020674592555421,0.7121104427365658
2022-11-17,37.02845100140117,1,2,28,0,0,0,0,0,0,0,0,0,0,0,0,0,1,1,0,0,14.46684460857601,16.15384615441356,17.265034527944152,22.93993677604911,22.133316930421834,7.378592481024867,5.472658904236281,15.494750017952274,15.961908430311228,18.52680314663226,14.507637901912515,3.991174063870377,-1.6870015458375516,-7.666472321845825,3.0,11.0,0.43388373911755823,-0.900968867902419,-0.6897139054659751,0.7240819902517062
2022-11-18,26.77555321436485,1,2,33,0,0,0,0,0,0,0,0,0,0,0,0,0,1,1,0,0,37.02845100140117,14.46684460857601,16.15384615441356,13.203371971093755,22.93993677604911,9.848411098561336,14.545367017944674,12.503837863549172,22.549713921463567,20.53944803596827,16.625484939082252,7.615645002357888,22.561606392825162,14.088514225352064,4.0,11.0,-0.433883739117558,-0.9009688679024191,-0.6771562458534737,0.7358392614570317
2022-11-19,24.783983140623988,1,2,42,0,0,0,1,0,0,0,0,0,0,0,0,0,1,1,0,0,26.77555321436485,37.02845100140117,14.46684460857601,24.04636459479404,13.203371971093755,6.179360588554263,3.4906099400667467,12.411033789823485,26.09028294144733,22.478331070721282,17.834566518782506,7.218453192268473,-10.252897787036321,13.572181243271096,5.0,11.0,-0.9749279121818236,-0.2225209339563146,-0.6643981965841613,0.7473787770439526
2022-11-20,20.210748156478285,1,2,43,0,0,0,1,0,0,0,0,0,0,0,0,0,1,1,0,0,24.783983140623988,26.77555321436485,37.02845100140117,21.6122233935552,24.04636459479404,10.645509834617275,2.624509904213488,4.892085177143655,29.529329118796657,22.583705148696993,19.163468129644627,7.245905660474376,-1.9915700737408635,0.7376185458299496,6.0,11.0,-0.7818314824680299,0.6234898018587334,-0.6514435331251178,0.7586971221439182
2022-11-21,18.6617492102354,1,3,38,0,0,0,0,0,0,0,0,0,0,0,0,0,1,1,0,0,20.210748156478285,24.783983140623988,26.77555321436485,17.265034527944152,21.6122233935552,9.539082015872353,0.7614213197583035,15.366268527928966,23.92342817048903,22.383494400543146,19.846699438348985,7.289215121025176,-4.573234984145703,-1.401475237076916,0.0,11.0,0.0,1.0,-0.6382960891271152,0.7697909473389706
2022-11-22,2.6554267657254496,1,3,27,0,0,0,0,0,0,0,0,0,0,0,0,0,1,1,0,0,18.6617492102354,20.210748156478285,24.783983140623988,16.15384615441356,17.265034527944152,7.695035651297472,1.3705583755649464,4.59703775881167,21.21882683577921,22.583025069441895,20.49831852366063,7.164422695747855,-1.548998946242886,1.3967146822912468,1.0,11.0,0.7818314824680298,0.6234898018587336,-0.6249597552901307,0.7806569696529327
2022-11-23,18.735511064818382,2,2,16,0,0,0,0,0,1,0,0,0,0,0,0,0,1,1,0,0,2.6554267657254496,18.6617492102354,20.210748156478285,14.46684460857601,16.15384615441356,22.133316930421834,1.6751269034682676,7.026418405264842,13.8426413774797,20.654679442486447,20.138346460405483,9.921462180382212,-16.006322444509948,-13.498419388688111,2.0,11.0,0.9749279121818236,-0.22252093395631434,-0.6114384782119812,0.791291973522932
2022-11-24,16.232368563782227,2,2,17,0,0,0,0,0,1,0,0,0,0,0,0,0,1,1,0,0,18.735511064818382,2.6554267657254496,18.6617492102354,37.02845100140117,14.46684460857601,22.93993677604911,7.378592481024867,5.472658904236281,13.35089568025973,21.26448893623536,19.895646041433814,9.649860965517309,16.08008429909293,4.268666456242373,3.0,11.0,0.43388373911755823,-0.900968867902419,-0.5977362592204096,0.8016928117509794
2022-11-25,24.193888303960023,2,2,20,0,0,0,0,0,1,0,0,0,0,0,0,0,1,1,0,0,16.232368563782227,18.735511064818382,2.6554267657254496,26.77555321436485,37.02845100140117,13.203371971093755,9.848411098561336,14.545367017944674,12.541102131442008,18.293620016575513,19.416534026271894,7.23953448644487,-2.503142501036155,-20.796082437618946,4.0,11.0,-0.433883739117558,-0.9009688679024191,-0.5838571531889813,0.8118564064353119
2022-11-26,12.765561398381454,1,2,18,0,0,0,1,0,0,0,0,0,0,0,0,0,1,1,0,0,24.193888303960023,16.232368563782227,18.735511064818382,24.783983140623988,26.77555321436485,24.04636459479404,6.179360588554263,3.4906099400667467,19.72058931085353,17.924810743660537,20.20157090719091,6.8535064038762625,7.9615197401777955,-2.581664910404829,5.0,11.0,-0.9749279121818236,-0.2225209339563146,-0.5698052673371348,0.8217797498812296
2022-11-27,10.895358727080282,1,3,33,0,0,0,1,0,0,0,0,0,0,0,0,0,1,1,0,0,12.765561398381454,24.193888303960023,16.232368563782227,20.210748156478285,24.783983140623988,21.6122233935552,10.645509834617275,2.624509904213488,17.730606088707887,16.2078933519116,19.395799250304297,6.41124927341088,-11.428326905578569,-12.018421742242534,6.0,11.0,-0.7818314824680299,0.6234898018587334,-0.555584760014732,0.8314599054911623
2022-11-28,23.67755532187906,1,3,21,0,0,0,0,0,0,0,0,0,0,0,0,0,1,1,0,0,10.895358727080282,12.765561398381454,24.193888303960023,18.6617492102354,20.210748156478285,17.265034527944152,9.539082015872353,0.7614213197583035,15.951602809807236,14.877123433426176,18.63030891698466,6.409060085341821,-1.870202671301172,-9.315389429398003,0.0,11.0,0.0,1.0,-0.5411998394714944,0.8408940086336855
2022-11-29,28.988408851854704,1,2,19,0,0,0,0,0,0,0,0,0,0,0,0,0,0,1,1,0,23.67755532187906,10.895358727080282,12.765561398381454,2.6554267657254496,18.6617492102354,16.15384615441356,7.695035651297472,1.3705583755649464,15.779491815780252,15.593667163660983,19.08834611655144,7.041332290473857,12.782196594798776,5.015806111643659,1.0,11.0,0.7818314824680298,0.6234898018587336,-0.5266547626116581,0.8500792674912487
2022-11-30,21.75974710272118,1,3,27,0,0,0,0,0,0,0,0,0,0,0,0,0,0,1,1,0,28.988408851854704,23.67755532187906,10.895358727080282,18.735511064818382,2.6554267657254496,14.46684460857601,22.133316930421834,1.6751269034682676,21.18710763360467,19.355521747393734,20.005100594940092,6.09476020750247,5.310853529975645,26.332982086129256,2.0,11.0,0.9749279121818236,-0.22252093395631434,-0.5119538337342339,0.8590129638863552
2023-01-01,12.951169545832805,1,2,50,0,0,1,0,1,0,0,0,0,0,0,0,0,0,1,1,0,21.75974710272118,28.988408851854704,23.67755532187906,16.232368563782227,18.735511064818382,37.02845100140117,22.93993677604911,7.378592481024867,24.80857042548497,19.787555467094133,20.526022201664745,6.142498657208678,-7.228661749133522,3.0242360379027993,6.0,1.0,-0.7818314824680299,0.6234898018587334,0.01720192860577051,0.9998520358794305
2023-01-02,9.184554407314389,1,2,46,0,1,0,0,1,0,0,0,0,0,0,0,0,0,1,1,0,12.951169545832805,21.75974710272118,28.988408851854704,24.193888303960023,16.232368563782227,26.77555321436485,13.203371971093755,9.848411098561336,21.233108500136215,19.318812750244213,18.806216383409865,6.5101109128297425,-8.808577556888377,-3.2811990179494224,0.0,1.0,0.0,1.0,0.03439876667506451,0.999408187304484
2023-01-03,5.422699823581632,1,3,49,0,0,0,0,0,0,0,0,0,0,0,0,0,0,1,1,0,9.184554407314389,12.951169545832805,21.75974710272118,12.765561398381454,24.193888303960023,24.783983140623988,24.04636459479404,6.179360588554263,14.631823685289445,17.174622193580554,17.549716468620545,7.004333017958278,-3.766615138518416,-15.009333896645634,1.0,1.0,0.7818314824680298,0.6234898018587336,0.05158542517783902,0.9986685856224885
2023-01-04,21.33145763958024,1,1,48,0,0,0,0,0,0,0,0,0,0,0,0,0,0,1,1,0,5.422699823581632,9.184554407314389,12.951169545832805,10.895358727080282,12.765561398381454,20.210748156478285,21.6122233935552,10.645509834617275,9.186141258909595,16.12564196860915,16.166767660260376,8.056852566012871,-3.761854583732757,-7.342861574799822,2.0,1.0,0.9749279121818236,-0.22252093395631434,0.06875681809647223,0.9976334497024689
2023-01-05,20.94836670230824,1,2,56,0,0,0,0,0,0,0,0,0,0,0,0,0,0,1,1,0,21.33145763958024,5.422699823581632,9.184554407314389,23.67755532187906,10.895358727080282,18.6617492102354,17.265034527944152,9.539082015872353,11.979570623492073,17.61651324182343,16.246818337624802,7.915408904099797,15.908757815998609,10.436098912499958,3.0,1.0,0.43388373911755823,-0.900968867902419,0.08590786393085985,0.9963030858703775
2023-01-06,36.88568784702086,1,3,39,0,0,0,0,0,0,0,0,0,0,0,0,0,0,1,1,0,20.94836670230824,21.33145763958024,5.422699823581632,28.988408851854704,23.67755532187906,2.6554267657254496,16.15384615441356,7.695035651297472,15.900841388490022,17.226629153313315,16.41014815848715,7.670694101600892,-0.3830909372720015,-2.72918861957082,4.0,1.0,-0.433883739117558,-0.9009688679024191,0.1030334872021744,0.9946778878184431
2023-01-09,2.8172321392484463,1,1,42,0,0,0,0,0,0,0,0,0,0,0,0,0,0,1,1,0,36.88568784702086,20.94836670230824,21.33145763958024,21.75974710272118,28.988408851854704,18.735511064818382,14.46684460857601,22.133316930421834,26.38850406296977,18.35481186690848,18.855166807151107,9.644438733585385,15.937321144712623,7.8972789951661575,0.0,1.0,0.0,1.0,0.15420718869405753,0.9880385331327293
2023-01-10,11.092841516900922,1,2,41,0,0,0,0,0,0,0,0,0,0,0,0,0,0,1,1,0,2.8172321392484463,36.88568784702086,20.94836670230824,12.951169545832805,21.75974710272118,16.232368563782227,37.02845100140117,22.93993677604911,20.217095562859168,15.648738300698088,17.718146883896107,10.886881687965392,-34.068455707772415,-18.942514963472735,1.0,1.0,0.7818314824680298,0.6234898018587336,0.17118053986969634,0.9852396778296737
2023-01-11,17.514883420407166,2,2,48,0,0,0,0,0,1,0,0,0,0,0,0,0,0,1,1,0,11.092841516900922,2.8172321392484463,36.88568784702086,9.184554407314389,12.951169545832805,24.193888303960023,26.77555321436485,13.203371971093755,16.931920501056727,15.383262867993533,17.351037809118875,10.971751573238913,8.275609377652476,-1.8583280289318829,2.0,1.0,0.9749279121818236,-0.22252093395631434,0.18810323388925426,0.9821492622816578
2023-01-12,15.65655539147527,2,2,14,0,0,0,0,0,1,0,0,0,0,0,0,0,0,1,1,0,17.514883420407166,11.092841516900922,2.8172321392484463,5.422699823581632,9.184554407314389,12.765561398381454,24.783983140623988,24.04636459479404,10.474985692185497,16.57330986986393,16.87396603172224,10.682841145811112,6.422041903506244,8.330329013092777,3.0,1.0,0.43388373911755823,-0.900968867902419,0.20497026284965483,0.9787682010299187
2023-01-13,17.441121565824165,2,2,25,0,0,0,0,0,1,0,0,0,0,0,0,0,0,1,1,0,15.65655539147527,17.514883420407166,11.092841516900922,21.33145763958024,5.422699823581632,10.895358727080282,20.210748156478285,21.6122233935552,14.754760109594438,18.03528923670588,17.080465602657515,9.713056847889522,-1.8583280289318953,10.233855567893638,4.0,1.0,-0.433883739117558,-0.9009688679024191,0.2217766353206845,0.9750974946259662
2023-01-14,34.07797681808137,2,2,21,0,0,0,1,0,1,0,0,0,0,0,0,0,0,1,1,0,17.441121565824165,15.65655539147527,17.514883420407166,20.94836670230824,21.33145763958024,23.67755532187906,18.6617492102354,17.265034527944152,16.870853459235523,17.47952694045501,17.548020091139218,9.619403904042903,1.7845661743488943,-3.8903360737560746,5.0,1.0,-0.9749279121818236,-0.2225209339563146,0.23851737782209795,0.9711382293354899
2023-01-15,15.054585912442036,2,2,23,0,0,0,1,0,1,0,0,0,0,0,0,0,0,1,1,0,34.07797681808137,17.441121565824165,15.65655539147527,36.88568784702086,20.94836670230824,28.988408851854704,2.6554267657254496,16.15384615441356,22.391884591793588,19.3551855284226,18.290907340867957,11.254075727487432,16.636855252257202,13.12961011577313,6.0,1.0,-0.7818314824680299,0.6234898018587334,0.2551875362954114,0.9668915768169035
2023-01-16,5.220456478975328,2,2,16,0,0,0,0,0,1,0,0,0,0,0,0,0,0,1,1,0,15.054585912442036,34.07797681808137,17.441121565824165,2.8172321392484463,36.88568784702086,21.75974710272118,18.735511064818382,14.46684460857601,22.191228098782506,16.236456680625626,17.295634273767053,8.698693674439884,-19.02339090563933,-21.831101934578825,0.0,1.0,0.0,1.0,0.27178217756994844,0.9623587937746176
2023-01-17,10.5194353665817,1,3,21,0,0,0,0,0,0,0,0,0,0,0,0,0,0,1,1,0,5.220456478975328,15.054585912442036,34.07797681808137,11.092841516900922,2.8172321392484463,12.951169545832805,16.232368563782227,37.02845100140117,18.117673069832897,16.57977444344375,16.11425637207092,8.195142333281321,-9.834129433466707,2.403224339726882,1.0,1.0,0.7818314824680298,0.6234898018587336,0.28829639082270425,0.9575412215871454
2023-01-18,14.94990719634708,1,3,17,0,0,0,0,0,0,0,0,0,0,0,0,0,0,1,1,0,10.5194353665817,5.220456478975328,15.054585912442036,17.514883420407166,11.092841516900922,9.184554407314389,24.193888303960023,26.77555321436485,10.264825919333008,16.497859279112436,15.940561073552983,8.252244812917848,5.2989788876063715,-0.5734061503192223,2.0,1.0,0.9749279121818236,-0.22252093395631434,0.3047252890315972,0.9524402859101507
2023-01-19,24.895829433492345,1,3,30,0,0,0,0,0,0,0,0,0,0,0,0,0,0,1,1,0,14.94990719634708,10.5194353665817,5.220456478975328,15.65655539147527,17.514883420407166,5.422699823581632,12.765561398381454,24.783983140623988,10.229933013968022,16.131434104246704,16.352371987055317,8.255896220723026,4.430471829765381,-2.5649762240600857,3.0,1.0,0.43388373911755823,-0.900968867902419,0.32106401042167637,0.9470574962545567
2023-01-20,21.47186726116261,1,3,33,0,1,0,0,1,0,0,0,0,0,0,0,0,0,1,1,0,24.895829433492345,14.94990719634708,10.5194353665817,17.441121565824165,15.65655539147527,21.33145763958024,10.895358727080282,20.210748156478285,16.788390665473695,17.45133039596343,17.743309816334655,8.795396433855005,9.945922237145265,9.239274042017074,4.0,1.0,-0.433883739117558,-0.9009688679024191,0.33730771990385844,0.9413944455398386
2023-01-21,29.21445497038937,1,2,37,0,1,0,0,1,0,0,0,0,0,0,0,0,0,1,1,0,21.47186726116261,24.895829433492345,14.94990719634708,34.07797681808137,17.441121565824165,20.94836670230824,23.67755532187906,18.6617492102354,20.439201297000665,18.02715120958321,17.75333907501911,8.907112841504922,-3.423962172329734,4.030745695338446,5.0,1.0,-0.9749279121818236,-0.2225209339563146,0.3534516105057668,0.9354528096226339
2023-01-22,35.77926002827593,1,2,39,0,0,1,0,1,0,0,0,0,0,0,0,0,0,1,1,0,29.21445497038937,21.47186726116261,24.895829433492345,15.054585912442036,34.07797681808137,36.88568784702086,28.988408851854704,2.6554267657254496,25.19405055501476,17.33236237419864,18.34377395131062,7.7413938966425,7.742587709226758,-4.863521847691999,6.0,1.0,-0.7818314824680299,0.6234898018587334,0.3694909047942504,0.929234346800809
2023-02-12,5.90811594415063,1,3,21,0,0,0,1,0,0,0,0,0,0,0,0,0,0,1,1,0,35.77926002827593,29.21445497038937,21.47186726116261,5.220456478975328,15.054585912442036,2.8172321392484463,21.75974710272118,18.735511064818382,28.821860753275956,20.293030105032052,18.26474339282884,9.95163410705063,6.564805057886559,20.724674115833892,6.0,2.0,-0.7818314824680299,0.6234898018587334,0.6740806814338108,0.738657725145909
2023-02-13,7.028825427252576,1,2,16,0,0,0,0,0,0,0,0,0,0,0,0,0,0,1,1,0,5.90811594415063,35.77926002827593,29.21445497038937,10.5194353665817,5.220456478975328,11.092841516900922,12.951169545832805,16.232368563782227,23.633943647605292,20.39126717148567,18.485520807464706,9.804669994145952,-29.871144084125298,0.6876594651753019,0.0,2.0,0.0,1.0,0.6866872791306503,0.7269529425486524
2023-02-14,1.5228426395166066,1,3,21,0,0,0,0,0,0,0,0,0,0,0,0,0,0,1,1,0,7.028825427252576,5.90811594415063,35.77926002827593,14.94990719634708,10.5194353665817,17.514883420407166,9.184554407314389,24.193888303960023,16.23873379989303,19.892608608724366,18.1952339439184,10.36671899815494,1.1207094831019457,-3.490609939329124,1.0,2.0,0.7818314824680298,0.6234898018587336,0.6990906666687643,0.7150330340457165
2023-02-15,3.980786615421425,1,2,29,0,0,0,0,0,0,0,0,0,0,0,0,0,0,1,1,0,1.5228426395166066,7.028825427252576,5.90811594415063,24.895829433492345,14.94990719634708,15.65655539147527,5.422699823581632,12.765561398381454,4.81992800363992,17.974456529177154,17.05294531671193,12.186320739821332,-5.505982787735969,-13.427064556830473,2.0,2.0,0.9749279121818236,-0.22252093395631434,0.7112871735354942,0.7029015270746591
2023-02-16,9.731857740097102,1,3,42,0,0,0,0,0,0,0,0,0,0,0,0,0,0,1,1,0,3.980786615421425,1.5228426395166066,7.028825427252576,21.47186726116261,24.895829433492345,17.441121565824165,21.33145763958024,10.895358727080282,4.177484894063519,14.986593269452737,16.218961832708082,12.677150417635477,2.4579439759048185,-20.91504281807092,3.0,2.0,0.43388373911755823,-0.900968867902419,0.723273190440015,0.6905620116910007
2023-02-17,9.43204976697946,1,1,50,0,0,0,0,0,0,0,0,0,0,0,0,0,0,1,1,0,9.731857740097102,3.980786615421425,1.5228426395166066,29.21445497038937,21.47186726116261,34.07797681808137,20.94836670230824,23.67755532187906,5.078495665011695,13.309449052157662,15.668300130870437,12.483330465843354,5.7510711246756765,-11.74000952106551,4.0,2.0,-0.433883739117558,-0.9009688679024191,0.7350451703814259,0.6780181395058251
2023-02-18,11.637737827695904,1,1,46,0,0,0,1,0,0,0,0,0,0,0,0,0,0,1,1,0,9.43204976697946,9.731857740097102,3.980786615421425,35.77926002827593,29.21445497038937,15.054585912442036,36.88568784702086,28.988408851854704,7.714898040832646,10.483391165956247,13.907876770077442,10.670343188755595,-0.29980797311764107,-19.78240520340991,5.0,2.0,-0.9749279121818236,-0.2225209339563146,0.7465996296984081,0.6652736226051653
2023-02-19,9.724690163323702,1,2,46,0,0,0,1,0,0,0,0,0,0,0,0,0,0,1,1,0,11.637737827695904,9.43204976697946,9.731857740097102,5.90811594415063,35.77926002827593,5.220456478975328,2.8172321392484463,21.75974710272118,10.267215111590806,7.0346022801591,13.663816192595577,3.2773266026917,2.2056880607164437,-24.141522200580024,6.0,2.0,-0.7818314824680299,0.6234898018587334,0.7579331491001386,0.6523322324514917
2023-02-20,8.822912711172817,1,2,58,0,0,0,0,0,0,0,0,0,0,0,0,0,0,1,1,0,9.724690163323702,11.637737827695904,9.43204976697946,7.028825427252576,5.90811594415063,10.5194353665817,11.092841516900922,12.951169545832805,10.264825919333006,7.579827168612397,13.985547170049031,3.360969199629074,-1.9130476643722023,3.816574219173072,0.0,2.0,0.0,1.0,0.769042374678155,0.6391977987676305
2023-02-21,7.245350436215888,1,1,63,0,0,0,0,0,0,0,0,0,0,0,0,0,0,1,1,0,8.822912711172817,9.724690163323702,11.637737827695904,1.5228426395166066,7.028825427252576,14.94990719634708,17.514883420407166,9.184554407314389,10.061780234064125,7.8361253520295735,13.86436698037697,3.377544229621941,-0.9017774521508848,1.7940872839202413,1.0,2.0,0.7818314824680298,0.6234898018587336,0.7799240188988715,0.62587420840344
2023-02-22,10.23390905782106,1,2,43,0,0,0,0,0,0,0,0,0,0,0,0,0,0,1,1,0,7.245350436215888,8.822912711172817,9.724690163323702,3.980786615421425,1.5228426395166066,24.895829433492345,15.65655539147527,5.422699823581632,8.597651103570785,8.653626465843757,13.314041497510456,2.2573041777683667,-1.5775622749569296,5.722507796699281,2.0,2.0,0.9749279121818236,-0.22252093395631434,0.7905748615764533,0.6123654041855825
2023-02-23,10.490872037867677,1,1,47,0,0,0,0,0,0,0,0,0,0,0,0,0,0,1,1,0,10.23390905782106,7.245350436215888,8.822912711172817,9.731857740097102,3.980786615421425,21.47186726116261,17.441121565824165,21.33145763958024,8.767390735069906,9.54692967190085,12.266761470676792,1.2388866853487388,2.988558621605173,6.253122442399635,3.0,2.0,0.43388373911755823,-0.900968867902419,0.8009917508257599,0.5986753837507299
2023-02-24,17.046155986182903,1,2,48,0,0,0,0,0,0,0,0,0,0,0,0,0,0,1,1,0,10.490872037867677,10.23390905782106,7.245350436215888,9.43204976697946,9.731857740097102,29.21445497038937,34.07797681808137,20.94836670230824,9.323377177301525,9.655360285868072,11.482404669012867,1.2827654249140035,0.256962980046616,0.7590142977705749,4.0,2.0,-0.433883739117558,-0.9009688679024191,0.8111716039950779,0.5848081983625508
2023-02-25,5.329949238308124,1,3,51,0,0,0,1,0,0,0,0,0,0,0,0,0,0,1,1,0,17.046155986182903,10.490872037867677,10.23390905782106,11.637737827695904,9.43204976697946,35.77926002827593,15.054585912442036,36.88568784702086,12.590312360623864,10.743089745754279,10.613240455855262,2.8737808793617794,6.5552839483152265,7.6141062192034425,5.0,2.0,-0.9749279121818236,-0.2225209339563146,0.8211114085783636,0.5707679517128266
2023-02-26,10.7621701714611,1,2,48,0,0,0,1,0,0,0,0,0,0,0,0,0,0,1,1,0,5.329949238308124,17.046155986182903,10.490872037867677,9.724690163323702,11.637737827695904,5.90811594415063,5.220456478975328,2.8172321392484463,10.955659087452887,9.841977090127454,8.438289685143276,3.393859636671913,-11.716206747874779,-6.30778858938778,6.0,2.0,-0.7818314824680299,0.6234898018587334,0.8308082231067296,0.5565587987070535
2023-02-27,8.715826973090126,1,1,44,0,0,0,0,0,0,0,0,0,0,0,0,0,0,1,1,0,10.7621701714611,5.329949238308124,17.046155986182903,8.822912711172817,9.724690163323702,7.028825427252576,10.5194353665817,11.092841516900922,11.046091798650693,9.990188519861366,8.785007844236882,3.408125067340112,5.432220933152976,1.0374800081373987,0.0,2.0,0.0,1.0,0.8402591780189079,0.5421849442348885
2023-02-28,13.700716223221828,1,1,36,0,0,0,0,0,0,0,0,0,0,0,0,0,0,1,1,0,8.715826973090126,10.7621701714611,5.329949238308124,7.245350436215888,8.822912711172817,1.5228426395166066,14.94990719634708,17.514883420407166,8.269315460953102,9.974890557278126,8.90550795465385,3.413566247178823,-2.046343198370975,-0.1070857380826915,1.0,2.0,0.7818314824680298,0.6234898018587336,0.849461476510434,0.5276506419258042
2023-03-01,11.218969474126284,1,1,78,0,0,0,0,0,0,0,0,0,0,0,0,0,0,1,1,0,13.700716223221828,8.715826973090126,10.7621701714611,10.23390905782106,7.245350436215888,3.980786615421425,24.895829433492345,15.65655539147527,11.059571122591002,10.897085669707545,9.77535606777565,3.423559603477553,4.984889250131703,6.455365787005941,2.0,3.0,0.9749279121818236,-0.22252093395631434,0.8584123953613012,0.5129601928903189
2023-03-02,7.5428048765356,1,2,71,0,0,0,0,0,0,0,0,0,0,0,0,0,0,1,1,0,11.218969474126284,13.700716223221828,8.715826973090126,10.490872037867677,10.23390905782106,9.731857740097102,21.47186726116261,17.441121565824165,11.21183755681273,11.037808586322578,10.292369129111714,3.4136387770260805,-2.481746749095544,0.9850604163052239,3.0,3.0,0.43388373911755823,-0.900968867902419,0.8671092857418372,0.498117944447177
2023-03-03,11.80671077799231,1,1,58,0,0,0,0,0,0,0,0,0,0,0,0,0,0,1,1,0,7.5428048765356,11.218969474126284,13.700716223221828,17.046155986182903,10.490872037867677,9.43204976697946,29.21445497038937,34.07797681808137,10.820830191294556,10.616656134703709,10.136008210285892,3.6301285599228006,-3.6761645975906845,-2.9480671613320766,4.0,3.0,-0.433883739117558,-0.9009688679024191,0.8755495739965682,0.48312828883685527
2023-03-04,11.759105230135605,1,2,62,0,0,0,1,0,0,0,0,0,0,0,0,0,0,1,1,0,11.80671077799231,7.5428048765356,11.218969474126284,5.329949238308124,17.046155986182903,11.637737827695904,35.77926002827593,15.054585912442036,10.189495042884715,9.868163962105054,10.305626853929667,2.629527701147733,4.26390590145671,-5.239445208190594,5.0,3.0,-0.9749279121818236,-0.2225209339563146,0.8837307624058365,0.4679956619217736
2023-03-05,9.605729782871736,1,2,47,0,0,0,1,0,0,0,0,0,0,0,0,0,0,1,1,0,11.759105230135605,11.80671077799231,7.5428048765356,10.7621701714611,5.329949238308124,9.724690163323702,5.90811594415063,5.220456478975328,10.369540294887821,10.786614818080407,10.31429595410393,1.9077403871627203,-0.04760554785670479,6.42915599182748,6.0,3.0,-0.7818314824680299,0.6234898018587334,0.8916504299249455,0.4527245418735987
2023-03-06,6.591014854540275,1,3,47,0,0,0,0,0,0,0,0,0,0,0,0,0,0,1,1,0,9.605729782871736,11.759105230135605,11.80671077799231,8.715826973090126,10.7621701714611,8.822912711172817,7.028825427252576,10.5194353665817,11.0571819303332,10.621409048281928,10.305798784071646,1.952257118410493,-2.153375447263869,-1.156440388589365,0.0,3.0,0.0,1.0,0.8993062329006161,0.4373194478480267
2023-03-07,19.330419945457816,1,2,41,0,0,0,0,0,0,0,0,0,0,0,0,0,0,1,1,0,6.591014854540275,9.605729782871736,11.759105230135605,13.700716223221828,8.715826973090126,7.245350436215888,1.5228426395166066,14.94990719634708,9.318616622515856,10.317864459917661,10.146377508597894,2.3496812576076618,-3.0147149283314603,-2.1248121185498503,1.0,3.0,0.7818314824680298,0.6234898018587336,0.9066959057645391,0.42178493864743694
2023-03-08,11.040528903448331,1,2,43,0,0,0,0,0,0,0,0,0,0,0,0,0,0,1,1,0,19.330419945457816,6.591014854540275,9.605729782871736,11.218969474126284,13.700716223221828,10.23390905782106,3.980786615421425,24.895829433492345,11.84238819428993,11.122107848808517,11.00959675925803,3.852676850745561,12.73940509091754,5.629703722235988,2.0,3.0,0.9749279121818236,-0.22252093395631434,0.9138172617038212,0.4061256113718145
2023-03-09,20.872251314927308,1,1,55,0,0,0,0,0,0,0,0,0,0,0,0,0,0,1,1,0,11.040528903448331,19.330419945457816,6.591014854540275,7.5428048765356,11.218969474126284,10.490872037867677,9.731857740097102,21.47186726116261,12.32065456781546,11.096616338711668,11.067212462517123,3.8525419557213487,-8.289891042009485,-0.17844057067795305,3.0,3.0,0.43388373911755823,-0.900968867902419,0.9206681933081248,0.3903461000583373
2023-03-10,7.047867646395257,1,3,47,0,0,0,0,0,0,0,0,0,0,0,0,0,0,1,1,0,20.872251314927308,11.040528903448331,19.330419945457816,11.80671077799231,7.5428048765356,17.046155986182903,9.43204976697946,29.21445497038937,17.081066721277804,13.000822972767626,11.808739553735666,4.802469596652296,9.831722411478976,13.329446438391708,4.0,3.0,-0.433883739117558,-0.9009688679024191,0.92724667319331,0.3744510743100344
2023-03-11,6.54822334992141,1,2,41,0,0,0,1,0,0,0,0,0,0,0,0,0,0,1,1,0,7.047867646395257,20.872251314927308,11.040528903448331,11.759105230135605,11.80671077799231,5.329949238308124,11.637737827695904,35.77926002827593,12.986882621590283,12.320988239682334,11.094576100893692,5.240263705486838,-13.82438366853205,-4.758843131597052,5.0,3.0,-0.9749279121818236,-0.2225209339563146,0.9335507546013952,0.3584452379139183
2023-03-12,9.581980498133175,1,2,49,0,0,0,1,0,0,0,0,0,0,0,0,0,0,1,1,0,6.54822334992141,7.047867646395257,20.872251314927308,9.605729782871736,11.759105230135605,10.7621701714611,9.724690163323702,5.90811594415063,11.489447437081308,11.576576542508876,11.18159568029464,5.6233264996685035,-0.4996442964738472,-5.2108818802141945,6.0,3.0,-0.7818314824680299,0.6234898018587334,0.9395785719766574,0.34233332744900147
2023-03-13,13.503286922590991,1,1,72,0,0,0,0,0,0,0,0,0,0,0,0,0,0,1,1,0,9.581980498133175,6.54822334992141,7.047867646395257,6.591014854540275,9.605729782871736,8.715826973090126,8.822912711172817,7.028825427252576,7.726023831483265,11.573183787546224,11.097296417914077,5.624521596264007,3.033757148211765,-0.023749284738560306,0.0,3.0,0.0,1.0,0.9453283415177025,0.3261201108846096
2023-03-17,7.026471894454639,1,2,60,0,0,0,0,0,0,0,0,0,0,0,0,0,0,1,1,0,13.503286922590991,9.581980498133175,6.54822334992141,19.330419945457816,6.591014854540275,13.700716223221828,7.245350436215888,1.5228426395166066,9.877830256881843,12.560651225839186,11.439257842878423,5.257978285437936,3.921306424457816,6.912272068050716,4.0,3.0,-0.433883739117558,-0.9009688679024191,0.9655141555915137,0.2603505624199925
2023-03-18,11.19522018938773,1,1,53,0,0,0,1,0,0,0,0,0,0,0,0,0,0,1,1,0,7.026471894454639,13.503286922590991,9.581980498133175,11.040528903448331,19.330419945457816,11.218969474126284,10.23390905782106,3.980786615421425,10.03724643839292,10.802944361410159,10.962526105109339,4.7312787150580755,-6.476815028136352,-12.303948051003177,5.0,3.0,-0.9749279121818236,-0.2225209339563146,0.969849825925805,0.24370333430563806
2023-03-19,14.093381759254957,1,3,49,0,0,0,1,0,0,0,0,0,0,0,0,0,0,1,1,0,11.19522018938773,7.026471894454639,13.503286922590991,20.872251314927308,11.040528903448331,7.5428048765356,10.490872037867677,9.731857740097102,10.574993002144438,10.825043116544359,10.960829727628013,4.732697862178488,4.16874829493309,0.15469128593939807,6.0,3.0,-0.7818314824680299,0.6234898018587334,0.9738984903069413,0.22698398749220305
2023-03-20,8.549314533971247,1,2,37,0,0,0,0,0,0,0,0,0,0,0,0,0,0,1,1,0,14.093381759254957,11.19522018938773,7.026471894454639,7.047867646395257,20.872251314927308,11.80671077799231,17.046155986182903,9.43204976697946,10.771691281032426,9.856633180019738,11.428728076393682,2.9267222926569882,2.898161569867227,-6.778869555672351,0.0,3.0,0.0,1.0,0.977658950620793,0.21019746970658276
2023-03-21,10.122116254142496,1,2,46,0,0,0,0,0,0,0,0,0,0,0,0,0,0,1,1,0,8.549314533971247,14.093381759254957,11.19522018938773,6.54822334992141,7.047867646395257,11.759105230135605,5.329949238308124,11.637737827695904,11.27930549420463,10.071125592530592,11.196056916106462,2.7634810579258158,-5.54406722528371,1.5014468875759892,1.0,3.0,0.7818314824680298,0.6234898018587336,0.9811300940409537,0.19334874855346035
2023-03-22,11.721127770229824,1,3,30,0,0,0,0,0,0,0,0,0,0,0,0,0,0,1,1,0,10.122116254142496,8.549314533971247,14.093381759254957,9.581980498133175,6.54822334992141,9.605729782871736,10.7621701714611,9.724690163323702,10.921604182456216,10.581681721705033,11.079129132106955,2.367182768365638,1.572801720171249,3.5738929042210854,2.0,3.0,0.9749279121818236,-0.22252093395631434,0.9843108933580564,0.17644281004525206
2023-03-23,9.289340101051303,1,3,34,0,0,0,0,0,0,0,0,0,0,0,0,0,0,1,1,0,11.721127770229824,10.122116254142496,8.549314533971247,13.503286922590991,9.581980498133175,6.591014854540275,8.715826973090126,8.822912711172817,10.130852852781175,10.88727418914741,11.230228988346818,2.3564533665148755,1.5990115160873284,2.1391472720966487,3.0,3.0,0.43388373911755823,-0.900968867902419,0.9872004072837537,0.15948465712660548
2023-03-24,10.0483543995595,1,3,27,0,0,0,0,0,0,0,0,0,0,0,0,0,0,1,1,0,9.289340101051303,11.721127770229824,10.122116254142496,7.026471894454639,13.503286922590991,19.330419945457816,13.700716223221828,7.245350436215888,10.377528041807858,10.285281786070314,11.422966505954749,2.139533127802109,-2.4317876691785205,-4.213946821539688,4.0,3.0,-0.433883739117558,-0.9009688679024191,0.9897977807292717,0.14247930819388652
2023-03-25,9.888902558834442,1,3,24,0,0,0,1,0,0,0,0,0,0,0,0,0,0,0,1,1,10.0483543995595,9.289340101051303,11.721127770229824,11.19522018938773,7.026471894454639,11.040528903448331,11.218969474126284,10.23390905782106,10.35294075694686,10.71697928679958,10.759961824104868,1.697686139029638,0.7590142985081965,3.021882505104861,5.0,3.0,-0.9749279121818236,-0.2225209339563146,0.9921022450584553,0.1254317956100953
2023-03-26,11.87565858859984,2,3,27,0,0,0,1,0,1,0,0,0,0,0,0,0,0,0,1,1,9.888902558834442,10.0483543995595,9.289340101051303,14.093381759254957,11.19522018938773,20.872251314927308,7.5428048765356,10.490872037867677,9.742199019815066,10.530362482434823,10.677702799489591,1.70663342249185,-0.15945184072505825,-1.3063176305532878,6.0,3.0,-0.7818314824680299,0.6234898018587334,0.9941131183152286,0.10834716421564623
2023-03-27,10.697875937259653,2,3,27,0,0,0,0,0,1,0,0,0,0,0,0,0,0,0,1,1,11.87565858859984,9.888902558834442,10.0483543995595,8.549314533971247,14.093381759254957,7.047867646395257,11.80671077799231,17.046155986182903,10.604305182331245,10.21354488662695,10.035089033323343,1.1212419768491872,1.9867560297653988,-2.217723170655116,0.0,3.0,0.0,1.0,0.9958298054254058,0.09123046983545845
2023-03-28,22.24762373446772,2,3,28,0,0,0,0,0,1,0,0,0,0,0,0,0,0,0,1,1,10.697875937259653,11.87565858859984,9.888902558834442,10.122116254142496,8.549314533971247,6.54822334992141,11.759105230135605,5.329949238308124,10.820812361564629,10.520482229953867,10.29580391124223,0.8948842834488729,-1.1777826513401877,2.148561403288406,1.0,3.0,0.7818314824680298,0.6234898018587336,0.9972517983727895,0.07408677778279397
2023-03-29,24.28439233407757,2,2,16,0,0,0,0,0,1,0,0,0,0,0,0,0,0,0,1,1,22.24762373446772,10.697875937259653,11.87565858859984,11.721127770229824,10.122116254142496,9.581980498133175,9.605729782871736,10.7621701714611,14.940386086775723,12.25269758428604,11.417189652995537,4.174221695547607,11.549747797208067,12.125507480325224,2.0,3.0,0.9749279121818236,-0.22252093395631434,0.9983786763495082,0.05692116136028858
2023-03-30,16.315705017126355,2,1,17,0,0,0,0,0,1,0,0,0,0,0,0,0,0,0,1,1,24.28439233407757,22.24762373446772,10.697875937259653,9.289340101051303,11.721127770229824,13.503286922590991,6.591014854540275,8.715826973090126,19.076630668601634,14.04744966483572,12.467361926991563,5.902784502921884,2.03676859960985,12.563264563847746,3.0,3.0,0.43388373911755823,-0.900968867902419,0.999210105880544,0.03973870035861803
2023-03-31,23.301685450570275,1,2,29,0,0,0,0,0,0,0,0,0,0,0,0,0,0,0,1,1,16.315705017126355,24.28439233407757,22.24762373446772,10.0483543995595,9.289340101051303,7.026471894454639,19.330419945457816,13.700716223221828,20.94924036189053,15.051216081417868,12.668248933744092,5.59786439896442,-7.968687316951215,7.026364916075051,4.0,3.0,-0.433883739117558,-0.9009688679024191,0.9997458409224182,0.022544479553245424
2023-04-01,16.073023701436746,1,2,31,0,0,0,1,0,0,0,0,0,0,0,0,0,0,0,1,1,23.301685450570275,16.315705017126355,24.28439233407757,9.888902558834442,10.0483543995595,11.19522018938773,11.040528903448331,11.218969474126284,21.30059426725805,16.944549088705124,13.83076418775235,5.8223860041896165,6.98598043344392,13.253331051010775,5.0,4.0,-0.9749279121818236,-0.2225209339563146,0.9999857229360024,0.00534358719969123
2023-04-02,18.92122619064933,2,1,31,0,0,0,1,0,1,0,0,0,0,0,0,0,0,0,1,1,16.073023701436746,23.301685450570275,16.315705017126355,11.87565858859984,9.888902558834442,14.093381759254957,20.872251314927308,7.5428048765356,18.56347138971111,17.827994966219737,14.179178724327281,5.1104280459408935,-7.228661749133529,6.184121142602304,6.0,4.0,-0.7818314824680299,0.6234898018587334,0.9999296809334339,-0.01185888647222434
2023-04-03,14.98804512382223,1,2,26,0,0,0,0,0,0,0,0,0,0,0,0,0,0,0,1,1,18.92122619064933,16.073023701436746,23.301685450570275,10.697875937259653,11.87565858859984,8.549314533971247,7.047867646395257,11.80671077799231,19.4319784475521,18.83450462365538,14.524024755141165,4.495851071715623,2.8482024892125857,7.045567602049491,0.0,4.0,0.0,1.0,0.9995777314991241,-0.029057850764724318
2023-04-04,17.581638165786135,1,2,29,0,1,0,0,1,0,0,0,0,0,0,0,0,0,0,1,1,14.98804512382223,18.92122619064933,16.073023701436746,22.24762373446772,10.697875937259653,10.122116254142496,6.54822334992141,11.759105230135605,16.660765005302753,19.447385936021465,14.983934082987664,3.5345215436073336,-3.9331810668271014,4.2901691865625775,1.0,4.0,0.7818314824680298,0.6234898018587336,0.99892997878485,-0.046248216018556436
2023-04-05,16.87017592668248,1,3,26,0,1,0,0,1,0,0,0,0,0,0,0,0,0,0,1,1,17.581638165786135,14.98804512382223,18.92122619064933,24.28439233407757,22.24762373446772,11.721127770229824,9.581980498133175,9.605729782871736,17.163636493419215,18.78081656906695,15.516757076676496,3.3801812665495463,2.5935930419639046,-4.6659855686815845,2.0,4.0,0.9749279121818236,-0.22252093395631434,0.9979866144789332,-0.06342489511916614
2023-04-06,28.810075259556346,1,3,29,0,0,0,0,0,0,0,0,0,0,0,0,0,0,0,1,1,16.87017592668248,17.581638165786135,14.98804512382223,16.315705017126355,24.28439233407757,9.289340101051303,13.503286922590991,6.591014854540275,16.479953072096933,17.721642796581936,15.884546230708827,2.5491633267185376,-0.7114622391036534,-7.414216407395088,3.0,4.0,0.43388373911755823,-0.900968867902419,0.9967479177495133,-0.08058280500211881
2023-04-07,16.151599599995205,2,4,29,1,0,0,0,0,1,0,0,0,0,0,0,0,0,0,1,1,28.810075259556346,16.87017592668248,17.581638165786135,23.301685450570275,16.315705017126355,10.0483543995595,7.026471894454639,19.330419945457816,21.087296450674973,19.506552831214794,17.27888445631633,4.538139680028077,11.939899332873864,12.49437024242999,4.0,4.0,-0.433883739117558,-0.9009688679024191,0.9952142551619348,-0.09771686815732115
2023-04-08,15.973105540127465,2,3,26,0,0,0,1,0,1,0,0,0,0,0,0,0,0,0,1,1,16.151599599995205,28.810075259556346,16.87017592668248,16.073023701436746,23.301685450570275,9.888902558834442,11.19522018938773,11.040528903448331,20.610616928744662,18.485111995418354,17.714830542061737,4.370555247596707,-12.658475659561141,-7.150085850575071,5.0,4.0,-0.9749279121818236,-0.2225209339563146,0.9933860805702698,-0.11482201413160008
2023-04-09,12.834616187368567,2,3,25,0,0,0,1,0,1,0,0,0,0,0,0,0,0,0,1,1,15.973105540127465,16.151599599995205,28.810075259556346,18.92122619064933,16.073023701436746,11.87565858859984,14.093381759254957,20.872251314927308,20.311593466559657,18.47083797237417,18.149416469296956,4.378565526115158,-0.1784940598677398,-0.09991816130928122,6.0,4.0,-0.7818314824680299,0.6234898018587334,0.9912639349830097,-0.13189318102919323
2023-04-10,20.7033853430105,1,2,27,0,0,0,0,0,0,0,0,0,0,0,0,0,0,0,1,1,12.834616187368567,15.973105540127465,16.151599599995205,14.98804512382223,18.92122619064933,10.697875937259653,8.549314533971247,7.047867646395257,14.986440442497063,17.601322257619778,18.217913440637577,4.787999819199285,-3.1384893527588975,-6.086610003280764,0.0,4.0,0.0,1.0,0.9888484464029655,-0.14892531700970596
2023-04-11,18.604729531186937,1,2,48,0,0,0,0,0,0,0,0,0,0,0,0,0,0,0,1,1,20.7033853430105,12.834616187368567,15.973105540127465,17.581638165786135,14.98804512382223,22.24762373446772,10.122116254142496,6.54822334992141,16.503702356835493,18.41779943178953,18.932592683905494,4.759977926970111,7.868769155641932,5.715340219188269,1.0,4.0,0.7818314824680298,0.6234898018587336,0.9861403296414243,-0.16591338178309495
2023-04-12,14.780987735240464,1,1,59,0,0,0,0,0,0,0,0,0,0,0,0,0,0,0,1,1,18.604729531186937,20.7033853430105,12.834616187368567,16.87017592668248,17.581638165786135,24.28439233407757,11.721127770229824,9.581980498133175,17.380910353855317,18.563955341132502,18.672385955099724,4.747750977450027,-2.098655811823562,1.023091365400802,2.0,4.0,0.9749279121818236,-0.22252093395631434,0.983140386106616,-0.18285234810123144
2023-04-13,10.30531737960612,1,2,36,0,0,0,0,0,0,0,0,0,0,0,0,0,0,0,1,1,14.780987735240464,18.604729531186937,20.7033853430105,28.810075259556346,16.87017592668248,16.315705017126355,9.289340101051303,13.503286922590991,18.02970086981262,18.26549988521221,17.993571340897073,4.9078130275740355,-3.8237417959464732,-2.089188191442018,3.0,4.0,0.43388373911755823,-0.900968867902419,0.9798495035665545,-0.1997372032456062
2023-04-14,14.390782710384867,1,3,34,0,0,0,0,0,0,0,0,0,0,0,0,0,0,0,1,1,10.30531737960612,14.780987735240464,18.604729531186937,16.151599599995205,28.810075259556346,23.301685450570275,10.0483543995595,7.026471894454639,14.563678215344488,15.62196304521932,17.564257938217057,3.2041229582683632,-4.475670355634344,-18.504757879950226,4.0,4.0,-0.433883739117558,-0.9009688679024191,0.9762686558863216,-0.21656295051073468
2023-04-15,14.3050927242428,1,2,36,0,0,0,1,0,0,0,0,0,0,0,0,0,0,0,1,1,14.390782710384867,10.30531737960612,14.780987735240464,15.973105540127465,16.151599599995205,16.073023701436746,9.888902558834442,11.19522018938773,13.159029275077131,15.370417775274987,16.92776488534667,3.221738494726673,4.085465330778748,-1.7608168896103376,5.0,4.0,-0.9749279121818236,-0.2225209339563146,0.9723989027398732,-0.23332461068282243
2023-04-16,10.186356999154144,1,3,44,0,0,0,1,0,0,0,0,0,0,0,0,0,0,0,1,1,14.3050927242428,14.390782710384867,10.30531737960612,12.834616187368567,15.973105540127465,18.92122619064933,11.87565858859984,14.093381759254957,13.000397604744578,15.132130230148606,16.801484101261387,3.2300245629792155,-0.08568998614206791,-1.6680128158846657,6.0,4.0,-0.7818314824680299,0.6234898018587334,0.9682413892964514,-0.25001722351325634
2023-04-17,12.558610988179275,1,2,51,0,0,0,0,0,0,0,0,0,0,0,0,0,0,0,1,1,10.186356999154144,14.3050927242428,14.390782710384867,20.7033853430105,12.834616187368567,14.98804512382223,10.697875937259653,8.549314533971247,12.960744144593919,14.753807488975118,16.17756487329745,3.6097411094816123,-4.118735725088655,-2.648259188214423,0.0,4.0,0.0,1.0,0.9637973458816972,-0.2666358491864816
2023-04-18,4.332960691181452,1,2,52,0,0,0,0,0,0,0,0,0,0,0,0,0,0,0,1,1,12.558610988179275,10.186356999154144,14.3050927242428,18.604729531186937,20.7033853430105,17.581638165786135,22.24762373446772,10.122116254142496,12.350020237192055,13.590268295427801,16.004033863608665,2.7033382271820154,2.372253989025131,-8.144774354831224,1.0,4.0,0.7818314824680298,0.6234898018587336,0.9590680876135618,-0.2831755697818324
2023-04-19,8.692024199161773,1,2,56,0,0,0,0,0,0,0,0,0,0,0,0,0,0,0,1,1,4.332960691181452,12.558610988179275,10.186356999154144,14.780987735240464,18.604729531186937,16.87017592668248,24.28439233407757,11.721127770229824,9.025976226171606,11.551444175427019,15.057699758279757,3.435353153865915,-8.225650296997824,-14.271768840005485,2.0,4.0,0.9749279121818236,-0.22252093395631434,0.9540550140131263,-0.2996314907288842
2023-04-20,16.658304494125247,1,3,38,0,0,0,0,0,0,0,0,0,0,0,0,0,0,0,1,1,8.692024199161773,4.332960691181452,12.558610988179275,10.30531737960612,14.780987735240464,28.810075259556346,16.315705017126355,9.289340101051303,8.527865292840817,10.68159224170149,14.473546063456851,3.27460779182848,4.359063507980321,-6.0889635360786905,3.0,4.0,0.43388373911755823,-0.900968867902419,0.948759608590444,-0.3159987422558949
2023-04-21,6.464886897314903,2,3,32,0,0,0,0,0,1,0,0,0,0,0,0,0,0,0,1,1,16.658304494125247,8.692024199161773,4.332960691181452,14.390782710384867,10.30531737960612,16.151599599995205,23.301685450570275,10.0483543995595,9.894429794822807,11.589161829489939,13.60556243735463,3.870679564030128,7.9662802949634735,6.352987114519127,4.0,4.0,-0.433883739117558,-0.9009688679024191,0.9431834384055279,-0.3322724808309075
2023-04-22,2.5459874948448293,2,4,29,1,0,0,1,0,1,0,0,0,0,0,0,0,0,0,1,1,6.464886897314903,16.658304494125247,8.692024199161773,14.3050927242428,14.390782710384867,15.973105540127465,16.073023701436746,9.888902558834442,10.605071863533958,10.456890999051371,12.913654387163179,4.041039035372347,-10.193417596810344,-7.925895813069964,5.0,4.0,-0.9749279121818236,-0.2225209339563146,0.937328153604613,-0.3484478905950889
2023-04-23,0.3045685279033213,2,1,36,0,0,0,0,0,1,0,0,0,0,0,0,0,0,0,1,1,2.5459874948448293,6.464886897314903,16.658304494125247,10.186356999154144,14.3050927242428,12.834616187368567,18.92122619064933,11.87565858859984,8.556392962094975,8.77701882342309,11.954574526785848,4.5091956749953,-3.918899402470074,-11.75910522939797,6.0,4.0,-0.7818314824680299,0.6234898018587334,0.9311954869318319,-0.3645201847878779
2023-04-24,10.179135933190956,2,2,26,0,0,0,0,0,1,0,0,0,0,0,0,0,0,0,1,1,0.3045685279033213,2.5459874948448293,6.464886897314903,12.558610988179275,10.186356999154144,20.7033853430105,14.98804512382223,10.697875937259653,3.1051476400210003,7.365334756101544,11.05957112253833,5.3207966109106755,-2.241418966941508,-9.881788471250823,0.0,4.0,0.0,1.0,0.9247872532164463,-0.380484607163523
2023-04-25,4.0569020028023495,1,3,34,0,0,0,0,0,0,0,0,0,0,0,0,0,0,0,1,1,10.179135933190956,0.3045685279033213,2.5459874948448293,4.332960691181452,12.558610988179275,18.604729531186937,17.581638165786135,22.24762373446772,4.343230651979685,7.025409748246069,10.307839021836935,5.047130047116136,9.874567405287635,-2.379475054988319,1.0,4.0,0.7818314824680298,0.6234898018587336,0.9181053488357886,-0.39633643339858987
2023-04-26,5.727268351484953,1,3,43,0,0,0,0,0,0,0,0,0,0,0,0,0,0,0,1,1,4.0569020028023495,10.179135933190956,0.3045685279033213,8.692024199161773,4.332960691181452,14.780987735240464,16.87017592668248,24.28439233407757,4.846868821298858,6.98597279276334,9.26870848409518,5.069045012668063,-6.122233930388607,-0.27605868837910297,2.0,4.0,0.9749279121818236,-0.22252093395631434,0.9111517511540698,-0.4120709724900216
2023-04-27,6.736131541718536,2,2,41,0,0,0,0,0,1,0,0,0,0,0,0,0,0,0,1,1,5.727268351484953,4.0569020028023495,10.179135933190956,16.658304494125247,8.692024199161773,10.30531737960612,28.810075259556346,16.315705017126355,6.654435429159402,6.562436243095222,8.622014242398356,5.032530808791817,1.6703663486826033,-2.9647558476768205,3.0,4.0,0.43388373911755823,-0.900968867902419,0.9039285179372211,-0.42768356814333996
2023-04-28,4.906366841500663,2,2,38,0,1,0,0,1,1,0,0,0,0,0,0,0,0,0,1,1,6.736131541718536,5.727268351484953,4.0569020028023495,6.464886897314903,16.658304494125247,14.390782710384867,16.151599599995205,23.301685450570275,5.506767298668595,5.144982964179978,8.367072396834958,2.959825335564065,1.0088631902335834,-9.922172952406711,4.0,4.0,-0.433883739117558,-0.9009688679024191,0.896437786743944,-0.44316960015057344
2023-04-29,11.2260835617099,1,1,25,0,1,0,0,1,0,0,0,0,0,0,0,0,0,0,1,1,4.906366841500663,6.736131541718536,5.727268351484953,2.5459874948448293,6.464886897314903,14.3050927242428,15.973105540127465,16.073023701436746,5.7899222449013665,4.9223372419208005,7.689614120486086,2.910369528750212,-1.829764700217873,-1.55852005581424,5.0,4.0,-0.9749279121818236,-0.2225209339563146,0.8886817742931451,-0.4585244857575084
2023-04-30,7.354789707096515,1,3,32,0,0,1,0,1,0,0,0,0,0,0,0,0,0,0,1,1,11.2260835617099,4.906366841500663,6.736131541718536,0.3045685279033213,2.5459874948448293,10.186356999154144,12.834616187368567,18.92122619064933,7.622860648309683,6.162350965758669,7.469684894590879,3.4354974032429877,6.319716720209238,8.680096066865072,6.0,4.0,-0.7818314824680299,0.6234898018587334,0.8806627758079475,-0.47374368101985365
2023-05-01,4.6017983135973415,1,3,32,0,0,1,0,1,0,0,0,0,0,0,0,0,0,0,1,1,7.354789707096515,11.2260835617099,4.906366841500663,10.179135933190956,0.3045685279033213,12.558610988179275,20.7033853430105,14.98804512382223,7.829080036769009,7.1695254199291245,7.267430088015334,2.4676764446535455,-3.871293854613386,7.050221179193193,0.0,5.0,0.0,1.0,0.8723831643364682,-0.48882268214792435
2023-05-02,5.094328521749957,1,2,30,0,0,1,0,1,0,0,0,0,0,0,0,0,0,0,1,1,4.6017983135973415,7.354789707096515,11.2260835617099,4.0569020028023495,10.179135933190956,4.332960691181452,18.604729531186937,17.581638165786135,7.727557194134569,6.372762902844323,6.699086325545196,2.2588759132150704,-2.7529913934991734,-5.577337619593615,1.0,5.0,0.7818314824680298,0.6234898018587336,0.8638453900495676,-0.5037570268394381
2023-05-03,9.151230523814691,1,1,38,0,1,0,0,1,0,0,0,0,0,0,0,0,0,0,1,1,5.094328521749957,4.6017983135973415,7.354789707096515,5.727268351484953,4.0569020028023495,8.692024199161773,14.780987735240464,16.87017592668248,5.6836388474812525,6.520966691265409,6.753469742014374,2.1325730587795544,0.4925302081526155,1.0374265189476075,2.0,5.0,0.9749279121818236,-0.22252093395631434,0.8550519795157738,-0.5185422956000375
2023-05-04,8.851422550697036,1,3,41,0,0,0,0,0,0,0,0,0,0,0,0,0,0,0,1,1,9.151230523814691,5.094328521749957,4.6017983135973415,6.736131541718536,5.727268351484953,16.658304494125247,10.30531737960612,28.810075259556346,6.2824524530539785,7.010104144455371,6.786270193775296,2.2818732152923475,4.056902002064734,3.4239621723297384,3.0,5.0,0.43388373911755823,-0.900968867902419,0.8460055349535992,-0.5331741130511443
2023-05-05,0.1522842639516605,1,3,42,0,0,0,0,0,0,0,0,0,0,0,0,0,0,0,1,1,8.851422550697036,9.151230523814691,5.094328521749957,4.906366841500663,6.736131541718536,6.464886897314903,14.390782710384867,16.151599599995205,7.698993865420543,7.312288574309443,6.22863576924471,2.3641610433806375,-0.2998079731176553,2.1152910089784998,4.0,5.0,-0.433883739117558,-0.9009688679024191,0.8367087334614722,-0.5476481492247545
2023-05-06,0.0,1,3,30,0,0,0,0,0,0,0,0,0,0,0,0,0,0,0,1,1,0.1522842639516605,8.851422550697036,9.151230523814691,11.2260835617099,4.906366841500663,2.5459874948448293,14.3050927242428,15.973105540127465,6.051645779487778,6.633133920373872,5.777735581147337,3.4095087016308483,-8.699138286745375,-4.754082577549003,5.0,5.0,-0.9749279121818236,-0.2225209339563146,0.8271643262255062,-0.561960120844802
2023-05-07,1.4847582019688683,1,3,25,0,0,0,1,0,0,0,0,0,0,0,0,0,0,0,1,1,0.0,0.1522842639516605,8.851422550697036,7.354789707096515,11.2260835617099,0.3045685279033213,10.186356999154144,12.834616187368567,3.001235604882881,5.029407697272458,5.5958793315155635,3.5106564651195797,-0.1522842639516605,-11.2260835617099,6.0,5.0,-0.7818314824680299,0.6234898018587334,0.8173751377053472,-0.5761057925946976
2023-05-08,14.707172391467674,1,3,20,0,0,0,0,0,0,0,0,0,0,0,0,0,0,0,1,1,1.4847582019688683,0.0,0.1522842639516605,4.6017983135973415,7.354789707096515,10.179135933190956,12.558610988179275,20.7033853430105,0.5456808219734919,4.1908317679685085,5.680178593948816,3.555832897027667,1.4847582019688683,-5.870031505127646,0.0,5.0,0.0,1.0,0.8073440647983365,-0.5900809783706804
2023-05-09,23.4110712322611,1,3,18,0,0,0,0,0,0,0,0,0,0,0,0,0,0,0,1,1,14.707172391467674,1.4847582019688683,0.0,5.094328521749957,4.6017983135973415,4.0569020028023495,4.332960691181452,18.604729531186937,5.397310197812163,5.634456636235698,6.003609769540011,5.131746993359275,13.222414189498807,10.105374077870334,1.0,5.0,0.7818314824680298,0.6234898018587336,0.7970740759822359,-0.6038815425206047
2023-05-10,7.982968982045839,1,1,25,0,0,0,0,0,0,0,0,0,0,0,0,0,0,0,1,1,23.4110712322611,14.707172391467674,1.4847582019688683,9.151230523814691,5.094328521749957,5.727268351484953,8.692024199161773,14.780987735240464,13.201000608565863,8.251134166308718,7.386050428787064,8.036799909237173,8.703898840793427,18.316742710511143,2.0,5.0,0.9749279121818236,-0.22252093395631434,0.7865682104367726,-0.6175034010677942
2023-05-11,9.662802951109988,1,3,29,0,0,0,0,0,0,0,0,0,0,0,0,0,0,0,1,1,7.982968982045839,23.4110712322611,14.707172391467674,8.851422550697036,9.151230523814691,6.736131541718536,16.658304494125247,10.30531737960612,15.36707086859152,8.08423966034174,7.5471719023985555,8.028501302486609,-15.428102250215261,-1.1682615417688522,3.0,5.0,0.43388373911755823,-0.900968867902419,0.7758295771442586,-0.6309425229196086
2023-05-12,12.106465261920162,1,2,32,0,0,0,0,0,0,0,0,0,0,0,0,0,0,0,1,1,9.662802951109988,7.982968982045839,23.4110712322611,0.1522842639516605,8.851422550697036,4.906366841500663,6.464886897314903,14.390782710384867,13.685614388472294,8.200151146115019,7.756219860212231,8.044581817384667,1.6798339690641493,0.8113804004129523,4.0,5.0,-0.433883739117558,-0.9009688679024191,0.7648613539695567,-0.6441949310603557
2023-05-13,13.44846030877109,1,3,40,0,0,0,1,0,0,0,0,0,0,0,0,0,0,0,1,1,12.106465261920162,9.662802951109988,7.982968982045839,0.0,0.1522842639516605,11.2260835617099,2.5459874948448293,14.3050927242428,9.917412398358644,9.907891288681947,8.27051260452791,7.397717506798439,2.443662310810174,11.954180997968502,5.0,5.0,-0.9749279121818236,-0.2225209339563146,0.7536667867196597,-0.6572567037282031
2023-05-29,21.022128556891232,1,3,25,0,0,0,0,0,0,0,0,0,0,0,0,0,0,0,1,1,13.44846030877109,12.106465261920162,9.662802951109988,1.4847582019688683,0.0,7.354789707096515,0.3045685279033213,10.186356999154144,11.739242840600395,11.829099904220673,8.429253800746567,6.229143389394677,1.3419950468509274,13.44846030877109,0.0,5.0,0.0,1.0,0.546667201613826,-0.83734996905697
2023-05-30,18.5142255010694,2,2,29,0,0,0,0,0,1,0,0,0,0,0,0,0,0,0,1,1,21.022128556891232,13.44846030877109,12.106465261920162,14.707172391467674,1.4847582019688683,4.6017983135973415,10.179135933190956,12.558610988179275,15.525684709194143,14.62015281206673,9.405492290017618,5.27246388288892,7.573668248120143,19.537370354922363,1.0,5.0,0.7818314824680298,0.6234898018587336,0.5321822800963331,-0.8466298014784668
2023-05-31,27.439409905611807,1,2,28,0,0,0,0,0,0,0,0,0,0,0,0,0,0,0,1,1,18.5142255010694,21.022128556891232,13.44846030877109,23.4110712322611,14.707172391467674,5.094328521749957,4.0569020028023495,4.332960691181452,17.661604788910555,15.16401754200983,10.399237089122764,5.446858013876057,-2.5079030558218314,3.8070531096017266,2.0,5.0,0.9749279121818236,-0.22252093395631434,0.5175398708127256,-0.8556590922319165
2023-06-01,23.82507903104505,1,2,36,0,0,0,0,0,0,0,0,0,0,0,0,0,0,0,1,1,27.439409905611807,18.5142255010694,21.022128556891232,7.982968982045839,23.4110712322611,9.151230523814691,5.727268351484953,8.692024199161773,22.325254654524127,15.739494495345644,11.995314330827183,6.414614815370845,8.925184404542406,4.0283386733507065,3.0,6.0,0.43388373911755823,-0.900968867902419,0.5027443068654295,-0.8644351692951872
2023-06-02,3.5405690207213967,1,2,60,0,0,0,0,0,0,0,0,0,0,0,0,0,0,0,1,1,23.82507903104505,27.439409905611807,18.5142255010694,9.662802951109988,7.982968982045839,8.851422550697036,6.736131541718536,16.658304494125247,23.259571479242066,18.002653073774106,13.043446367057923,6.063836180819309,-3.6143308745667575,15.84211004899921,4.0,6.0,-0.433883739117558,-0.9009688679024191,0.4877999666796597,-0.8729554355792298
2023-06-03,9.072708114446026,1,2,66,0,0,0,1,0,0,0,0,0,0,0,0,0,0,0,1,1,3.5405690207213967,23.82507903104505,27.439409905611807,12.106465261920162,9.662802951109988,0.1522842639516605,4.906366841500663,6.464886897314903,18.2683526524594,17.128048226575736,12.664099686345377,7.479830061214673,-20.284510010323654,-6.1222339303885915,5.0,6.0,-0.9749279121818236,-0.2225209339563146,0.47271127270772273,-0.8812173696966288
2023-06-04,7.671232877369118,2,3,20,0,0,0,1,0,1,0,0,0,0,0,0,0,0,0,1,1,9.072708114446026,3.5405690207213967,23.82507903104505,13.44846030877109,12.106465261920162,0.0,11.2260835617099,2.5459874948448293,12.146118722070804,16.694654348365145,13.301272818523545,7.837568876781238,5.53213909372463,-3.0337571474741356,6.0,6.0,-0.7818314824680299,0.6234898018587334,0.4574826901202872,-0.8892185267077521
2023-06-05,3.983140148219362,2,4,19,1,0,0,0,0,1,0,0,0,0,0,0,0,0,0,1,1,7.671232877369118,9.072708114446026,3.5405690207213967,21.022128556891232,13.44846030877109,1.4847582019688683,7.354789707096515,0.3045685279033213,6.761503337512161,15.86933614387915,13.849218024049913,8.418590903623231,-1.4014752370769088,-5.777227431401972,0.0,6.0,0.0,1.0,0.4421187254850124,-0.8969565388442788
2023-06-06,18.21917808273741,2,3,19,0,0,0,0,0,1,0,0,0,0,0,0,0,0,0,1,1,3.983140148219362,7.671232877369118,9.072708114446026,18.5142255010694,21.022128556891232,14.707172391467674,4.6017983135973415,10.179135933190956,6.90902704667815,13.435194942640308,14.027673877353518,9.018740738046072,-3.688092729149756,-17.03898840867187,1.0,6.0,0.7818314824680298,0.6234898018587336,0.42662392543293065,-0.904429116209887
2024-01-05,61.23694190411935,1,1,45,0,0,0,0,0,0,0,0,0,0,0,0,0,0,0,1,1,18.21917808273741,3.983140148219362,7.671232877369118,27.439409905611807,18.5142255010694,23.4110712322611,5.094328521749957,4.0569020028023495,9.957850369441944,13.393045311450026,14.278531426729927,8.995564769310748,14.236037934518048,-0.2950474183319898,4.0,1.0,-0.433883739117558,-0.9009688679024191,0.08590786393085985,0.9963030858703775
2024-01-06,60.71820190005065,1,1,79,0,0,0,1,0,0,0,0,0,0,0,0,0,0,0,0,1,61.23694190411935,18.21917808273741,3.983140148219362,23.82507903104505,27.439409905611807,7.982968982045839,9.151230523814691,5.727268351484953,27.813086711692023,18.221264168379673,16.980379331862657,18.87930651033061,43.017763821381934,33.79753199850754,5.0,1.0,-0.9749279121818236,-0.2225209339563146,0.1030334872021744,0.9946778878184431
2024-01-07,46.28227415372423,1,3,58,0,0,0,1,0,0,0,0,0,0,0,0,0,0,0,0,1,60.71820190005065,61.23694190411935,18.21917808273741,3.5405690207213967,23.82507903104505,9.662802951109988,8.851422550697036,6.736131541718536,46.72477396230246,23.49171029252333,20.747181683148717,24.128054978442062,-0.5187400040686967,36.8931228690056,6.0,1.0,-0.7818314824680299,0.6234898018587334,0.12012861995484278,0.9927583364886667
2024-01-08,62.38145416267249,1,1,53,0,0,0,0,0,0,0,0,0,0,0,0,0,0,0,0,1,46.28227415372423,60.71820190005065,61.23694190411935,9.072708114446026,3.5405690207213967,12.106465261920162,0.1522842639516605,4.906366841500663,56.07913931929806,29.597668168666594,23.362858197621165,23.711130512502464,-14.43592774632642,42.74170513300283,0.0,1.0,0.0,1.0,0.13718820325629746,0.9905449999304973
2024-01-09,47.86695051626475,1,2,49,0,0,0,0,0,0,0,0,0,0,0,0,0,0,0,0,1,62.38145416267249,46.28227415372423,60.71820190005065,7.671232877369118,9.072708114446026,13.44846030877109,0.0,11.2260835617099,56.460643405482436,37.21320331841323,26.953928833389188,24.445426042574066,16.09918000894826,53.30874604822647,1.0,1.0,0.7818314824680298,0.6234898018587336,0.15420718869405753,0.9880385331327293
2024-01-10,45.91822543559493,1,3,33,0,0,0,0,0,0,0,0,0,0,0,0,0,0,0,0,1,47.86695051626475,62.38145416267249,46.28227415372423,3.983140148219362,7.671232877369118,21.022128556891232,1.4847582019688683,7.354789707096515,52.17689294422047,42.955448695398324,29.412392419638735,21.35754339421474,-14.51450364640774,40.19571763889563,2.0,1.0,0.9749279121818236,-0.22252093395631434,0.17118053986969634,0.9852396778296737
2024-01-11,45.47089375331128,1,1,41,0,0,0,0,0,0,0,0,0,0,0,0,0,0,0,0,1,45.91822543559493,47.86695051626475,62.38145416267249,18.21917808273741,3.983140148219362,18.5142255010694,14.707172391467674,4.6017983135973415,52.0555433715107,48.946175165023405,31.190685053831857,14.301489462535098,-1.9487250806698242,41.935085287375564,3.0,1.0,0.43388373911755823,-0.900968867902419,0.18810323388925426,0.9821492622816578
2024-01-12,50.03460762788564,1,1,64,0,0,0,0,0,0,0,0,0,0,0,0,0,0,0,0,1,45.47089375331128,45.91822543559493,47.86695051626475,61.23694190411935,18.21917808273741,27.439409905611807,23.4110712322611,5.094328521749957,46.41868990172363,52.83927740367681,33.11616135756342,7.498225712417715,-0.4473316822836466,27.25171567057387,4.0,1.0,-0.433883739117558,-0.9009688679024191,0.20497026284965483,0.9787682010299187
2024-01-13,44.82843281400495,1,2,52,0,0,0,1,0,0,0,0,0,0,0,0,0,0,0,0,1,50.03460762788564,45.47089375331128,45.91822543559493,60.71820190005065,61.23694190411935,23.82507903104505,7.982968982045839,9.151230523814691,47.14124227226393,51.23894393564343,34.73010405201155,6.686678172385817,4.563713874574361,-11.202334276233707,5.0,1.0,-0.9749279121818236,-0.2225209339563146,0.2217766353206845,0.9750974946259662
2024-01-14,46.434504928486085,1,1,31,0,0,0,1,0,0,0,0,0,0,0,0,0,0,0,0,1,44.82843281400495,50.03460762788564,45.47089375331128,46.28227415372423,60.71820190005065,3.5405690207213967,9.662802951109988,8.851422550697036,46.777978065067266,48.96897692335118,36.23034360793726,5.709024491277416,-5.206174813880693,-15.889769086045703,6.0,1.0,-0.7818314824680299,0.6234898018587334,0.23851737782209795,0.9711382293354899
2024-01-15,59.578503688518666,1,2,43,0,0,0,0,0,0,0,0,0,0,0,0,0,0,0,0,1,46.434504928486085,44.82843281400495,50.03460762788564,62.38145416267249,46.28227415372423,9.072708114446026,12.106465261920162,0.1522842639516605,47.099181790125535,48.99072417688859,39.294196172777596,5.699029872496055,1.6060721144811367,0.1522307747618541,0.0,1.0,0.0,1.0,0.2551875362954114,0.9668915768169035
2024-01-16,56.99683877811383,1,3,44,0,0,0,0,0,0,0,0,0,0,0,0,0,0,0,0,1,59.578503688518666,46.434504928486085,44.82843281400495,47.86695051626475,62.38145416267249,7.671232877369118,13.44846030877109,0.0,50.280480477003216,48.5903026805809,42.901752999497056,4.766245216175364,13.14399876003258,-2.8029504741538247,1.0,1.0,0.7818314824680298,0.6234898018587336,0.27178217756994844,0.9623587937746176
2024-01-17,56.95399378351995,1,2,38,0,0,0,0,0,0,0,0,0,0,0,0,0,0,0,0,1,56.99683877811383,59.578503688518666,46.434504928486085,45.91822543559493,47.86695051626475,3.983140148219362,21.022128556891232,1.4847582019688683,54.33661579837284,49.89457243227362,46.425010563835976,5.5710787354263696,-2.5816649104048324,9.129888261849082,2.0,1.0,0.9749279121818236,-0.22252093395631434,0.28829639082270425,0.9575412215871454
2024-01-18,49.43023112686467,1,1,33,0,0,0,0,0,0,0,0,0,0,0,0,0,0,0,0,1,56.95399378351995,56.99683877811383,59.578503688518666,45.47089375331128,45.91822543559493,18.21917808273741,18.5142255010694,14.707172391467674,57.84311208338412,51.47111076769148,50.20864296635744,5.780314010864545,-0.04284499459388513,11.035768347925021,3.0,1.0,0.43388373911755823,-0.900968867902419,0.3047252890315972,0.9524402859101507
2024-01-19,42.9463020111447,1,2,33,0,0,0,0,0,0,0,0,0,0,0,0,0,0,0,0,1,49.43023112686467,56.95399378351995,56.99683877811383,50.03460762788564,45.47089375331128,61.23694190411935,27.439409905611807,23.4110712322611,54.4603545628328,52.03673039248482,52.438003898080815,5.342649383143189,-7.523762656655279,3.9593373735533888,4.0,1.0,-0.433883739117558,-0.9009688679024191,0.32106401042167637,0.9470574962545567
2024-01-20,42.05163864657743,1,2,38,0,0,0,1,0,0,0,0,0,0,0,0,0,0,0,0,1,42.9463020111447,49.43023112686467,56.95399378351995,44.82843281400495,50.03460762788564,60.71820190005065,23.82507903104505,7.982968982045839,49.77684230717642,51.02411530437898,51.1315296200112,6.2250299413340064,-6.483929115719967,-7.088305616740939,5.0,1.0,-0.9749279121818236,-0.2225209339563146,0.33730771990385844,0.9413944455398386
2024-01-21,42.50613790563447,1,2,33,0,0,0,1,0,0,0,0,0,0,0,0,0,0,0,0,1,42.05163864657743,42.9463020111447,49.43023112686467,46.434504928486085,44.82843281400495,46.28227415372423,3.5405690207213967,9.662802951109988,44.80939059486224,50.627430423317904,49.79820367333455,6.679118076756241,-0.8946633645672719,-2.776794167427518,6.0,1.0,-0.7818314824680299,0.6234898018587334,0.3534516105057668,0.9354528096226339
2024-01-22,50.06322444731229,2,4,32,1,0,0,0,0,1,0,0,0,0,0,0,0,0,0,0,1,42.50613790563447,42.05163864657743,42.9463020111447,59.578503688518666,46.434504928486085,62.38145416267249,9.072708114446026,12.106465261920162,42.50135952111885,50.0662351343391,49.52847965561385,7.155861881489998,0.45449925905703736,-3.928367022851617,0.0,1.0,0.0,1.0,0.3694909047942504,0.929234346800809
2024-01-23,52.05479452105317,2,3,27,0,0,0,0,0,1,0,0,0,0,0,0,0,0,0,0,1,50.06322444731229,42.50613790563447,42.05163864657743,56.99683877811383,59.578503688518666,47.86695051626475,7.671232877369118,13.44846030877109,44.87366699984137,48.70690952845248,48.648606104516695,6.035927058235814,7.557086541677819,-9.515279241206379,1.0,1.0,0.7818314824680298,0.6234898018587336,0.3854208562891614,0.9227408972931294
2024-01-24,36.31966323023421,1,3,42,0,0,0,0,0,0,0,0,0,0,0,0,0,0,0,0,1,52.05479452105317,50.06322444731229,42.50613790563447,56.95399378351995,56.99683877811383,45.91822543559493,3.983140148219362,21.022128556891232,48.20805229133328,48.000903206015245,48.947737819144436,5.264750714956494,1.9915700737408812,-4.942044257060665,2.0,1.0,0.9749279121818236,-0.22252093395631434,0.4012367508679725,0.9159743826946868
2024-01-25,36.46954047219816,1,2,44,0,0,0,0,0,0,0,0,0,0,0,0,0,0,0,0,1,36.31966323023421,52.05479452105317,50.06322444731229,49.43023112686467,56.95399378351995,45.47089375331128,18.21917808273741,18.5142255010694,46.14589406619987,45.053141698402996,48.26212623304724,5.20290649234921,-15.735131290818956,-20.634330553285736,3.0,1.0,0.43388373911755823,-0.900968867902419,0.4169339081608189,0.908936805408245
2024-01-26,35.52251100498848,1,2,48,0,0,0,0,0,0,0,0,0,0,0,0,0,0,0,0,1,36.46954047219816,36.31966323023421,52.05479452105317,42.9463020111447,49.43023112686467,50.03460762788564,61.23694190411935,27.439409905611807,41.61466607449517,43.201614462022064,47.619172427253446,5.6062959273256965,0.14987724196394936,-12.960690654666507,4.0,1.0,-0.433883739117558,-0.9009688679024191,0.43250768293555203,0.9016302480516722
2024-01-27,43.63636849830775,1,2,53,0,0,0,1,0,0,0,0,0,0,0,0,0,0,0,0,1,35.52251100498848,36.46954047219816,36.31966323023421,42.05163864657743,42.9463020111447,44.82843281400495,60.71820190005065,23.82507903104505,36.1039049024736,42.14107288971403,46.58259409704651,6.222586561911135,-0.9470294672096813,-7.423791006156222,5.0,1.0,-0.9749279121818236,-0.2225209339563146,0.44795346647239487,0.8940568728416358
2024-01-28,54.48893572229201,1,1,38,0,0,0,1,0,0,0,0,0,0,0,0,0,0,0,0,1,43.63636849830775,35.52251100498848,36.46954047219816,42.50613790563447,42.05163864657743,46.434504928486085,46.28227415372423,3.5405690207213967,38.54280665849811,42.36746286853265,46.49744664592528,6.2440054470440085,8.113857493319273,1.584729851730323,6.0,1.0,-0.7818314824680299,0.6234898018587334,0.4632666879277925,0.8862189209537411
2024-01-29,60.90621707101258,1,2,45,0,0,0,0,0,0,0,0,0,0,0,0,0,0,0,0,1,54.48893572229201,43.63636849830775,35.52251100498848,50.06322444731229,42.50613790563447,59.578503688518666,62.38145416267249,9.072708114446026,44.549271741862725,44.079291128055154,47.07276313119713,7.552781981370605,10.85256722398426,11.982797816657545,0.0,1.0,0.0,1.0,0.4784428156870534,0.8781187118593045
2024-01-30,62.75026343558746,1,1,48,0,0,0,0,0,0,0,0,0,0,0,0,0,0,0,0,1,60.90621707101258,54.48893572229201,43.63636849830775,52.05479452105317,50.06322444731229,56.99683877811383,47.86695051626475,7.671232877369118,53.01050709720409,45.62829007429805,47.16759980137527,9.485732174308946,6.417281348720564,10.84299262370029,1.0,1.0,0.7818314824680298,0.6234898018587336,0.4934773587053823,0.8697586426389562
2024-01-31,58.28882125359749,1,2,31,0,0,0,0,0,0,0,0,0,0,0,0,0,0,0,0,1,62.75026343558746,60.90621707101258,54.48893572229201,36.31966323023421,52.05479452105317,56.95399378351995,45.91822543559493,3.983140148219362,59.381805409630665,47.15621420494581,47.578558705480525,11.118671243302336,1.8440463645748864,10.695468914534295,2.0,1.0,0.9749279121818236,-0.22252093395631434,0.5083658678369077,0.8611411872732762
2024-02-01,55.34786817984902,1,2,20,0,0,0,0,0,0,0,0,0,0,0,0,0,0,0,0,1,58.28882125359749,62.75026343558746,60.90621707101258,36.46954047219816,36.31966323023421,49.43023112686467,45.47089375331128,18.21917808273741,60.64843392006583,50.294665351140566,47.67390352477178,10.710001500661967,-4.461442181989973,21.969158023363278,3.0,2.0,0.43388373911755823,-0.900968867902419,0.523103937151309,0.852268895910674
2024-02-02,52.04762694275692,1,2,20,0,0,0,0,0,0,0,0,0,0,0,0,0,0,0,0,1,55.34786817984902,58.28882125359749,62.75026343558746,35.52251100498848,36.46954047219816,42.9463020111447,50.03460762788564,61.23694190411935,58.795650956344645,52.991569309376395,48.09659188569923,9.152803389433245,-2.9409530737484673,18.87832770765086,4.0,2.0,-0.433883739117558,-0.9009688679024191,0.5376872052376563,0.8431443941127276
2024-02-03,42.74170513374046,1,2,22,0,0,0,1,0,0,0,0,0,0,0,0,0,0,0,0,1,52.04762694275692,55.34786817984902,58.28882125359749,43.63636849830775,35.52251100498848,42.05163864657743,44.82843281400495,60.71820190005065,55.22810545873446,55.35230015762903,48.74668652367153,5.893438814035904,-3.300241237092102,16.52511593776844,5.0,2.0,-0.9749279121818236,-0.2225209339563146,0.5521113564950746,0.8337703820772051
2024-02-04,46.27992062092629,1,2,23,0,0,0,0,0,0,0,0,0,0,0,0,0,0,0,0,1,42.74170513374046,52.04762694275692,55.34786817984902,54.48893572229201,43.63636849830775,42.50613790563447,46.434504928486085,46.28227415372423,50.04573341878211,55.224491105548,48.79597698704032,6.150238712179903,-9.30592180901646,-0.8946633645672932,6.0,2.0,-0.7818314824680299,0.6234898018587334,0.5663721224098525,0.8241496338390009
2024-02-05,47.260220482445845,1,1,22,0,0,0,0,0,0,0,0,0,0,0,0,0,0,0,0,1,46.27992062092629,42.74170513374046,52.04762694275692,60.90621707101258,54.48893572229201,50.06322444731229,59.578503688518666,62.38145416267249,47.02308423247454,54.051774662495745,49.06553289527545,6.913914602963146,3.5382154871858305,-8.209015101365722,0.0,2.0,0.0,1.0,0.5804652828186154,0.8142849964492191
2024-02-06,50.65331928397625,1,2,24,0,0,0,0,0,0,0,0,0,0,0,0,0,0,0,0,1,47.260220482445845,46.27992062092629,42.74170513374046,62.75026343558746,60.90621707101258,52.05479452105317,56.99683877811383,47.86695051626475,45.427282079037504,52.10234657841478,48.865318326356416,6.624148941813762,0.9802998615195548,-13.645996588566732,1.0,2.0,0.7818314824680298,0.6234898018587336,0.5943866671571916,0.8041793891326524
2024-02-07,53.16122233979809,2,1,15,0,0,0,0,0,1,0,0,0,0,0,0,0,0,0,0,1,50.65331928397625,47.260220482445845,46.27992062092629,58.28882125359749,62.75026343558746,36.31966323023421,56.95399378351995,45.91822543559493,48.06448679578278,50.37421169961318,48.7652129522795,4.999597698255059,3.3930988015304067,-12.096944151611211,2.0,2.0,0.9749279121818236,-0.22252093395631434,0.6081321556947994,0.7938358024238994
2024-02-08,49.54689146523133,2,3,13,0,0,0,0,0,1,0,0,0,0,0,0,0,0,0,0,1,53.16122233979809,50.65331928397625,47.260220482445845,55.34786817984902,58.28882125359749,36.46954047219816,49.43023112686467,45.47089375331128,50.35825403540671,49.64169756907041,49.96818146010549,4.076801709799213,2.507903055821835,-5.127598913799403,3.0,2.0,0.43388373911755823,-0.900968867902419,0.6216976807531925,0.7832572972823819
2024-02-09,51.68598524813819,1,3,25,0,1,0,0,1,0,0,0,0,0,0,0,0,0,0,0,1,49.54689146523133,53.16122233979809,50.65331928397625,52.04762694275692,55.34786817984902,35.52251100498848,42.9463020111447,50.03460762788564,51.12047769633521,48.81298660983931,50.90227795960785,3.3590699700856264,-3.614330874566754,-5.80097671461769,4.0,2.0,-0.433883739117558,-0.9009688679024191,0.6350792279104001,0.7724470041865203
2024-02-10,60.38988408893161,1,2,70,0,1,0,0,1,0,0,0,0,0,0,0,0,0,0,0,1,51.68598524813819,49.54689146523133,53.16122233979809,42.74170513374046,52.04762694275692,43.63636849830775,42.05163864657743,44.82843281400495,51.46469968438918,48.761323510608065,52.05681183411855,3.311365644242613,2.139093782906855,-0.36164169461873286,5.0,2.0,-0.9749279121818236,-0.2225209339563146,0.6482728371887081,0.7614081222073368
2024-02-11,53.98918444665335,1,1,64,0,0,1,0,1,0,0,0,0,0,0,0,0,0,0,0,1,60.38988408893161,51.68598524813819,49.54689146523133,46.27992062092629,42.74170513374046,54.48893572229201,42.50613790563447,46.434504928486085,53.87425360076702,51.28249193277822,53.253491519163106,4.330120111152813,8.703898840793421,17.64817895519115,6.0,2.0,-0.7818314824680299,0.6234898018587334,0.6612746042265288,0.7501439180617594
2024-02-12,58.60767144585781,1,3,33,0,0,1,0,1,0,0,0,0,0,0,0,0,0,0,0,1,53.98918444665335,60.38988408893161,51.68598524813819,47.260220482445845,46.27992062092629,60.90621707101258,50.06322444731229,59.578503688518666,55.3550179279077,52.38381533645353,53.21779499947463,3.874083360656182,-6.400699642278262,7.7092638257270565,0.0,2.0,0.0,1.0,0.6740806814338108,0.738657725145909
2024-02-13,62.08640674281767,1,2,41,0,0,1,0,1,0,0,0,0,0,0,0,0,0,0,0,1,58.60767144585781,53.98918444665335,60.38988408893161,50.65331928397625,47.260220482445845,62.75026343558746,52.05479452105317,56.99683877811383,57.662246660480896,54.004879759798094,53.053613169106434,3.7635443930140036,4.618486999204464,11.347450963411966,1.0,2.0,0.7818314824680298,0.6234898018587336,0.6866872791306503,0.7269529425486524
2024-02-14,54.73873112404237,1,2,38,0,0,1,0,1,0,0,0,0,0,0,0,0,0,0,0,1,62.08640674281767,58.60767144585781,53.98918444665335,53.16122233979809,50.65331928397625,58.28882125359749,36.31966323023421,56.95399378351995,58.22775421177625,55.638177968204005,53.006194833908594,4.384295745342785,3.4787352969598615,11.43308745884142,2.0,2.0,0.9749279121818236,-0.22252093395631434,0.6990906666687643,0.7150330340457165
2024-02-15,54.802971869054026,1,1,35,0,0,1,0,1,0,0,0,0,0,0,0,0,0,0,0,1,54.73873112404237,62.08640674281767,58.60767144585781,49.54689146523133,53.16122233979809,55.34786817984902,36.46954047219816,49.43023112686467,58.47760310423926,55.86353636595319,52.7526169675118,4.290729789187441,-7.347675618775305,1.57750878424428,3.0,2.0,0.43388373911755823,-0.900968867902419,0.7112871735354942,0.7029015270746591
2024-02-16,49.132830175734746,1,2,38,0,0,1,0,1,0,0,0,0,0,0,0,0,0,0,0,1,54.802971869054026,54.73873112404237,62.08640674281767,51.68598524813819,49.54689146523133,52.04762694275692,35.52251100498848,42.9463020111447,57.20936991197133,56.61440499507072,52.713695802455014,3.5081680858423616,0.06424074501165933,5.256080403822693,4.0,2.0,-0.433883739117558,-0.9009688679024191,0.723273190440015,0.6905620116910007
2024-02-17,44.84988205513536,1,3,27,0,1,0,0,1,0,0,0,0,0,0,0,0,0,0,0,1,49.132830175734746,54.802971869054026,54.73873112404237,60.38988408893161,51.68598524813819,42.74170513374046,43.63636849830775,42.05163864657743,52.89151105627703,56.24966855615594,52.50549603338201,4.086635275346116,-5.67014169331928,-2.5531550724034417,5.0,2.0,-0.9749279121818236,-0.2225209339563146,0.7350451703814259,0.6780181395058251
2024-02-18,50.44150133908598,1,3,26,0,0,0,0,0,0,0,0,0,0,0,0,0,0,0,0,1,44.84988205513536,49.132830175734746,54.802971869054026,53.98918444665335,60.38988408893161,46.27992062092629,54.48893572229201,42.50613790563447,49.595228033308025,54.02966826561362,52.656080099195925,5.280950316222644,-4.282948120599386,-15.540002033796249,6.0,2.0,-0.7818314824680299,0.6234898018587334,0.7465996296984081,0.6652736226051653
2024-02-19,52.135670461696925,1,3,25,0,0,0,0,0,0,0,0,0,0,0,0,0,0,0,0,1,50.44150133908598,44.84988205513536,49.132830175734746,58.60767144585781,53.98918444665335,47.260220482445845,60.90621707101258,50.06322444731229,48.14140452331867,53.52285639310399,52.95333586477876,5.428685038506068,5.591619283950621,-3.547683107567366,0.0,2.0,0.0,1.0,0.7579331491001386,0.6523322324514917
2024-02-20,46.21091932112896,1,3,21,0,0,0,0,0,0,0,0,0,0,0,0,0,0,0,0,1,52.135670461696925,50.44150133908598,44.84988205513536,62.08640674281767,58.60767144585781,50.65331928397625,62.75026343558746,52.05479452105317,49.14235128530607,52.59828482393815,53.30158229186812,5.019667907528664,1.694169122610944,-6.472000984160886,1.0,2.0,0.7818314824680298,0.6234898018587336,0.769042374678155,0.6391977987676305
2024-02-21,39.07024760174565,1,3,23,9,0,0,0,0,0,0,0,0,0,0,0,0,0,0,0,1,46.21091932112896,52.135670461696925,50.44150133908598,54.73873112404237,62.08640674281767,53.16122233979809,58.28882125359749,36.31966323023421,49.5960303739706,50.330358049411196,52.9842680088076,3.6085018428657256,-5.924751140567963,-15.87548742168871,2.0,2.0,0.9749279121818236,-0.22252093395631434,0.7799240188988715,0.62587420840344
2024-02-22,47.712312719515154,1,2,25,9,0,0,0,0,0,0,0,0,0,0,0,0,0,0,0,1,39.07024760174565,46.21091932112896,52.135670461696925,54.802971869054026,54.73873112404237,49.54689146523133,55.34786817984902,36.46954047219816,45.80561246152382,48.09200326051167,51.97776981323243,4.831942937389659,-7.140671719383313,-15.668483522296718,3.0,2.0,0.43388373911755823,-0.900968867902419,0.7905748615764533,0.6123654041855825
2024-02-23,41.09514155898623,1,1,38,0,0,0,0,0,0,0,0,0,0,0,0,0,0,0,0,1,47.712312719515154,39.07024760174565,46.21091932112896,49.132830175734746,54.802971869054026,51.68598524813819,52.04762694275692,35.52251100498848,44.33115988079658,47.07905195343468,51.8467284742527,3.9885242641474172,8.642065117769505,-7.090659149538872,4.0,2.0,-0.433883739117558,-0.9009688679024191,0.8009917508257599,0.5986753837507299
2024-02-24,46.07767727631998,1,2,32,0,0,0,1,0,0,0,0,0,0,0,0,0,0,0,0,1,41.09514155898623,47.712312719515154,39.07024760174565,44.84988205513536,49.132830175734746,60.38988408893161,42.74170513374046,43.63636849830775,42.625900626748994,45.93081072247061,51.090239639313275,4.370653004346863,-6.617171160528926,-8.037688616748518,5.0,2.0,-0.9749279121818236,-0.2225209339563146,0.8111716039950779,0.5848081983625508
2024-02-25,51.09589041147423,1,2,26,0,0,0,1,0,0,0,0,0,0,0,0,0,0,0,0,1,46.07767727631998,41.09514155898623,47.712312719515154,50.44150133908598,44.84988205513536,53.98918444665335,46.27992062092629,54.48893572229201,44.96171051827377,46.106210039782695,50.06793915269816,4.348334038095528,4.982535717333754,1.2277952211846213,6.0,2.0,-0.7818314824680299,0.6234898018587334,0.8211114085783636,0.5707679517128266
2024-02-26,52.57112750313413,1,2,41,0,0,0,0,0,0,0,0,0,0,0,0,0,0,0,0,1,51.09589041147423,46.07767727631998,41.09514155898623,52.135670461696925,50.44150133908598,58.60767144585781,47.260220482445845,60.90621707101258,46.0895697489268,46.19969419298103,49.86127529304251,4.4464600189614005,5.018213135154248,0.6543890723882484,0.0,2.0,0.0,1.0,0.8308082231067296,0.5565587987070535
2024-02-27,50.50579557481028,1,1,33,0,0,0,0,0,0,0,0,0,0,0,0,0,0,0,0,1,52.57112750313413,51.09589041147423,46.07767727631998,46.21091932112896,52.135670461696925,62.08640674281767,50.65331928397625,62.75026343558746,49.91489839697609,46.26190234175777,49.43009358284796,4.531308642388706,1.4752370916598991,0.43545704143720343,1.0,2.0,0.7818314824680298,0.6234898018587336,0.8402591780189079,0.5421849442348885
2024-02-28,44.628596491386375,1,2,42,0,0,0,0,0,0,0,0,0,0,0,0,0,0,0,0,1,50.50579557481028,52.57112750313413,51.09589041147423,39.07024760174565,46.21091932112896,54.73873112404237,53.16122233979809,58.28882125359749,51.3909378298062,46.87545609228367,48.60290707084743,4.767482102142907,-2.0653319283238503,4.294876253681316,2.0,2.0,0.9749279121818236,-0.22252093395631434,0.849461476510434,0.5276506419258042
2024-02-29,50.73419522462002,1,2,56,0,0,0,0,0,0,0,0,0,0,0,0,0,0,0,0,1,44.628596491386375,50.50579557481028,52.57112750313413,47.712312719515154,39.07024760174565,54.802971869054026,49.54689146523133,55.34786817984902,49.2351731897769,47.66950593366091,47.88075459708629,3.7571967436034046,-5.877199083423903,5.558348889640726,3.0,2.0,0.43388373911755823,-0.900968867902419,0.8584123953613012,0.5129601928903189
2024-03-01,43.97902146449642,1,3,21,0,0,0,0,0,0,0,0,0,0,0,0,0,0,0,0,1,50.73419522462002,44.628596491386375,50.50579557481028,41.09514155898623,47.712312719515154,49.132830175734746,51.68598524813819,52.04762694275692,48.6228624302722,48.10120343439018,47.59012769391243,3.90789750734258,6.105598733233641,3.0218825051048626,4.0,3.0,-0.433883739117558,-0.9009688679024191,0.8671092857418372,0.498117944447177
2024-03-02,45.33053762091869,1,2,28,0,0,0,1,0,0,0,0,0,0,0,0,0,0,0,0,1,43.97902146449642,50.73419522462002,44.628596491386375,46.07767727631998,41.09514155898623,44.84988205513536,60.38988408893161,42.74170513374046,46.44727106016759,48.51318627803449,47.221998500252546,3.2430367744266975,-6.755173760123597,2.8838799055101916,5.0,3.0,-0.9749279121818236,-0.2225209339563146,0.8755495739965682,0.48312828883685527
2024-03-03,57.88198103158694,1,2,38,0,0,0,1,0,0,0,0,0,0,0,0,0,0,0,0,1,45.33053762091869,43.97902146449642,50.73419522462002,51.09589041147423,46.07767727631998,50.44150133908598,53.98918444665335,46.27992062092629,46.68125143667836,48.4064520415486,47.25633104066564,3.3324983257637766,1.3515161564222709,-0.7471396554012912,6.0,3.0,-0.7818314824680299,0.6234898018587334,0.8837307624058365,0.4679956619217736
2024-03-04,47.06273769262521,1,3,35,0,0,0,0,0,0,0,0,0,0,0,0,0,0,0,0,1,57.88198103158694,45.33053762091869,43.97902146449642,52.57112750313413,51.09589041147423,52.135670461696925,58.60767144585781,47.260220482445845,49.06384670566734,49.375893558707546,47.78779387584428,4.686038054653354,12.551443410668249,6.786090620112709,0.0,3.0,0.0,1.0,0.8916504299249455,0.4527245418735987
2024-03-05,47.66235363886052,2,2,29,0,0,0,0,0,1,0,0,0,0,0,0,0,0,0,0,1,47.06273769262521,57.88198103158694,45.33053762091869,50.50579557481028,52.57112750313413,46.21091932112896,62.08640674281767,50.65331928397625,50.0917521150436,48.588980728634844,47.4254415351963,4.54374320253154,-10.819243338961726,-5.508389810508916,1.0,3.0,0.7818314824680298,0.6234898018587336,0.8993062329006161,0.4373194478480267
2024-03-06,44.31686038670964,2,3,44,0,0,0,0,0,1,0,0,0,0,0,0,0,0,0,0,0,47.66235363886052,47.06273769262521,57.88198103158694,44.628596491386375,50.50579557481028,39.07024760174565,54.73873112404237,53.16122233979809,50.86902412102421,48.18277473778488,47.52911541503427,4.480890400894989,0.5996159462353106,-2.8434419359497554,2.0,3.0,0.9749279121818236,-0.22252093395631434,0.9066959057645391,0.42178493864743694
2024-03-07,47.46011029425421,1,2,38,0,0,0,0,0,0,0,0,0,0,0,0,0,0,0,0,0,44.31686038670964,47.66235363886052,47.06273769262521,50.73419522462002,44.628596491386375,47.712312719515154,54.802971869054026,49.54689146523133,46.34731723939844,48.13824100854534,47.903873471103125,4.51739304538149,-3.345493252150881,-0.31173610467673285,3.0,3.0,0.43388373911755823,-0.900968867902419,0.9138172617038212,0.4061256113718145
2024-03-08,37.05487475407645,1,2,35,0,0,0,0,0,0,0,0,0,0,0,0,0,0,0,0,0,47.46011029425421,44.31686038670964,47.66235363886052,43.97902146449642,50.73419522462002,41.09514155898623,49.132830175734746,51.68598524813819,46.47977477327478,47.67051458992166,47.885859012155926,4.392158376668705,3.143249907544565,-3.2740849303658095,4.0,3.0,-0.433883739117558,-0.9009688679024191,0.9206681933081248,0.3903461000583373
2024-03-09,54.94814204542209,2,2,55,0,0,0,1,0,1,0,0,0,0,0,0,0,0,0,0,0,37.05487475407645,47.46011029425421,44.31686038670964,45.33053762091869,43.97902146449642,46.07767727631998,44.84988205513536,60.38988408893161,42.94394847834675,46.68135077414738,47.597268526090936,5.697781005274288,-10.405235540177756,-6.9241467104199685,5.0,3.0,-0.9749279121818236,-0.2225209339563146,0.92724667319331,0.3744510743100344
2024-03-10,50.18213133705163,2,3,26,0,0,0,1,0,1,0,0,0,0,0,0,0,0,0,0,0,54.94814204542209,37.05487475407645,47.46011029425421,57.88198103158694,45.33053762091869,51.09589041147423,50.44150133908598,53.98918444665335,46.487709031250894,48.05529426336215,48.23087315245537,6.330809646431459,17.893267291345637,9.617604424503398,6.0,3.0,-0.7818314824680299,0.6234898018587334,0.9335507546013952,0.3584452379139183
2024-03-11,41.71850678996008,2,2,31,0,0,0,0,0,1,0,0,0,0,0,0,0,0,0,0,0,50.18213133705163,54.94814204542209,37.05487475407645,47.06273769262521,57.88198103158694,52.57112750313413,52.135670461696925,58.60767144585781,47.39504937885004,46.955315735571396,48.16560464713947,5.071545963531099,-4.766010708370459,-7.69984969453531,0.0,3.0,0.0,1.0,0.9395785719766574,0.34233332744900147
2024-03-12,38.14937444126228,1,2,27,0,0,0,0,0,0,0,0,0,0,0,0,0,0,0,0,0,41.71850678996008,50.18213133705163,54.94814204542209,47.66235363886052,47.06273769262521,50.50579557481028,46.21091932112896,62.08640674281767,48.94959339081125,46.19185417804781,47.39041745334133,5.390157204555148,-8.463624547091548,-5.344230902665132,1.0,3.0,0.7818314824680298,0.6234898018587336,0.9453283415177025,0.3261201108846096
2024-03-13,39.96967152109862,1,3,57,0,0,0,0,0,0,0,0,0,0,0,0,0,0,0,0,0,38.14937444126228,41.71850678996008,50.18213133705163,44.31686038670964,47.66235363886052,44.628596491386375,39.07024760174565,54.73873112404237,43.350004189424645,44.832857149819475,46.507815943802186,6.011507583934907,-3.5691323486977993,-9.512979197598241,2.0,3.0,0.9749279121818236,-0.22252093395631434,0.9507983617053434,0.30981038616940365
2024-03-14,44.083700180591386,1,3,62,0,0,0,0,0,0,0,0,0,0,0,0,0,0,0,0,0,39.96967152109862,38.14937444126228,41.71850678996008,47.46011029425421,44.31686038670964,50.73419522462002,47.712312719515154,54.802971869054026,39.94585091744031,44.21183016901791,46.175035588781626,6.252452824356467,1.8202970798363367,-4.347188865611024,3.0,3.0,0.43388373911755823,-0.900968867902419,0.9559870138061269,0.29340897981153197
2024-03-15,32.552994602526,1,3,66,0,0,0,0,0,0,0,0,0,0,0,0,0,0,0,0,0,44.083700180591386,39.96967152109862,38.14937444126228,37.05487475407645,47.46011029425421,43.97902146449642,41.09514155898623,49.132830175734746,40.73424871431741,43.72948586706608,45.70000022849387,6.111916528835572,4.114028659492767,-3.3764101136628213,4.0,3.0,-0.433883739117558,-0.9009688679024191,0.9608927623513632,0.27692074545033024
2024-03-16,47.46246382705215,1,2,51,0,0,0,1,0,0,0,0,0,0,0,0,0,0,0,0,0,32.552994602526,44.083700180591386,39.96967152109862,54.94814204542209,37.05487475407645,45.33053762091869,46.07767727631998,44.84988205513536,38.86878876807199,43.08636013113029,44.88385545263884,6.958621723951117,-11.530705578065387,-4.501880151550452,5.0,3.0,-0.9749279121818236,-0.2225209339563146,0.9655141555915137,0.2603505624199925
2024-03-17,43.914727230294986,1,2,37,0,0,0,1,0,0,0,0,0,0,0,0,0,0,0,0,0,47.46246382705215,32.552994602526,44.083700180591386,50.18213133705163,54.94814204542209,57.88198103158694,51.09589041147423,50.44150133908598,41.36638620338982,42.01697752850602,45.03613589593409,5.469398940586036,14.909469224526148,-7.485678218369941,6.0,3.0,-0.7818314824680299,0.6234898018587334,0.969849825925805,0.24370333430563806
2024-03-18,41.60195343149584,1,3,37,0,0,0,0,0,0,0,0,0,0,0,0,0,0,0,0,0,43.914727230294986,47.46246382705215,32.552994602526,41.71850678996008,50.18213133705163,47.06273769262521,52.57112750313413,52.135670461696925,41.31006188662436,41.12163408468364,44.03847491012751,4.48362913331298,-3.5477365967571615,-6.2674041067566435,0.0,3.0,0.0,1.0,0.9738984903069413,0.22698398749220305
2024-03-19,47.79559568366949,2,3,29,0,0,0,0,0,1,0,0,0,0,0,0,0,0,0,0,0,41.60195343149584,43.914727230294986,47.46246382705215,38.14937444126228,41.71850678996008,47.66235363886052,50.50579557481028,46.21091932112896,44.32638149628098,41.10498360490304,43.64841889147542,4.481597617159851,-2.3127737987991424,-0.11655335846423753,1.0,3.0,0.7818314824680298,0.6234898018587336,0.977658950620793,0.21019746970658276
2024-03-20,39.83878300908757,1,2,53,0,0,0,0,0,0,0,0,0,0,0,0,0,0,0,0,0,47.79559568366949,41.60195343149584,43.914727230294986,39.96967152109862,38.14937444126228,44.31686038670964,44.628596491386375,39.07024760174565,44.437425448486756,42.483015210961206,43.657936180390344,4.830393168324901,6.193642252173646,9.646221242407208,2.0,3.0,0.9749279121818236,-0.22252093395631434,0.9811300940409537,0.19334874855346035
2024-03-21,36.35293362454411,1,3,50,0,0,0,0,0,0,0,0,0,0,0,0,0,0,0,0,0,39.83878300908757,47.79559568366949,41.60195343149584,44.083700180591386,39.96967152109862,47.46011029425421,50.73419522462002,47.712312719515154,43.07877737475095,42.46431685210249,43.3380735105602,4.840329197155978,-7.9568126745819185,-0.13088851201104745,3.0,3.0,0.43388373911755823,-0.900968867902419,0.9843108933580564,0.17644281004525206
2024-03-22,32.0342545984573,1,3,52,0,0,0,0,0,0,0,0,0,0,0,0,0,0,0,0,0,36.35293362454411,39.83878300908757,47.79559568366949,32.552994602526,44.083700180591386,37.05487475407645,43.97902146449642,41.09514155898623,41.32910410576704,41.35992162981002,42.544703748438046,5.212488959881744,-3.4858493845434637,-7.7307665560472785,4.0,3.0,-0.433883739117558,-0.9009688679024191,0.9872004072837537,0.15948465712660548
2024-03-23,35.056137103562165,1,3,41,0,0,0,1,0,0,0,0,0,0,0,0,0,0,0,0,0,32.0342545984573,36.35293362454411,39.83878300908757,47.46246382705215,32.552994602526,54.94814204542209,45.33053762091869,46.07767727631998,36.07532374402964,41.285815914943065,42.18608802303668,5.3393144077700425,-4.318679026086805,-0.5187400040686967,5.0,3.0,-0.9749279121818236,-0.2225209339563146,0.9897977807292717,0.14247930819388652
2024-03-24,43.6125657243794,1,3,30,0,0,0,1,0,0,0,0,0,0,0,0,0,0,0,0,0,35.056137103562165,32.0342545984573,36.35293362454411,43.914727230294986,47.46246382705215,50.18213133705163,57.88198103158694,51.09589041147423,34.48110844218784,39.51348352587307,40.765230527189544,5.045899783792342,3.0218825051048626,-12.406326723489983,6.0,3.0,-0.7818314824680299,0.6234898018587334,0.9921022450584553,0.1254317956100953
2024-03-25,34.82533043024184,1,3,27,0,0,0,0,0,0,0,0,0,0,0,0,0,0,0,0,0,43.6125657243794,35.056137103562165,32.0342545984573,41.60195343149584,43.914727230294986,41.71850678996008,47.06273769262521,52.57112750313413,36.900985808799604,39.47031759645655,40.2959758405701,5.009223179562882,8.556428620817236,-0.3021615059155849,0.0,3.0,0.0,1.0,0.9941131183152286,0.10834716421564623
2024-03-26,33.219204826570895,1,1,64,0,0,0,0,0,0,0,0,0,0,0,0,0,0,0,0,0,34.82533043024184,43.6125657243794,35.056137103562165,47.79559568366949,41.60195343149584,38.14937444126228,47.66235363886052,50.50579557481028,37.83134441939445,38.50222859627741,39.80360610059023,5.1563813210137015,-8.78723529413756,-6.776623001254002,1.0,3.0,0.7818314824680298,0.6234898018587336,0.9958298054254058,0.09123046983545845
2024-03-27,30.482902119416465,1,3,34,0,0,0,0,0,0,0,0,0,0,0,0,0,0,0,0,0,33.219204826570895,34.82533043024184,43.6125657243794,39.83878300908757,47.79559568366949,39.96967152109862,44.31686038670964,44.628596491386375,37.219033660397365,36.41988704526333,39.45145112811226,3.728433648111693,-1.6061256036709466,-14.576390857098595,2.0,3.0,0.9749279121818236,-0.22252093395631434,0.9972517983727895,0.07408677778279397
2024-03-28,35.5439067569291,1,1,37,0,0,0,0,0,0,0,0,0,0,0,0,0,0,0,0,0,30.482902119416465,33.219204826570895,34.82533043024184,36.35293362454411,39.83878300908757,44.083700180591386,47.46011029425421,50.73419522462002,32.84247912540972,35.08333263245317,38.77382474227783,3.9345142881948427,-2.7363027071544295,-9.355880889671106,3.0,3.0,0.43388373911755823,-0.900968867902419,0.9983786763495082,0.05692116136028858
2024-03-30,30.0070071084188,1,3,34,0,0,0,1,0,0,0,0,0,0,0,0,0,0,0,0,0,35.5439067569291,30.482902119416465,33.219204826570895,32.0342545984573,36.35293362454411,32.552994602526,37.05487475407645,43.97902146449642,33.0820045676388,34.967757365651025,38.16383949773052,3.907311043544059,5.061004637512632,-0.8090268676150103,5.0,3.0,-0.9749279121818236,-0.2225209339563146,0.9997458409224182,0.022544479553245424
2024-03-31,31.25384454874612,1,4,25,1,0,0,1,0,0,0,0,0,0,0,0,0,0,0,0,0,30.0070071084188,35.5439067569291,30.482902119416465,35.056137103562165,32.0342545984573,47.46246382705215,54.94814204542209,45.33053762091869,32.01127199492144,34.67815058135981,37.98198324815144,4.179645527347879,-5.536899648510296,-2.0272474900385014,6.0,3.0,-0.7818314824680299,0.6234898018587334,0.9999857229360024,0.00534358719969123
2024-04-01,25.62649435930806,1,4,45,1,0,0,0,0,0,0,0,0,0,0,0,0,0,0,0,0,31.25384454874612,30.0070071084188,35.5439067569291,43.6125657243794,35.056137103562165,43.914727230294986,50.18213133705163,57.88198103158694,32.26825280469799,34.134965930671804,36.82422472827243,4.339251222121514,1.2468374403273188,-3.802292554816045,0.0,4.0,0.0,1.0,0.9999296809334339,-0.01185888647222434
2024-04-02,22.38808684523989,1,4,45,1,0,0,0,0,0,0,0,0,0,0,0,0,0,0,0,0,25.62649435930806,31.25384454874612,30.0070071084188,34.82533043024184,43.6125657243794,41.60195343149584,41.71850678996008,47.06273769262521,28.962448672157638,31.56552716423304,35.51792238034479,3.1204118269973793,-5.627350189438058,-17.98607136507134,1.0,4.0,0.7818314824680298,0.6234898018587336,0.9995777314991241,-0.029057850764724318
